housing_id,student_id,residence_hall,room_number,move_in_date,move_out_date,housing_status
H000001,S001939,Founders Hall,290,2023-09-26,2023-12-06,Moved Out
H000002,S007647,Founders Hall,224,2025-11-20,,Active
H000003,S007430,Maple Ridge Hall,285,2025-10-08,,Active
H000004,S004557,Sunrise Commons,228,2025-12-28,2026-05-29,Moved Out
H000005,S004022,Sunrise Commons,283,2025-05-04,,Active
H000006,S009670,Maple Ridge Hall,476,2024-11-30,,Active
H000007,S008985,Riverbend Hall,144,2026-04-02,2026-08-20,Moved Out
H000008,S007553,Lakeside Terrace,179,2026-01-02,,Active
H000009,S003009,Birchwood Hall,289,2023-10-10,,Active
H000010,S005887,Cedar Crest Hall,434,2026-01-18,,Active
H000011,S001988,Birchwood Hall,282,2024-04-28,,Active
H000012,S007361,Northgate Hall,153,2023-10-16,,Active
H000013,S005571,Meadowbrook Hall,192,2024-09-05,2025-05-05,Moved Out
H000014,S004299,Highland Hall,251,2024-01-16,,Active
H000015,S007937,Founders Hall,394,2026-04-26,,Active
H000016,S001788,Summit House,223,2025-03-29,,Active
H000017,S000486,Northgate Hall,422,2026-07-25,,Active
H000018,S009341,Harborview Hall,546,2023-10-24,2024-04-22,Moved Out
H000019,S003775,Birchwood Hall,369,2024-09-09,,Active
H000020,S005810,Cedar Crest Hall,200,2024-09-18,,Active
H000021,S000832,Highland Hall,470,2024-12-06,2025-07-22,Moved Out
H000022,S003573,Aspen Court,177,2026-07-10,,Active
H000023,S000451,Meadowbrook Hall,477,2025-05-06,2025-11-24,Moved Out
H000024,S006874,Sunrise Commons,354,2025-03-23,,Active
H000025,S004070,Maple Ridge Hall,139,2024-07-11,2025-05-03,Moved Out
H000026,S005096,Cedar Crest Hall,294,2023-10-02,,Active
H000027,S001635,Northgate Hall,430,2024-07-05,,Active
H000028,S000426,Founders Hall,598,2026-04-30,2026-08-20,Moved Out
H000029,S001673,Lakeside Terrace,533,2024-07-07,,Active
H000030,S009535,Riverbend Hall,387,2025-06-13,,Active
H000031,S000144,Cedar Crest Hall,333,2025-11-28,2026-02-20,Moved Out
H000032,S007274,Willow Creek Hall,103,2026-12-14,,Active
H000033,S002789,Northgate Hall,566,2025-02-05,,Active
H000034,S001772,Maple Ridge Hall,265,2026-03-30,,Active
H000035,S004288,Sunrise Commons,521,2025-12-15,,Active
H000036,S005323,Highland Hall,565,2024-06-23,,Active
H000037,S000352,Summit House,165,2025-11-01,2026-05-03,Moved Out
H000038,S007233,Founders Hall,523,2026-05-17,2026-08-10,Moved Out
H000039,S006586,Riverbend Hall,584,2026-04-11,2026-08-20,Moved Out
H000040,S003438,Maple Ridge Hall,180,2026-08-01,,Active
H000041,S001392,Highland Hall,376,2025-10-27,,Active
H000042,S001317,Aspen Court,426,2024-01-14,2024-07-04,Moved Out
H000043,S005265,Riverbend Hall,508,2026-01-06,,Active
H000044,S008378,Birchwood Hall,479,2024-02-07,2024-05-02,Moved Out
H000045,S003672,Founders Hall,492,2024-04-18,,Active
H000046,S003869,Bellview Hall,216,2025-01-20,,Active
H000047,S002839,Maple Ridge Hall,422,2024-02-16,,Active
H000048,S001595,Maple Ridge Hall,150,2024-08-01,,Active
H000049,S007038,Founders Hall,305,2025-01-06,2025-10-20,Moved Out
H000050,S005181,Cedar Crest Hall,551,2025-09-16,2025-12-23,Moved Out
H000051,S007231,Highland Hall,307,2025-10-28,2026-08-09,Moved Out
H000052,S004187,Sunrise Commons,556,2025-12-05,2026-03-20,Moved Out
H000053,S002305,Harborview Hall,552,2026-04-14,,Active
H000054,S006355,Birchwood Hall,544,2024-07-05,,Active
H000055,S005123,Cedar Crest Hall,518,2024-12-09,,Active
H000056,S008899,Aspen Court,288,2026-02-28,,Active
H000057,S008060,Maple Ridge Hall,581,2025-10-04,,Active
H000058,S004515,Northgate Hall,347,2025-01-15,,Active
H000059,S002089,Northgate Hall,461,2026-05-14,2026-08-20,Moved Out
H000060,S004508,Meadowbrook Hall,593,2025-07-30,,Active
H000061,S009797,Bellview Hall,386,2025-06-26,,Active
H000062,S005898,Birchwood Hall,535,2025-03-06,,Active
H000063,S001020,Sunrise Commons,277,2026-08-13,,Active
H000064,S005001,Riverbend Hall,230,2024-12-03,,Active
H000065,S001634,Maple Ridge Hall,471,2025-10-23,,Active
H000066,S005875,Cedar Crest Hall,451,2024-06-16,2025-01-27,Moved Out
H000067,S008572,Sunrise Commons,502,2024-08-15,,Active
H000068,S005748,Riverbend Hall,432,2025-07-22,2025-10-24,Moved Out
H000069,S008318,Riverbend Hall,175,2024-11-11,2025-01-24,Moved Out
H000070,S009698,Aspen Court,164,2024-08-23,2024-12-26,Moved Out
H000071,S002479,Riverbend Hall,547,2023-12-07,2024-02-10,Moved Out
H000072,S004165,Meadowbrook Hall,193,2024-06-29,2025-02-22,Moved Out
H000073,S002709,Highland Hall,237,2025-01-20,,Active
H000074,S009432,Founders Hall,146,2023-08-24,,Active
H000075,S004508,Summit House,297,2025-12-10,2026-03-07,Moved Out
H000076,S008503,Highland Hall,180,2026-07-13,,Active
H000077,S007379,Cedar Crest Hall,253,2024-07-11,,Active
H000078,S006272,Sunrise Commons,412,2023-10-29,,Active
H000079,S002351,Bellview Hall,454,2024-11-29,2025-06-11,Moved Out
H000080,S007095,Maple Ridge Hall,321,2026-06-21,,Active
H000081,S009042,Summit House,165,2026-07-22,,Active
H000082,S009685,Maple Ridge Hall,577,2025-02-15,2025-09-01,Moved Out
H000083,S008617,Northgate Hall,121,2026-04-26,,Active
H000084,S005410,Willow Creek Hall,524,2024-04-02,2024-06-08,Moved Out
H000085,S006064,Summit House,276,2026-02-16,2026-08-15,Moved Out
H000086,S005643,Summit House,297,2024-02-07,,Active
H000087,S005494,Founders Hall,265,2024-07-22,2024-12-11,Moved Out
H000088,S001517,Meadowbrook Hall,187,2023-11-02,2024-01-16,Moved Out
H000089,S001999,Bellview Hall,552,2023-10-31,,Active
H000090,S003665,Aspen Court,482,2025-02-03,,Active
H000091,S005226,Maple Ridge Hall,361,2024-04-10,2024-12-26,Moved Out
H000092,S005730,Sunrise Commons,231,2025-09-12,,Active
H000093,S007704,Meadowbrook Hall,148,2024-10-25,,Active
H000094,S001784,Founders Hall,503,2026-03-28,2026-08-20,Moved Out
H000095,S006301,Harborview Hall,274,2025-03-19,2026-01-05,Moved Out
H000096,S007644,Aspen Court,426,2026-04-02,,Active
H000097,S000589,Highland Hall,101,2023-09-28,2024-06-04,Moved Out
H000098,S001971,Lakeside Terrace,538,2025-03-17,2025-06-08,Moved Out
H000099,S004467,Sunrise Commons,187,2024-04-18,,Active
H000100,S008620,Bellview Hall,227,2024-09-03,2025-06-07,Moved Out
H000101,S000487,Bellview Hall,455,2024-01-27,2024-07-20,Moved Out
H000102,S005585,Highland Hall,153,2025-09-06,,Active
H000103,S003174,Bellview Hall,467,2025-01-15,,Active
H000104,S003210,Willow Creek Hall,345,2026-03-25,2026-08-13,Moved Out
H000105,S009778,Birchwood Hall,502,2025-03-27,,Active
H000106,S006250,Highland Hall,175,2025-06-17,2026-01-20,Moved Out
H000107,S000340,Sunrise Commons,487,2024-11-19,,Active
H000108,S003373,Cedar Crest Hall,364,2025-09-11,,Active
H000109,S008035,Sunrise Commons,253,2025-08-07,,Active
H000110,S002095,Highland Hall,152,2026-07-27,,Active
H000111,S002071,Willow Creek Hall,276,2025-02-17,2025-09-06,Moved Out
H000112,S002219,Birchwood Hall,507,2026-01-12,,Active
H000113,S002091,Bellview Hall,384,2024-03-01,2024-07-04,Moved Out
H000114,S001246,Maple Ridge Hall,586,2024-09-21,,Active
H000115,S007445,Founders Hall,599,2025-02-26,2025-12-09,Moved Out
H000116,S005402,Birchwood Hall,253,2026-04-06,,Active
H000117,S000437,Meadowbrook Hall,200,2024-03-03,,Active
H000118,S008041,Birchwood Hall,263,2026-03-03,,Active
H000119,S008205,Lakeside Terrace,594,2023-08-05,2023-12-18,Moved Out
H000120,S004983,Highland Hall,344,2023-08-28,2024-04-07,Moved Out
H000121,S000838,Sunrise Commons,115,2024-05-19,,Active
H000122,S002585,Aspen Court,316,2024-04-05,,Active
H000123,S001092,Maple Ridge Hall,572,2025-02-13,,Pending Assignment
H000124,S008405,Bellview Hall,310,2026-02-23,,Active
H000125,S000969,Lakeside Terrace,499,2024-06-15,,Active
H000126,S003544,Meadowbrook Hall,476,2023-11-17,,Active
H000127,S006350,Bellview Hall,266,2025-09-13,,Active
H000128,S002078,Harborview Hall,521,2023-08-03,2024-05-08,Moved Out
H000129,S000595,Highland Hall,216,2026-02-10,,Active
H000130,S001829,Highland Hall,480,2023-11-25,,Pending Assignment
H000131,S006736,Maple Ridge Hall,577,2025-08-25,,Pending Assignment
H000132,S005951,Northgate Hall,224,2025-12-21,,Active
H000133,S001551,Riverbend Hall,158,2025-02-27,,Active
H000134,S002570,Meadowbrook Hall,505,2023-10-22,,Active
H000135,S004701,Riverbend Hall,126,2023-12-13,,Active
H000136,S002915,Cedar Crest Hall,230,2025-08-11,,Active
H000137,S004985,Cedar Crest Hall,400,2023-08-20,2023-12-07,Moved Out
H000138,S000462,Maple Ridge Hall,528,2025-10-30,,Active
H000139,S000558,Birchwood Hall,421,2023-11-04,,Active
H000140,S001875,Founders Hall,170,2024-03-07,2024-05-10,Moved Out
H000141,S004472,Cedar Crest Hall,576,2023-12-13,,Active
H000142,S002189,Highland Hall,313,2025-03-01,2025-09-30,Moved Out
H000143,S008484,Northgate Hall,500,2023-09-19,,Active
H000144,S001060,Summit House,257,2024-06-04,2024-11-28,Moved Out
H000145,S007849,Harborview Hall,377,2024-11-08,,Active
H000146,S004943,Bellview Hall,562,2024-10-22,,Active
H000147,S008500,Bellview Hall,229,2025-07-13,,Active
H000148,S002676,Maple Ridge Hall,130,2025-02-05,,Pending Assignment
H000149,S005836,Summit House,580,2024-11-22,,Active
H000150,S004783,Highland Hall,580,2023-08-18,2023-12-02,Moved Out
H000151,S001774,Harborview Hall,410,2025-08-28,,Active
H000152,S001908,Northgate Hall,249,2024-06-29,,Active
H000153,S004098,Sunrise Commons,204,2024-01-21,,Active
H000154,S006602,Sunrise Commons,460,2025-09-22,,Active
H000155,S003698,Willow Creek Hall,277,2023-10-10,,Active
H000156,S003330,Harborview Hall,248,2025-05-14,,Active
H000157,S007448,Northgate Hall,225,2025-08-10,2025-12-14,Moved Out
H000158,S001187,Willow Creek Hall,230,2025-08-10,,Active
H000159,S009769,Harborview Hall,131,2025-11-12,,Active
H000160,S008582,Founders Hall,183,2023-08-28,,Active
H000161,S001245,Northgate Hall,127,2026-06-26,,Active
H000162,S006710,Lakeside Terrace,261,2024-08-28,,Active
H000163,S005089,Summit House,453,2024-07-05,2025-02-16,Moved Out
H000164,S007602,Lakeside Terrace,109,2024-07-04,,Active
H000165,S007024,Bellview Hall,333,2024-08-07,,Active
H000166,S001631,Highland Hall,293,2024-09-18,2025-02-10,Moved Out
H000167,S000562,Sunrise Commons,586,2026-02-15,,Active
H000168,S004988,Summit House,146,2023-09-16,,Active
H000169,S004057,Maple Ridge Hall,499,2024-12-16,,Active
H000170,S006223,Lakeside Terrace,327,2023-09-10,,Active
H000171,S000646,Harborview Hall,360,2024-07-28,,Active
H000172,S004128,Aspen Court,448,2024-03-31,,Active
H000173,S007104,Bellview Hall,187,2024-12-02,2025-05-05,Moved Out
H000174,S005701,Cedar Crest Hall,408,2024-09-21,,Active
H000175,S008141,Northgate Hall,328,2025-02-13,,Active
H000176,S007850,Northgate Hall,130,2024-05-18,,Active
H000177,S006335,Summit House,193,2024-01-15,,Active
H000178,S004322,Summit House,312,2026-06-27,,Active
H000179,S001776,Highland Hall,358,2023-10-17,,Pending Assignment
H000180,S007498,Aspen Court,299,2024-09-26,,Active
H000181,S009672,Lakeside Terrace,112,2026-01-17,,Active
H000182,S006236,Maple Ridge Hall,169,2025-11-09,2026-01-10,Moved Out
H000183,S005097,Bellview Hall,339,2025-11-15,,Active
H000184,S006705,Maple Ridge Hall,129,2026-04-19,,Active
H000185,S002814,Meadowbrook Hall,259,2026-06-03,,Active
H000186,S007529,Maple Ridge Hall,518,2025-04-27,,Active
H000187,S004143,Bellview Hall,499,2026-01-23,,Pending Assignment
H000188,S009454,Lakeside Terrace,124,2026-04-24,,Active
H000189,S007342,Maple Ridge Hall,598,2025-11-25,,Active
H000190,S000911,Founders Hall,494,2025-03-29,,Active
H000191,S001489,Founders Hall,580,2024-02-03,2024-09-16,Moved Out
H000192,S005478,Summit House,445,2024-03-26,,Active
H000193,S006812,Highland Hall,220,2023-10-13,2024-06-06,Moved Out
H000194,S005282,Northgate Hall,214,2025-02-20,2025-06-06,Moved Out
H000195,S008320,Bellview Hall,547,2025-02-13,2025-10-09,Moved Out
H000196,S002504,Aspen Court,417,2025-05-20,,Active
H000197,S008774,Maple Ridge Hall,346,2024-02-15,,Active
H000198,S009781,Highland Hall,254,2026-02-21,2026-08-17,Moved Out
H000199,S004662,Northgate Hall,432,2025-04-23,,Active
H000200,S005256,Aspen Court,202,2024-03-01,,Active
H000201,S004893,Cedar Crest Hall,385,2024-06-11,,Active
H000202,S009428,Founders Hall,591,2024-12-25,,Active
H000203,S006175,Founders Hall,586,2023-12-17,2024-08-30,Moved Out
H000204,S004698,Aspen Court,127,2026-03-04,2026-08-20,Moved Out
H000205,S002483,Maple Ridge Hall,275,2024-09-23,2024-12-24,Moved Out
H000206,S003735,Maple Ridge Hall,263,2024-04-02,,Active
H000207,S003685,Highland Hall,311,2025-11-11,2026-02-14,Moved Out
H000208,S001593,Meadowbrook Hall,537,2024-08-11,,Active
H000209,S002586,Harborview Hall,296,2024-07-26,,Active
H000210,S001513,Willow Creek Hall,154,2023-10-18,,Active
H000211,S009088,Willow Creek Hall,338,2026-10-12,,Active
H000212,S008728,Willow Creek Hall,356,2025-07-16,,Active
H000213,S001537,Founders Hall,159,2023-12-11,2024-06-10,Moved Out
H000214,S004959,Founders Hall,226,2024-08-05,,Active
H000215,S005737,Birchwood Hall,332,2025-12-18,,Active
H000216,S005394,Bellview Hall,368,2026-05-04,2026-08-20,Moved Out
H000217,S005195,Sunrise Commons,432,2024-09-23,,Active
H000218,S003540,Birchwood Hall,292,2023-08-06,,Active
H000219,S000483,Meadowbrook Hall,114,2026-04-30,,Active
H000220,S001991,Lakeside Terrace,440,2024-03-21,,Active
H000221,S003873,Riverbend Hall,549,2024-03-31,,Pending Assignment
H000222,S002622,Founders Hall,405,2024-09-14,,Active
H000223,S007172,Meadowbrook Hall,137,2024-09-30,,Pending Assignment
H000224,S002708,Maple Ridge Hall,550,2023-11-13,,Active
H000225,S000714,Sunrise Commons,230,2024-10-11,,Active
H000226,S009218,Summit House,460,2025-01-05,,Active
H000227,S008558,Riverbend Hall,205,2024-11-09,,Active
H000228,S006340,Harborview Hall,411,2024-05-03,2024-09-24,Moved Out
H000229,S004507,Aspen Court,410,2024-10-07,2025-02-19,Moved Out
H000230,S001110,Maple Ridge Hall,308,2024-09-14,,Active
H000231,S007718,Cedar Crest Hall,242,2026-03-12,,Active
H000232,S006568,Summit House,484,2026-04-13,,Active
H000233,S008144,Aspen Court,297,2024-02-25,,Active
H000234,S000371,Maple Ridge Hall,464,2023-12-14,,Active
H000235,S002266,Sunrise Commons,427,2024-10-13,2024-12-15,Moved Out
H000236,S000099,Cedar Crest Hall,312,2023-11-08,2024-08-26,Moved Out
H000237,S008365,Birchwood Hall,466,2024-10-17,,Active
H000238,S006454,Founders Hall,302,2026-03-18,2026-08-20,Moved Out
H000239,S003292,Birchwood Hall,147,2025-03-12,,Active
H000240,S009110,Willow Creek Hall,199,2026-01-27,2026-06-10,Moved Out
H000241,S008639,Founders Hall,530,2025-05-23,,Active
H000242,S003782,Maple Ridge Hall,310,2024-08-25,2024-11-26,Moved Out
H000243,S008968,Cedar Crest Hall,584,2024-02-09,2024-06-14,Moved Out
H000244,S004395,Riverbend Hall,469,2025-06-07,,Active
H000245,S006973,Birchwood Hall,542,2026-01-27,2026-06-17,Moved Out
H000246,S000336,Cedar Crest Hall,123,2025-09-15,2026-02-12,Moved Out
H000247,S000800,Harborview Hall,459,2023-10-28,,Active
H000248,S003241,Birchwood Hall,419,2023-08-30,2023-12-15,Moved Out
H000249,S001178,Cedar Crest Hall,180,2026-05-08,,Active
H000250,S000340,Sunrise Commons,191,2024-05-27,,Active
H000251,S006423,Sunrise Commons,316,2026-07-30,2026-08-20,Moved Out
H000252,S000414,Cedar Crest Hall,245,2026-01-30,,Active
H000253,S002808,Harborview Hall,513,2026-06-13,2026-08-20,Moved Out
H000254,S006426,Bellview Hall,269,2025-06-10,,Pending Assignment
H000255,S008098,Highland Hall,276,2026-03-06,2026-06-29,Moved Out
H000256,S005775,Aspen Court,119,2025-04-24,2025-12-01,Moved Out
H000257,S008392,Bellview Hall,349,2024-08-15,2025-04-15,Moved Out
H000258,S008113,Meadowbrook Hall,580,2023-12-10,,Active
H000259,S000951,Sunrise Commons,210,2025-11-02,,Active
H000260,S000298,Riverbend Hall,166,2023-08-21,,Active
H000261,S007836,Lakeside Terrace,278,2025-05-21,2025-11-30,Moved Out
H000262,S009035,Birchwood Hall,576,2025-06-13,,Active
H000263,S007391,Willow Creek Hall,396,2026-04-15,2026-08-04,Moved Out
H000264,S004483,Lakeside Terrace,243,2024-01-05,2024-07-01,Moved Out
H000265,S001973,Bellview Hall,161,2025-01-19,2025-04-21,Moved Out
H000266,S004344,Northgate Hall,235,2024-05-15,,Active
H000267,S009475,Aspen Court,597,2026-06-28,2026-08-20,Moved Out
H000268,S008870,Birchwood Hall,215,2023-08-05,,Active
H000269,S000251,Sunrise Commons,528,2023-08-07,2024-03-15,Moved Out
H000270,S000571,Birchwood Hall,277,2025-09-01,,Active
H000271,S001766,Birchwood Hall,421,2025-01-12,,Active
H000272,S000715,Cedar Crest Hall,324,2024-06-12,,Active
H000273,S000521,Maple Ridge Hall,502,2025-07-27,2026-03-12,Moved Out
H000274,S003756,Riverbend Hall,517,2025-04-11,,Active
H000275,S003971,Riverbend Hall,114,2024-10-08,,Active
H000276,S001151,Meadowbrook Hall,261,2026-02-27,,Active
H000277,S007340,Sunrise Commons,318,2025-01-18,,Active
H000278,S005900,Riverbend Hall,524,2025-05-29,,Active
H000279,S009735,Aspen Court,548,2024-03-23,2024-11-16,Moved Out
H000280,S000826,Northgate Hall,433,2025-03-25,2025-08-12,Moved Out
H000281,S009232,Willow Creek Hall,541,2025-02-06,,Active
H000282,S005116,Lakeside Terrace,386,2025-04-05,2025-12-16,Moved Out
H000283,S001215,Willow Creek Hall,582,2024-05-28,,Active
H000284,S008601,Birchwood Hall,538,2026-05-06,2026-07-19,Moved Out
H000285,S000633,Meadowbrook Hall,181,2026-07-01,,Active
H000286,S002707,Meadowbrook Hall,584,2025-03-18,,Active
H000287,S000033,Highland Hall,433,2024-12-01,,Active
H000288,S002898,Sunrise Commons,421,2025-03-20,2025-12-27,Moved Out
H000289,S001008,Harborview Hall,256,2024-12-10,,Active
H000290,S008834,Highland Hall,117,2023-08-31,,Pending Assignment
H000291,S006420,Riverbend Hall,425,2025-07-30,,Active
H000292,S007101,Northgate Hall,451,2025-06-29,2026-04-03,Moved Out
H000293,S007048,Summit House,401,2023-11-06,,Active
H000294,S008079,Highland Hall,190,2025-12-22,,Active
H000295,S006299,Bellview Hall,361,2024-07-29,,Active
H000296,S004052,Founders Hall,114,2023-10-21,,Active
H000297,S000529,Meadowbrook Hall,375,2026-01-07,,Active
H000298,S001054,Harborview Hall,568,2023-11-09,,Active
H000299,S008274,Aspen Court,407,2024-01-25,,Active
H000300,S005061,Cedar Crest Hall,119,2023-08-24,,Active
H000301,S000411,Harborview Hall,273,2023-08-01,2023-11-28,Moved Out
H000302,S009799,Lakeside Terrace,219,2025-08-30,,Active
H000303,S007566,Founders Hall,245,2025-01-02,,Active
H000304,S004741,Meadowbrook Hall,165,2024-04-11,,Active
H000305,S008823,Willow Creek Hall,268,2025-05-06,,Active
H000306,S000077,Founders Hall,205,2026-02-13,2026-08-18,Moved Out
H000307,S009703,Lakeside Terrace,355,2025-11-14,2026-07-16,Moved Out
H000308,S003284,Riverbend Hall,445,2025-04-13,,Active
H000309,S006526,Highland Hall,563,2025-08-29,,Active
H000310,S008500,Northgate Hall,216,2026-01-14,,Active
H000311,S006152,Summit House,178,2026-07-07,,Active
H000312,S005685,Riverbend Hall,469,2025-05-05,2026-02-08,Moved Out
H000313,S006248,Aspen Court,363,2024-12-04,,Active
H000314,S003688,Lakeside Terrace,405,2024-08-25,2025-04-11,Moved Out
H000315,S007880,Northgate Hall,180,2025-12-15,2026-08-20,Moved Out
H000316,S001601,Sunrise Commons,496,2026-06-04,,Active
H000317,S000050,Birchwood Hall,165,2026-05-31,,Active
H000318,S009328,Northgate Hall,556,2026-04-07,,Active
H000319,S000389,Meadowbrook Hall,507,2026-01-28,,Active
H000320,S008549,Bellview Hall,501,2025-06-04,,Active
H000321,S007678,Highland Hall,392,2024-02-10,2024-06-19,Moved Out
H000322,S008780,Harborview Hall,137,2026-07-12,,Active
H000323,S001053,Meadowbrook Hall,263,2025-09-21,,Active
H000324,S008254,Aspen Court,467,2024-06-14,2024-11-01,Moved Out
H000325,S003432,Birchwood Hall,262,2024-04-09,,Active
H000326,S003109,Sunrise Commons,154,2023-09-18,,Active
H000327,S003802,Meadowbrook Hall,572,2026-07-15,2026-08-20,Moved Out
H000328,S000367,Bellview Hall,112,2025-01-13,,Active
H000329,S001550,Meadowbrook Hall,530,2024-04-25,2024-07-14,Moved Out
H000330,S007396,Highland Hall,233,2026-01-26,2026-08-20,Moved Out
H000331,S005567,Highland Hall,543,2026-01-09,2026-07-03,Moved Out
H000332,S007877,Cedar Crest Hall,376,2026-06-09,,Active
H000333,S000319,Summit House,104,2023-08-31,2024-03-04,Moved Out
H000334,S009207,Maple Ridge Hall,154,2026-12-18,,Active
H000335,S004475,Aspen Court,211,2026-03-21,,Active
H000336,S002623,Riverbend Hall,312,2026-01-13,,Active
H000337,S008254,Cedar Crest Hall,288,2024-12-15,,Active
H000338,S008310,Birchwood Hall,255,2023-12-08,,Active
H000339,S008145,Founders Hall,235,2026-04-13,,Active
H000340,S009654,Meadowbrook Hall,429,2025-11-16,,Active
H000341,S008942,Willow Creek Hall,164,2026-03-27,,Active
H000342,S008277,Northgate Hall,381,2025-07-16,2026-02-01,Moved Out
H000343,S008745,Meadowbrook Hall,534,2025-04-29,2026-02-20,Moved Out
H000344,S007905,Lakeside Terrace,562,2026-08-18,2026-08-20,Moved Out
H000345,S003136,Bellview Hall,301,2026-02-06,2026-05-03,Moved Out
H000346,S006645,Riverbend Hall,355,2025-06-01,2025-08-06,Moved Out
H000347,S002772,Sunrise Commons,370,2024-11-11,2025-09-07,Moved Out
H000348,S007454,Birchwood Hall,525,2023-08-20,,Active
H000349,S000511,Cedar Crest Hall,174,2025-03-31,,Active
H000350,S008149,Sunrise Commons,445,2024-07-03,,Active
H000351,S001522,Meadowbrook Hall,291,2025-10-02,,Active
H000352,S001193,Founders Hall,351,2025-11-09,2026-03-05,Moved Out
H000353,S003215,Founders Hall,228,2024-12-25,,Active
H000354,S005362,Cedar Crest Hall,157,2026-03-13,,Active
H000355,S002465,Summit House,581,2025-07-13,,Active
H000356,S002335,Riverbend Hall,377,2024-05-12,,Active
H000357,S005083,Founders Hall,358,2024-02-17,,Active
H000358,S003465,Harborview Hall,392,2024-03-27,2024-08-11,Moved Out
H000359,S007749,Willow Creek Hall,428,2026-02-04,2026-08-20,Moved Out
H000360,S003858,Riverbend Hall,154,2025-10-14,,Active
H000361,S001348,Highland Hall,223,2024-11-07,,Active
H000362,S005208,Lakeside Terrace,223,2024-12-12,,Active
H000363,S000884,Riverbend Hall,480,2024-10-14,,Active
H000364,S004245,Sunrise Commons,259,2024-05-12,2025-02-23,Moved Out
H000365,S003188,Meadowbrook Hall,399,2026-08-11,2026-08-20,Moved Out
H000366,S003616,Birchwood Hall,356,2025-12-12,,Active
H000367,S001880,Maple Ridge Hall,573,2025-06-26,2025-09-14,Moved Out
H000368,S001467,Founders Hall,288,2023-09-13,,Active
H000369,S009796,Cedar Crest Hall,546,2023-12-23,2024-03-01,Moved Out
H000370,S000569,Lakeside Terrace,594,2023-12-05,,Active
H000371,S006077,Meadowbrook Hall,355,2023-11-20,,Active
H000372,S003459,Maple Ridge Hall,310,2025-12-13,2026-08-20,Moved Out
H000373,S004436,Bellview Hall,533,2024-04-11,,Active
H000374,S000466,Willow Creek Hall,344,2026-06-18,,Active
H000375,S007179,Bellview Hall,191,2026-07-19,,Active
H000376,S007495,Meadowbrook Hall,164,2024-09-08,,Active
H000377,S001859,Aspen Court,578,2026-03-17,,Active
H000378,S006319,Maple Ridge Hall,414,2023-08-15,,Active
H000379,S007624,Aspen Court,505,2026-02-01,2026-04-20,Moved Out
H000380,S008606,Sunrise Commons,237,2025-11-15,,Active
H000381,S003934,Harborview Hall,127,2024-03-02,,Active
H000382,S001187,Harborview Hall,581,2026-02-20,2026-08-20,Moved Out
H000383,S008471,Birchwood Hall,189,2025-02-21,,Active
H000384,S007332,Willow Creek Hall,445,2024-11-04,,Active
H000385,S001018,Bellview Hall,115,2026-02-13,2026-06-03,Moved Out
H000386,S002047,Highland Hall,285,2024-01-04,,Active
H000387,S005453,Sunrise Commons,209,2026-08-16,,Active
H000388,S008459,Bellview Hall,185,2026-01-29,,Active
H000389,S007483,Summit House,220,2024-09-01,,Active
H000390,S007148,Founders Hall,449,2026-04-13,,Active
H000391,S000840,Sunrise Commons,498,2024-06-21,2025-04-08,Moved Out
H000392,S000642,Sunrise Commons,506,2024-12-16,,Active
H000393,S003326,Bellview Hall,411,2026-07-13,2026-08-20,Moved Out
H000394,S002476,Northgate Hall,401,2024-08-13,,Active
H000395,S001203,Highland Hall,182,2024-12-30,2025-03-22,Moved Out
H000396,S009293,Riverbend Hall,492,2025-02-24,2025-11-22,Moved Out
H000397,S005982,Willow Creek Hall,312,2024-09-20,,Active
H000398,S001963,Riverbend Hall,554,2024-10-03,,Active
H000399,S000387,Highland Hall,256,2024-07-08,,Active
H000400,S001252,Harborview Hall,547,2026-08-11,,Active
H000401,S005923,Founders Hall,508,2023-09-30,2024-03-08,Moved Out
H000402,S009938,Summit House,258,2025-03-17,,Active
H000403,S002447,Cedar Crest Hall,532,2023-08-03,,Active
H000404,S005250,Founders Hall,277,2024-04-04,,Active
H000405,S005342,Birchwood Hall,261,2023-11-18,,Active
H000406,S003939,Northgate Hall,407,2026-02-07,,Pending Assignment
H000407,S006409,Meadowbrook Hall,185,2026-03-05,,Active
H000408,S008951,Meadowbrook Hall,371,2026-03-14,,Active
H000409,S005385,Highland Hall,501,2024-03-10,,Active
H000410,S005864,Sunrise Commons,107,2024-11-26,,Active
H000411,S002167,Lakeside Terrace,597,2024-02-25,,Active
H000412,S003213,Lakeside Terrace,363,2025-11-07,,Active
H000413,S002966,Riverbend Hall,133,2025-11-22,,Active
H000414,S004218,Founders Hall,336,2024-04-22,2025-02-15,Moved Out
H000415,S001660,Harborview Hall,384,2024-09-03,,Active
H000416,S005502,Northgate Hall,584,2025-11-12,,Pending Assignment
H000417,S002762,Lakeside Terrace,210,2024-07-10,2025-01-14,Moved Out
H000418,S001748,Meadowbrook Hall,281,2026-01-09,,Active
H000419,S001557,Riverbend Hall,345,2025-04-04,,Active
H000420,S009227,Riverbend Hall,436,2023-10-08,2024-02-22,Moved Out
H000421,S006589,Bellview Hall,412,2023-08-24,,Active
H000422,S000503,Maple Ridge Hall,523,2025-04-28,,Active
H000423,S008464,Founders Hall,349,2024-05-24,,Active
H000424,S001160,Meadowbrook Hall,194,2025-12-14,2026-04-09,Moved Out
H000425,S002996,Meadowbrook Hall,490,2026-02-26,,Active
H000426,S009289,Cedar Crest Hall,277,2026-05-29,,Active
H000427,S006693,Bellview Hall,544,2024-08-22,2024-11-16,Moved Out
H000428,S003118,Birchwood Hall,122,2024-08-08,,Active
H000429,S004797,Lakeside Terrace,138,2026-02-20,,Active
H000430,S006471,Northgate Hall,453,2026-07-17,2026-08-20,Moved Out
H000431,S002881,Maple Ridge Hall,521,2024-09-14,2025-01-24,Moved Out
H000432,S007331,Sunrise Commons,188,2025-02-06,,Pending Assignment
H000433,S002223,Birchwood Hall,277,2025-05-14,,Active
H000434,S005019,Maple Ridge Hall,232,2025-08-22,2026-01-07,Moved Out
H000435,S004593,Cedar Crest Hall,264,2026-04-25,,Active
H000436,S002038,Highland Hall,450,2024-02-10,,Active
H000437,S005210,Harborview Hall,149,2025-03-02,,Active
H000438,S003554,Highland Hall,278,2024-02-20,2024-06-19,Moved Out
H000439,S007838,Northgate Hall,219,2025-04-17,,Active
H000440,S001482,Willow Creek Hall,501,2026-10-24,,Active
H000441,S001450,Founders Hall,197,2025-05-14,2025-11-15,Moved Out
H000442,S004658,Riverbend Hall,131,2025-08-23,2026-04-16,Moved Out
H000443,S008663,Sunrise Commons,489,2025-09-24,2026-06-28,Moved Out
H000444,S009150,Sunrise Commons,311,2025-09-18,2026-05-18,Moved Out
H000445,S009787,Lakeside Terrace,249,2026-06-19,2026-08-20,Moved Out
H000446,S007401,Harborview Hall,241,2024-03-23,2024-12-13,Moved Out
H000447,S000499,Northgate Hall,493,2024-03-31,,Active
H000448,S005819,Founders Hall,575,2025-01-15,,Active
H000449,S004111,Bellview Hall,190,2024-11-20,2025-02-27,Moved Out
H000450,S007469,Northgate Hall,204,2023-11-29,2024-07-27,Moved Out
H000451,S008907,Sunrise Commons,171,2025-07-09,2026-04-03,Moved Out
H000452,S007211,Riverbend Hall,379,2023-08-27,2023-11-11,Moved Out
H000453,S002828,Sunrise Commons,168,2025-10-22,2026-03-03,Moved Out
H000454,S004389,Summit House,498,2024-08-13,,Active
H000455,S000428,Riverbend Hall,249,2024-12-11,,Pending Assignment
H000456,S003393,Birchwood Hall,236,2024-11-09,,Active
H000457,S006792,Highland Hall,439,2025-01-09,,Active
H000458,S004059,Lakeside Terrace,162,2024-03-06,,Active
H000459,S005039,Birchwood Hall,304,2024-10-11,,Active
H000460,S003541,Harborview Hall,361,2025-12-16,2026-07-18,Moved Out
H000461,S007197,Aspen Court,192,2026-06-10,2026-08-20,Moved Out
H000462,S006722,Maple Ridge Hall,479,2024-11-24,,Active
H000463,S003379,Bellview Hall,220,2025-11-06,,Active
H000464,S000745,Willow Creek Hall,480,2023-09-30,,Active
H000465,S005381,Northgate Hall,481,2024-04-15,,Active
H000466,S001944,Sunrise Commons,585,2024-06-10,,Active
H000467,S006672,Maple Ridge Hall,230,2024-11-13,,Active
H000468,S003507,Sunrise Commons,408,2025-12-01,2026-08-20,Moved Out
H000469,S005518,Summit House,152,2026-08-18,,Active
H000470,S000793,Willow Creek Hall,278,2025-08-23,2026-03-26,Moved Out
H000471,S005498,Northgate Hall,125,2024-03-29,,Active
H000472,S009810,Summit House,375,2025-10-27,2026-06-01,Moved Out
H000473,S009783,Aspen Court,177,2024-09-11,,Pending Assignment
H000474,S006273,Maple Ridge Hall,473,2025-03-22,,Active
H000475,S008996,Willow Creek Hall,258,2025-11-12,2026-06-24,Moved Out
H000476,S003285,Cedar Crest Hall,144,2026-08-09,,Active
H000477,S007175,Northgate Hall,229,2025-05-04,,Active
H000478,S010000,Meadowbrook Hall,402,2024-04-15,,Active
H000479,S000686,Maple Ridge Hall,232,2025-10-01,,Active
H000480,S008746,Aspen Court,287,2025-05-19,,Active
H000481,S007132,Northgate Hall,558,2024-09-21,,Active
H000482,S008249,Cedar Crest Hall,214,2024-06-24,,Active
H000483,S002987,Willow Creek Hall,374,2024-04-02,2025-01-06,Moved Out
H000484,S009551,Summit House,497,2024-05-29,,Active
H000485,S003496,Riverbend Hall,577,2024-03-30,2024-12-12,Moved Out
H000486,S003426,Maple Ridge Hall,307,2025-04-25,2025-07-18,Moved Out
H000487,S009280,Highland Hall,145,2025-10-07,,Active
H000488,S006927,Bellview Hall,198,2024-07-14,,Active
H000489,S004964,Bellview Hall,227,2023-09-30,,Pending Assignment
H000490,S002221,Maple Ridge Hall,376,2026-04-20,,Active
H000491,S003325,Bellview Hall,467,2024-09-25,,Active
H000492,S001970,Founders Hall,167,2026-08-05,2026-08-20,Moved Out
H000493,S001976,Harborview Hall,336,2024-11-09,2025-07-25,Moved Out
H000494,S002103,Birchwood Hall,527,2024-11-15,,Active
H000495,S006883,Birchwood Hall,456,2024-01-18,,Active
H000496,S001708,Riverbend Hall,355,2025-12-23,,Active
H000497,S001643,Founders Hall,311,2025-06-01,2025-11-26,Moved Out
H000498,S000225,Maple Ridge Hall,588,2026-05-09,2026-08-20,Moved Out
H000499,S009874,Harborview Hall,554,2026-06-02,,Active
H000500,S001374,Highland Hall,224,2024-10-07,,Active
H000501,S009328,Riverbend Hall,265,2026-08-09,,Active
H000502,S005440,Harborview Hall,267,2025-04-13,,Active
H000503,S001798,Willow Creek Hall,105,2026-05-01,,Active
H000504,S005187,Meadowbrook Hall,125,2026-03-31,2026-08-20,Moved Out
H000505,S009025,Meadowbrook Hall,511,2025-10-27,,Active
H000506,S006073,Willow Creek Hall,177,2023-11-12,,Active
H000507,S003847,Highland Hall,171,2024-10-29,,Active
H000508,S000326,Sunrise Commons,159,2024-11-18,2025-03-29,Moved Out
H000509,S001956,Maple Ridge Hall,448,2025-11-25,,Active
H000510,S005976,Harborview Hall,471,2025-04-29,2025-09-02,Moved Out
H000511,S006621,Cedar Crest Hall,137,2024-04-06,,Active
H000512,S007158,Lakeside Terrace,426,2025-11-11,2026-05-19,Moved Out
H000513,S007057,Cedar Crest Hall,353,2024-09-21,,Active
H000514,S003719,Aspen Court,477,2024-08-14,2024-11-26,Moved Out
H000515,S007818,Birchwood Hall,525,2024-06-27,,Active
H000516,S007421,Highland Hall,323,2024-09-28,2025-06-04,Moved Out
H000517,S005654,Lakeside Terrace,455,2026-04-14,2026-08-15,Moved Out
H000518,S004871,Sunrise Commons,276,2024-01-25,,Active
H000519,S009518,Summit House,541,2025-05-07,,Active
H000520,S006314,Bellview Hall,556,2024-10-18,,Active
H000521,S007492,Harborview Hall,174,2024-10-10,,Active
H000522,S001961,Birchwood Hall,280,2025-04-20,2025-07-07,Moved Out
H000523,S002994,Sunrise Commons,487,2025-04-04,,Active
H000524,S003721,Aspen Court,557,2025-09-17,2026-05-01,Moved Out
H000525,S007622,Cedar Crest Hall,538,2025-06-16,2026-03-30,Moved Out
H000526,S009459,Aspen Court,137,2026-08-04,,Active
H000527,S005716,Willow Creek Hall,213,2025-02-15,,Active
H000528,S003722,Summit House,319,2024-04-09,,Active
H000529,S001277,Founders Hall,145,2024-04-25,,Active
H000530,S005331,Highland Hall,322,2023-08-13,,Active
H000531,S008031,Northgate Hall,468,2026-08-04,,Active
H000532,S006798,Lakeside Terrace,262,2025-10-04,,Active
H000533,S009669,Summit House,106,2026-05-27,2026-08-20,Moved Out
H000534,S000787,Founders Hall,142,2025-06-16,,Active
H000535,S002178,Summit House,494,2024-11-04,,Active
H000536,S004026,Lakeside Terrace,267,2026-02-05,,Active
H000537,S004425,Northgate Hall,379,2024-09-15,,Active
H000538,S007033,Riverbend Hall,303,2027-02-17,,Active
H000539,S009877,Northgate Hall,103,2023-10-07,,Active
H000540,S009427,Meadowbrook Hall,184,2025-05-16,2026-02-19,Moved Out
H000541,S009536,Aspen Court,574,2025-03-24,,Active
H000542,S002824,Sunrise Commons,136,2026-01-07,2026-08-20,Moved Out
H000543,S001427,Founders Hall,106,2026-02-11,,Active
H000544,S005597,Northgate Hall,439,2025-12-07,2026-08-20,Moved Out
H000545,S003069,Bellview Hall,438,2025-11-23,2026-02-23,Moved Out
H000546,S009630,Riverbend Hall,239,2025-06-01,2026-01-14,Moved Out
H000547,S005670,Meadowbrook Hall,563,2024-09-26,2025-06-02,Moved Out
H000548,S000950,Harborview Hall,304,2025-05-12,2025-08-18,Moved Out
H000549,S008075,Harborview Hall,244,2025-08-06,,Active
H000550,S000773,Sunrise Commons,391,2026-02-10,2026-08-20,Moved Out
H000551,S005587,Highland Hall,147,2026-07-02,,Pending Assignment
H000552,S004953,Highland Hall,412,2025-04-22,,Pending Assignment
H000553,S009705,Aspen Court,469,2026-08-18,2026-08-20,Moved Out
H000554,S000461,Harborview Hall,300,2025-08-30,2026-01-10,Moved Out
H000555,S005198,Summit House,569,2024-12-01,,Active
H000556,S005288,Summit House,218,2025-03-18,,Active
H000557,S004954,Birchwood Hall,333,2024-06-24,,Pending Assignment
H000558,S007129,Maple Ridge Hall,330,2024-02-10,2024-09-12,Moved Out
H000559,S007864,Sunrise Commons,147,2024-01-20,2024-10-13,Moved Out
H000560,S008843,Sunrise Commons,465,2023-09-25,,Active
H000561,S000244,Maple Ridge Hall,151,2025-04-11,2025-07-06,Moved Out
H000562,S005507,Sunrise Commons,538,2025-12-29,,Active
H000563,S003473,Lakeside Terrace,465,2025-01-13,2025-06-10,Moved Out
H000564,S000581,Cedar Crest Hall,526,2023-08-23,,Active
H000565,S004214,Birchwood Hall,231,2024-04-10,,Active
H000566,S006748,Maple Ridge Hall,332,2024-04-07,,Active
H000567,S007558,Riverbend Hall,147,2024-08-29,2025-06-10,Moved Out
H000568,S005494,Riverbend Hall,139,2024-02-08,2024-07-09,Moved Out
H000569,S002780,Cedar Crest Hall,226,2025-10-04,2026-01-25,Moved Out
H000570,S004225,Bellview Hall,134,2025-04-02,2025-10-03,Moved Out
H000571,S004767,Bellview Hall,400,2025-01-21,2025-04-01,Moved Out
H000572,S002489,Founders Hall,308,2025-07-13,,Active
H000573,S003622,Riverbend Hall,468,2025-04-25,2026-01-09,Moved Out
H000574,S002670,Birchwood Hall,301,2023-10-21,,Active
H000575,S001954,Founders Hall,494,2025-07-09,2026-01-14,Moved Out
H000576,S006825,Highland Hall,241,2025-03-14,,Active
H000577,S004297,Cedar Crest Hall,247,2024-12-13,,Active
H000578,S006634,Northgate Hall,160,2024-10-30,,Active
H000579,S003588,Summit House,148,2025-04-16,,Active
H000580,S006234,Harborview Hall,346,2024-03-14,,Active
H000581,S003066,Maple Ridge Hall,277,2024-10-26,,Active
H000582,S009892,Founders Hall,467,2024-10-11,,Active
H000583,S005463,Meadowbrook Hall,129,2026-06-15,2026-08-20,Moved Out
H000584,S006150,Bellview Hall,227,2024-05-27,,Active
H000585,S006457,Bellview Hall,234,2025-12-20,2026-08-20,Moved Out
H000586,S007844,Willow Creek Hall,401,2025-08-20,,Active
H000587,S005121,Meadowbrook Hall,568,2025-04-29,,Active
H000588,S008128,Founders Hall,560,2023-09-21,2024-05-23,Moved Out
H000589,S009122,Sunrise Commons,216,2025-02-13,,Active
H000590,S001576,Maple Ridge Hall,352,2025-12-15,,Active
H000591,S000749,Cedar Crest Hall,320,2026-02-15,2026-08-20,Moved Out
H000592,S006532,Summit House,306,2023-12-13,,Active
H000593,S009392,Willow Creek Hall,173,2025-07-18,,Active
H000594,S008064,Riverbend Hall,427,2026-06-30,,Active
H000595,S004900,Aspen Court,322,2024-03-21,2024-09-29,Moved Out
H000596,S000498,Birchwood Hall,149,2026-07-29,,Active
H000597,S001211,Summit House,205,2026-02-28,,Active
H000598,S009011,Maple Ridge Hall,451,2024-07-25,,Active
H000599,S009597,Founders Hall,415,2026-04-01,2026-08-20,Moved Out
H000600,S008495,Birchwood Hall,210,2024-03-22,,Active
H000601,S005805,Northgate Hall,143,2026-07-22,2026-08-20,Moved Out
H000602,S002327,Northgate Hall,238,2026-08-12,,Pending Assignment
H000603,S008886,Cedar Crest Hall,587,2024-02-13,,Active
H000604,S004624,Birchwood Hall,370,2025-05-24,,Active
H000605,S005698,Willow Creek Hall,213,2025-09-18,,Active
H000606,S004273,Highland Hall,412,2024-06-29,,Active
H000607,S009957,Aspen Court,503,2026-04-13,,Active
H000608,S007654,Maple Ridge Hall,228,2026-07-17,,Active
H000609,S005330,Northgate Hall,292,2025-08-10,,Active
H000610,S001130,Northgate Hall,420,2024-11-01,,Active
H000611,S009925,Meadowbrook Hall,464,2023-11-19,2024-04-11,Moved Out
H000612,S009332,Willow Creek Hall,294,2025-02-24,,Active
H000613,S006482,Highland Hall,502,2024-12-15,,Active
H000614,S009928,Bellview Hall,431,2024-09-21,2025-03-23,Moved Out
H000615,S006976,Northgate Hall,434,2025-03-19,,Active
H000616,S003271,Willow Creek Hall,486,2024-02-21,2024-05-14,Moved Out
H000617,S003250,Sunrise Commons,437,2024-01-17,,Active
H000618,S009102,Highland Hall,516,2024-08-09,,Active
H000619,S001121,Willow Creek Hall,281,2024-09-15,,Active
H000620,S000939,Founders Hall,460,2025-12-31,,Active
H000621,S006318,Birchwood Hall,269,2023-08-23,,Pending Assignment
H000622,S004643,Maple Ridge Hall,486,2026-06-22,,Active
H000623,S000122,Maple Ridge Hall,520,2025-05-27,2025-09-09,Moved Out
H000624,S000915,Highland Hall,349,2025-02-21,,Active
H000625,S006049,Lakeside Terrace,392,2024-07-15,,Active
H000626,S001932,Meadowbrook Hall,408,2024-02-24,2024-09-17,Moved Out
H000627,S006248,Willow Creek Hall,182,2025-06-19,2025-08-19,Moved Out
H000628,S006119,Founders Hall,470,2023-12-07,,Active
H000629,S007544,Highland Hall,520,2024-02-16,2024-08-01,Moved Out
H000630,S008880,Aspen Court,475,2025-11-01,,Active
H000631,S004529,Sunrise Commons,568,2024-07-31,2024-11-03,Moved Out
H000632,S008149,Riverbend Hall,145,2024-11-11,,Active
H000633,S003403,Bellview Hall,523,2025-05-22,2026-02-10,Moved Out
H000634,S007181,Bellview Hall,343,2024-02-01,,Active
H000635,S000446,Founders Hall,433,2026-04-30,,Active
H000636,S008157,Summit House,509,2025-12-26,,Active
H000637,S009800,Aspen Court,270,2024-09-17,,Pending Assignment
H000638,S004877,Summit House,361,2024-11-24,2025-02-10,Moved Out
H000639,S002218,Summit House,191,2025-05-04,,Active
H000640,S001117,Riverbend Hall,496,2024-02-13,2024-11-08,Moved Out
H000641,S006183,Highland Hall,212,2026-01-12,,Active
H000642,S001767,Meadowbrook Hall,269,2026-04-04,,Active
H000643,S005739,Bellview Hall,442,2025-07-27,,Active
H000644,S008694,Maple Ridge Hall,264,2024-11-14,,Active
H000645,S007998,Sunrise Commons,230,2024-11-10,,Pending Assignment
H000646,S009995,Cedar Crest Hall,479,2025-03-08,2025-08-08,Moved Out
H000647,S002548,Summit House,314,2024-04-19,,Active
H000648,S009468,Bellview Hall,191,2026-01-14,,Active
H000649,S008981,Willow Creek Hall,141,2023-08-06,,Active
H000650,S006547,Cedar Crest Hall,378,2025-08-02,2025-12-13,Moved Out
H000651,S001529,Willow Creek Hall,383,2023-09-14,,Active
H000652,S004166,Lakeside Terrace,378,2024-05-16,,Active
H000653,S009148,Summit House,205,2024-03-27,,Active
H000654,S009211,Maple Ridge Hall,572,2025-02-06,,Active
H000655,S003575,Summit House,528,2026-07-03,2026-08-20,Moved Out
H000656,S002883,Harborview Hall,594,2024-05-04,,Active
H000657,S005275,Riverbend Hall,452,2024-03-24,,Active
H000658,S006681,Founders Hall,382,2026-05-03,,Pending Assignment
H000659,S002746,Birchwood Hall,443,2025-06-10,,Active
H000660,S004638,Birchwood Hall,423,2026-07-24,,Active
H000661,S002575,Highland Hall,503,2024-11-23,,Active
H000662,S004977,Meadowbrook Hall,235,2026-07-27,,Active
H000663,S009305,Northgate Hall,159,2024-05-16,,Active
H000664,S009493,Maple Ridge Hall,469,2026-02-25,,Active
H000665,S008539,Riverbend Hall,451,2024-10-18,,Active
H000666,S004388,Riverbend Hall,266,2024-09-30,,Active
H000667,S002209,Summit House,358,2025-07-24,,Active
H000668,S005780,Birchwood Hall,516,2023-08-25,,Active
H000669,S007858,Harborview Hall,423,2025-07-19,2025-10-13,Moved Out
H000670,S004825,Founders Hall,309,2025-01-29,,Active
H000671,S007130,Summit House,443,2024-10-21,,Active
H000672,S001124,Harborview Hall,230,2024-11-14,,Active
H000673,S008567,Aspen Court,273,2024-08-21,,Active
H000674,S003247,Maple Ridge Hall,449,2025-06-19,,Active
H000675,S006179,Harborview Hall,197,2026-02-12,,Active
H000676,S006720,Sunrise Commons,535,2025-02-07,,Active
H000677,S001005,Northgate Hall,202,2025-11-14,,Active
H000678,S003902,Northgate Hall,527,2024-11-08,2025-06-30,Moved Out
H000679,S002016,Bellview Hall,362,2023-10-29,,Pending Assignment
H000680,S004547,Cedar Crest Hall,523,2024-10-02,,Active
H000681,S004233,Sunrise Commons,475,2025-05-18,,Active
H000682,S001580,Highland Hall,328,2025-11-25,,Active
H000683,S007213,Aspen Court,185,2024-06-02,,Active
H000684,S005512,Bellview Hall,248,2024-12-21,,Active
H000685,S000564,Northgate Hall,526,2024-06-06,,Active
H000686,S002251,Northgate Hall,380,2025-10-18,2026-05-14,Moved Out
H000687,S006890,Meadowbrook Hall,245,2024-02-21,2024-08-24,Moved Out
H000688,S007797,Riverbend Hall,275,2026-03-10,2026-08-11,Moved Out
H000689,S005325,Bellview Hall,283,2026-07-28,,Active
H000690,S006651,Meadowbrook Hall,146,2026-07-26,,Pending Assignment
H000691,S003397,Cedar Crest Hall,199,2024-09-11,,Active
H000692,S008901,Highland Hall,340,2023-11-04,2024-08-24,Moved Out
H000693,S009007,Summit House,225,2025-09-08,2026-02-07,Moved Out
H000694,S008233,Northgate Hall,572,2024-01-20,,Active
H000695,S006511,Riverbend Hall,184,2025-03-27,,Active
H000696,S008811,Meadowbrook Hall,211,2026-02-15,,Active
H000697,S009706,Summit House,417,2026-07-31,,Active
H000698,S005301,Northgate Hall,350,2024-12-04,,Active
H000699,S007203,Maple Ridge Hall,118,2026-07-16,2026-08-20,Moved Out
H000700,S002487,Lakeside Terrace,308,2023-11-05,,Active
H000701,S006365,Summit House,410,2024-07-19,,Pending Assignment
H000702,S005885,Founders Hall,493,2026-07-22,,Active
H000703,S008385,Riverbend Hall,466,2025-12-21,2026-06-18,Moved Out
H000704,S009934,Summit House,210,2023-12-07,2024-08-29,Moved Out
H000705,S000909,Highland Hall,150,2023-12-29,,Active
H000706,S002339,Summit House,131,2024-07-14,2025-01-27,Moved Out
H000707,S003089,Harborview Hall,199,2024-02-03,2024-09-13,Moved Out
H000708,S000174,Bellview Hall,378,2025-10-30,,Active
H000709,S007562,Birchwood Hall,357,2025-12-19,,Active
H000710,S000509,Northgate Hall,112,2023-11-12,,Active
H000711,S003153,Lakeside Terrace,125,2023-08-02,2024-02-16,Moved Out
H000712,S009811,Maple Ridge Hall,462,2026-01-01,,Pending Assignment
H000713,S008968,Lakeside Terrace,501,2024-07-04,,Active
H000714,S009307,Willow Creek Hall,533,2026-05-27,,Active
H000715,S002154,Birchwood Hall,568,2023-08-12,,Active
H000716,S002842,Harborview Hall,132,2024-07-30,,Active
H000717,S004193,Summit House,102,2026-07-08,2026-08-20,Moved Out
H000718,S002811,Riverbend Hall,505,2025-02-04,2025-04-08,Moved Out
H000719,S009730,Cedar Crest Hall,454,2025-07-19,,Active
H000720,S001358,Maple Ridge Hall,265,2025-04-23,,Active
H000721,S008122,Meadowbrook Hall,492,2024-11-04,,Active
H000722,S009758,Summit House,334,2024-04-30,2024-08-23,Moved Out
H000723,S003718,Maple Ridge Hall,475,2024-01-28,2024-05-27,Moved Out
H000724,S008509,Founders Hall,556,2024-07-08,2024-10-03,Moved Out
H000725,S002995,Lakeside Terrace,149,2025-07-18,,Active
H000726,S002350,Aspen Court,367,2025-03-10,2025-12-15,Moved Out
H000727,S005623,Summit House,284,2025-08-23,,Active
H000728,S006689,Bellview Hall,241,2025-11-08,,Active
H000729,S007978,Cedar Crest Hall,222,2025-11-03,2026-03-19,Moved Out
H000730,S009194,Birchwood Hall,264,2025-08-24,2025-11-11,Moved Out
H000731,S009954,Summit House,244,2025-08-19,,Active
H000732,S003319,Bellview Hall,492,2025-05-17,2025-11-11,Moved Out
H000733,S001855,Bellview Hall,271,2026-01-10,2026-03-29,Moved Out
H000734,S004803,Highland Hall,306,2025-12-28,,Active
H000735,S006622,Founders Hall,312,2025-03-02,2025-10-20,Moved Out
H000736,S005300,Lakeside Terrace,182,2023-12-11,2024-04-03,Moved Out
H000737,S002889,Willow Creek Hall,328,2025-11-20,2026-01-24,Moved Out
H000738,S004731,Riverbend Hall,410,2025-03-01,,Active
H000739,S003752,Aspen Court,157,2025-01-09,,Active
H000740,S004822,Willow Creek Hall,453,2024-02-11,,Active
H000741,S001250,Maple Ridge Hall,408,2024-07-22,,Active
H000742,S002761,Bellview Hall,105,2025-05-25,,Active
H000743,S003288,Founders Hall,567,2025-02-17,,Active
H000744,S001804,Aspen Court,490,2025-03-02,,Active
H000745,S005140,Cedar Crest Hall,135,2025-11-25,,Active
H000746,S001184,Bellview Hall,542,2023-09-16,,Active
H000747,S006643,Meadowbrook Hall,490,2026-06-03,2026-08-20,Moved Out
H000748,S002737,Maple Ridge Hall,207,2024-04-05,2024-06-18,Moved Out
H000749,S005032,Highland Hall,370,2025-10-29,,Active
H000750,S009329,Lakeside Terrace,496,2026-06-05,,Active
H000751,S005480,Highland Hall,521,2024-08-26,,Active
H000752,S001661,Bellview Hall,343,2023-11-14,,Pending Assignment
H000753,S003441,Summit House,361,2026-03-23,,Pending Assignment
H000754,S008220,Summit House,399,2023-08-26,,Active
H000755,S000350,Northgate Hall,493,2024-01-11,,Active
H000756,S001494,Riverbend Hall,265,2025-08-07,,Active
H000757,S005207,Willow Creek Hall,157,2026-06-13,2026-08-20,Moved Out
H000758,S008646,Willow Creek Hall,411,2024-06-14,,Active
H000759,S000688,Willow Creek Hall,454,2025-05-15,,Active
H000760,S004892,Lakeside Terrace,132,2024-01-05,2024-08-07,Moved Out
H000761,S007059,Summit House,488,2024-10-10,,Active
H000762,S005829,Bellview Hall,138,2026-08-12,,Active
H000763,S003967,Sunrise Commons,125,2026-06-20,,Active
H000764,S002608,Sunrise Commons,202,2025-02-22,,Active
H000765,S002438,Founders Hall,116,2024-09-01,2024-12-27,Moved Out
H000766,S008621,Bellview Hall,426,2023-12-13,,Active
H000767,S007329,Northgate Hall,562,2023-08-31,,Active
H000768,S000766,Highland Hall,501,2025-11-06,2026-06-04,Moved Out
H000769,S006298,Riverbend Hall,224,2023-09-19,2023-12-03,Moved Out
H000770,S000022,Riverbend Hall,121,2025-07-31,2026-05-13,Moved Out
H000771,S002114,Cedar Crest Hall,467,2026-04-13,2026-08-20,Moved Out
H000772,S002658,Harborview Hall,309,2023-09-08,,Active
H000773,S003684,Lakeside Terrace,363,2023-11-19,,Active
H000774,S006443,Birchwood Hall,377,2025-01-07,2025-06-07,Moved Out
H000775,S006741,Willow Creek Hall,399,2026-05-20,,Active
H000776,S003300,Bellview Hall,151,2026-07-21,,Active
H000777,S000442,Founders Hall,123,2025-07-05,2025-10-15,Moved Out
H000778,S003629,Harborview Hall,354,2025-04-14,2025-09-21,Moved Out
H000779,S006867,Highland Hall,423,2023-09-05,2024-06-01,Moved Out
H000780,S003865,Bellview Hall,298,2024-10-27,2025-01-22,Moved Out
H000781,S003157,Aspen Court,367,2025-02-04,2025-06-29,Moved Out
H000782,S002233,Aspen Court,187,2026-08-06,,Active
H000783,S002342,Riverbend Hall,460,2024-01-19,,Active
H000784,S006913,Founders Hall,567,2024-09-28,2025-03-02,Moved Out
H000785,S004596,Maple Ridge Hall,258,2026-07-19,,Active
H000786,S005072,Maple Ridge Hall,538,2025-05-02,,Active
H000787,S006311,Riverbend Hall,421,2024-05-15,2024-11-17,Moved Out
H000788,S009667,Highland Hall,224,2024-02-17,2024-10-17,Moved Out
H000789,S004452,Riverbend Hall,465,2024-01-15,,Active
H000790,S009916,Willow Creek Hall,598,2023-08-28,,Active
H000791,S001793,Highland Hall,393,2024-07-27,,Active
H000792,S004899,Meadowbrook Hall,405,2025-02-10,2025-09-03,Moved Out
H000793,S009521,Founders Hall,588,2024-10-22,2025-04-27,Moved Out
H000794,S005293,Summit House,237,2026-04-08,2026-08-05,Moved Out
H000795,S008096,Harborview Hall,191,2025-01-19,,Pending Assignment
H000796,S007241,Highland Hall,388,2026-07-09,2026-08-20,Moved Out
H000797,S007583,Riverbend Hall,585,2024-11-22,2025-02-15,Moved Out
H000798,S007570,Founders Hall,277,2024-11-12,2025-04-20,Moved Out
H000799,S004521,Lakeside Terrace,470,2026-04-04,,Active
H000800,S009140,Summit House,557,2024-08-01,2024-12-29,Moved Out
H000801,S002090,Lakeside Terrace,330,2026-03-18,2026-07-22,Moved Out
H000802,S002018,Sunrise Commons,576,2023-12-14,2024-07-06,Moved Out
H000803,S009824,Willow Creek Hall,327,2025-11-13,,Active
H000804,S008078,Meadowbrook Hall,303,2026-05-28,,Active
H000805,S001315,Willow Creek Hall,528,2025-08-03,,Active
H000806,S004149,Lakeside Terrace,460,2024-12-21,2025-07-02,Moved Out
H000807,S007377,Summit House,427,2024-12-22,,Active
H000808,S002918,Sunrise Commons,314,2025-08-03,,Pending Assignment
H000809,S009198,Summit House,452,2025-06-26,2026-03-29,Moved Out
H000810,S009508,Aspen Court,382,2026-04-23,2026-08-20,Moved Out
H000811,S000559,Cedar Crest Hall,479,2025-12-06,,Active
H000812,S000401,Harborview Hall,287,2025-10-25,2026-06-19,Moved Out
H000813,S003422,Summit House,319,2026-06-09,,Active
H000814,S007450,Riverbend Hall,311,2025-12-09,2026-07-19,Moved Out
H000815,S004981,Riverbend Hall,422,2024-11-01,,Active
H000816,S000883,Birchwood Hall,414,2026-05-22,2026-08-20,Moved Out
H000817,S004746,Lakeside Terrace,488,2026-02-05,,Active
H000818,S002513,Riverbend Hall,384,2023-11-22,2024-04-03,Moved Out
H000819,S001049,Meadowbrook Hall,374,2025-04-29,2025-08-29,Moved Out
H000820,S004853,Birchwood Hall,337,2024-09-20,,Active
H000821,S003308,Aspen Court,293,2024-04-25,2024-10-22,Moved Out
H000822,S008655,Bellview Hall,315,2023-10-28,,Active
H000823,S000422,Highland Hall,304,2025-08-07,,Active
H000824,S008972,Maple Ridge Hall,468,2026-02-03,,Active
H000825,S003264,Aspen Court,443,2026-05-20,,Active
H000826,S004454,Bellview Hall,446,2025-09-05,2026-06-07,Moved Out
H000827,S005119,Harborview Hall,151,2023-08-13,,Active
H000828,S004512,Cedar Crest Hall,412,2026-04-27,,Active
H000829,S006715,Bellview Hall,325,2024-05-16,2025-01-23,Moved Out
H000830,S005840,Meadowbrook Hall,406,2026-05-18,,Active
H000831,S002358,Cedar Crest Hall,200,2025-11-13,2026-04-10,Moved Out
H000832,S003753,Riverbend Hall,582,2025-03-11,,Active
H000833,S002545,Sunrise Commons,141,2024-07-31,,Active
H000834,S003623,Summit House,464,2024-10-16,,Active
H000835,S009889,Summit House,228,2025-08-29,,Active
H000836,S000285,Harborview Hall,148,2025-03-15,,Active
H000837,S003356,Summit House,506,2025-04-28,2025-08-15,Moved Out
H000838,S008608,Cedar Crest Hall,564,2024-08-27,2025-02-28,Moved Out
H000839,S002188,Maple Ridge Hall,254,2025-07-31,,Active
H000840,S009763,Bellview Hall,443,2024-06-20,,Active
H000841,S006230,Harborview Hall,160,2026-08-12,,Active
H000842,S009393,Meadowbrook Hall,311,2025-11-09,2026-06-27,Moved Out
H000843,S003680,Highland Hall,461,2025-03-03,,Active
H000844,S004369,Lakeside Terrace,522,2024-07-17,2025-02-09,Moved Out
H000845,S006173,Cedar Crest Hall,381,2025-04-09,,Active
H000846,S003486,Sunrise Commons,120,2024-01-08,,Active
H000847,S000667,Highland Hall,325,2023-08-07,,Active
H000848,S001460,Riverbend Hall,577,2025-11-04,,Active
H000849,S006153,Bellview Hall,262,2026-07-03,2026-08-20,Moved Out
H000850,S001167,Summit House,137,2025-11-15,,Active
H000851,S002339,Sunrise Commons,255,2025-01-19,2025-09-02,Moved Out
H000852,S007793,Sunrise Commons,399,2025-04-07,,Active
H000853,S000438,Maple Ridge Hall,467,2026-02-27,,Active
H000854,S001680,Bellview Hall,210,2025-01-11,,Active
H000855,S009552,Maple Ridge Hall,124,2024-07-17,,Active
H000856,S000113,Highland Hall,163,2025-10-16,,Active
H000857,S002691,Cedar Crest Hall,302,2024-04-20,,Active
H000858,S005386,Sunrise Commons,104,2025-04-02,2025-11-15,Moved Out
H000859,S004113,Sunrise Commons,222,2024-09-20,2025-04-05,Moved Out
H000860,S000599,Summit House,527,2023-11-01,,Active
H000861,S007927,Bellview Hall,361,2026-03-19,,Active
H000862,S000013,Birchwood Hall,593,2026-08-03,,Active
H000863,S007679,Harborview Hall,434,2024-05-19,,Active
H000864,S001284,Highland Hall,368,2024-04-28,,Active
H000865,S000710,Riverbend Hall,520,2024-03-05,,Active
H000866,S000841,Aspen Court,451,2025-03-08,,Active
H000867,S009641,Harborview Hall,429,2024-02-16,,Active
H000868,S009565,Northgate Hall,102,2024-07-10,,Active
H000869,S006599,Birchwood Hall,208,2026-07-20,,Active
H000870,S003518,Summit House,115,2024-10-29,,Active
H000871,S004113,Willow Creek Hall,198,2025-03-09,,Active
H000872,S001611,Highland Hall,226,2025-01-25,,Active
H000873,S005038,Birchwood Hall,429,2026-05-03,2026-08-20,Moved Out
H000874,S007591,Lakeside Terrace,229,2025-11-27,,Active
H000875,S007319,Lakeside Terrace,330,2026-03-08,,Active
H000876,S009323,Willow Creek Hall,182,2025-02-04,,Active
H000877,S004715,Highland Hall,274,2024-09-24,,Active
H000878,S002386,Bellview Hall,241,2025-09-04,,Active
H000879,S007014,Cedar Crest Hall,163,2024-11-23,,Active
H000880,S008719,Northgate Hall,130,2025-03-29,2025-12-18,Moved Out
H000881,S005157,Meadowbrook Hall,504,2026-03-28,,Active
H000882,S005197,Harborview Hall,379,2024-12-10,,Active
H000883,S008918,Founders Hall,541,2024-11-08,,Active
H000884,S003180,Northgate Hall,321,2026-04-23,,Active
H000885,S001848,Northgate Hall,442,2025-09-27,,Pending Assignment
H000886,S005120,Sunrise Commons,184,2026-04-15,,Active
H000887,S009812,Founders Hall,171,2024-06-25,,Active
H000888,S003787,Riverbend Hall,100,2024-12-03,2025-03-26,Moved Out
H000889,S004505,Harborview Hall,473,2024-08-28,2025-03-16,Moved Out
H000890,S009250,Bellview Hall,407,2025-06-05,,Active
H000891,S006237,Bellview Hall,331,2025-04-23,,Active
H000892,S009763,Willow Creek Hall,219,2023-12-13,,Active
H000893,S002274,Harborview Hall,468,2023-08-11,2023-10-11,Moved Out
H000894,S005896,Highland Hall,581,2025-01-16,2025-06-04,Moved Out
H000895,S005251,Birchwood Hall,322,2025-01-11,2025-09-22,Moved Out
H000896,S007388,Bellview Hall,343,2026-07-31,,Active
H000897,S003333,Aspen Court,181,2025-10-24,,Active
H000898,S002423,Founders Hall,324,2024-02-24,,Active
H000899,S002553,Lakeside Terrace,560,2024-11-05,,Active
H000900,S004531,Sunrise Commons,439,2024-12-25,2025-09-22,Moved Out
H000901,S004595,Summit House,534,2025-05-24,2026-02-28,Moved Out
H000902,S002766,Founders Hall,323,2025-11-11,2026-05-06,Moved Out
H000903,S007770,Highland Hall,492,2026-04-06,,Active
H000904,S000267,Willow Creek Hall,415,2025-07-04,2026-03-13,Moved Out
H000905,S001669,Aspen Court,529,2024-07-15,,Active
H000906,S007198,Bellview Hall,347,2024-02-20,,Active
H000907,S003201,Lakeside Terrace,419,2026-08-02,,Active
H000908,S005657,Cedar Crest Hall,184,2025-04-19,,Active
H000909,S004947,Meadowbrook Hall,132,2023-10-20,,Active
H000910,S007862,Summit House,565,2024-05-25,,Active
H000911,S007521,Highland Hall,584,2025-08-14,,Pending Assignment
H000912,S007170,Harborview Hall,591,2026-07-23,,Active
H000913,S008822,Harborview Hall,506,2023-11-30,2024-05-12,Moved Out
H000914,S008769,Bellview Hall,123,2023-12-10,,Active
H000915,S002877,Aspen Court,452,2023-09-02,2023-12-10,Moved Out
H000916,S008704,Bellview Hall,131,2023-11-05,,Active
H000917,S008047,Northgate Hall,482,2025-06-03,,Active
H000918,S004346,Aspen Court,206,2025-08-31,,Active
H000919,S002131,Lakeside Terrace,164,2025-03-06,2025-10-01,Moved Out
H000920,S005594,Northgate Hall,561,2024-08-14,,Active
H000921,S002835,Maple Ridge Hall,400,2024-06-18,2025-02-25,Moved Out
H000922,S000918,Sunrise Commons,236,2024-08-02,2025-05-13,Moved Out
H000923,S002168,Maple Ridge Hall,543,2024-08-05,,Active
H000924,S009500,Founders Hall,455,2024-09-30,,Active
H000925,S001610,Willow Creek Hall,178,2025-04-04,,Active
H000926,S007896,Bellview Hall,125,2025-09-30,,Pending Assignment
H000927,S002675,Riverbend Hall,557,2024-08-20,,Active
H000928,S001938,Harborview Hall,174,2024-03-26,,Active
H000929,S008116,Aspen Court,153,2026-02-24,2026-08-20,Moved Out
H000930,S009610,Riverbend Hall,277,2025-01-12,,Pending Assignment
H000931,S003214,Founders Hall,426,2026-08-06,,Active
H000932,S001666,Bellview Hall,292,2024-05-14,,Active
H000933,S007064,Aspen Court,251,2024-03-19,2024-06-08,Moved Out
H000934,S002766,Riverbend Hall,493,2026-03-25,,Active
H000935,S000270,Harborview Hall,141,2024-05-31,2024-07-31,Moved Out
H000936,S001815,Birchwood Hall,251,2026-04-26,,Pending Assignment
H000937,S007043,Northgate Hall,470,2024-05-21,,Active
H000938,S008038,Willow Creek Hall,471,2025-04-07,2025-07-14,Moved Out
H000939,S005375,Birchwood Hall,197,2023-12-25,2024-04-16,Moved Out
H000940,S004239,Northgate Hall,279,2026-02-14,,Active
H000941,S003146,Willow Creek Hall,275,2024-04-04,,Active
H000942,S001028,Willow Creek Hall,428,2024-06-19,,Active
H000943,S005082,Willow Creek Hall,231,2024-06-02,,Pending Assignment
H000944,S001318,Willow Creek Hall,581,2023-10-13,,Active
H000945,S007382,Cedar Crest Hall,249,2026-06-27,,Active
H000946,S006911,Willow Creek Hall,176,2023-11-10,2024-04-13,Moved Out
H000947,S007926,Cedar Crest Hall,101,2025-04-22,2025-12-21,Moved Out
H000948,S003492,Bellview Hall,557,2024-09-18,,Active
H000949,S007900,Highland Hall,157,2024-02-22,,Active
H000950,S003797,Summit House,539,2025-12-25,2026-08-20,Moved Out
H000951,S009142,Maple Ridge Hall,102,2024-08-26,2024-12-03,Moved Out
H000952,S002260,Highland Hall,279,2023-09-21,,Active
H000953,S008827,Northgate Hall,539,2024-09-18,2025-04-10,Moved Out
H000954,S001508,Riverbend Hall,107,2024-02-05,,Active
H000955,S008957,Harborview Hall,132,2023-08-10,,Active
H000956,S001329,Meadowbrook Hall,228,2025-01-09,2025-06-06,Moved Out
H000957,S002509,Northgate Hall,567,2025-01-14,,Active
H000958,S002201,Founders Hall,371,2025-07-12,,Active
H000959,S005975,Highland Hall,317,2024-02-17,,Active
H000960,S009770,Sunrise Commons,377,2026-06-01,,Active
H000961,S004911,Harborview Hall,544,2025-05-07,,Active
H000962,S007190,Cedar Crest Hall,113,2026-04-09,2026-08-20,Moved Out
H000963,S001601,Riverbend Hall,520,2026-10-16,,Active
H000964,S004318,Northgate Hall,238,2025-12-11,2026-08-20,Moved Out
H000965,S008325,Birchwood Hall,269,2025-11-07,2026-04-17,Moved Out
H000966,S001983,Bellview Hall,535,2025-07-28,,Active
H000967,S000789,Sunrise Commons,474,2023-08-30,2023-11-26,Moved Out
H000968,S009065,Summit House,544,2025-10-30,,Active
H000969,S005895,Meadowbrook Hall,354,2025-08-26,,Active
H000970,S004301,Maple Ridge Hall,464,2024-06-09,,Active
H000971,S005020,Founders Hall,235,2025-10-30,,Active
H000972,S008017,Aspen Court,222,2024-03-26,2024-11-30,Moved Out
H000973,S000648,Highland Hall,239,2024-03-23,,Active
H000974,S000456,Bellview Hall,290,2023-09-11,2024-06-26,Moved Out
H000975,S008171,Birchwood Hall,126,2024-01-27,,Active
H000976,S009850,Sunrise Commons,498,2025-03-27,2025-07-20,Moved Out
H000977,S006652,Meadowbrook Hall,542,2024-06-26,2024-09-27,Moved Out
H000978,S003137,Highland Hall,375,2025-11-20,,Active
H000979,S004910,Willow Creek Hall,111,2025-09-17,2026-01-29,Moved Out
H000980,S001914,Harborview Hall,184,2024-03-31,,Active
H000981,S001801,Harborview Hall,584,2025-04-16,,Active
H000982,S005446,Harborview Hall,145,2025-12-20,2026-08-20,Moved Out
H000983,S008282,Lakeside Terrace,152,2024-03-16,,Active
H000984,S002145,Aspen Court,248,2024-06-26,,Active
H000985,S006686,Cedar Crest Hall,290,2024-09-16,2025-03-31,Moved Out
H000986,S003272,Maple Ridge Hall,527,2026-02-02,,Active
H000987,S008703,Cedar Crest Hall,468,2024-06-16,,Active
H000988,S004994,Lakeside Terrace,511,2026-06-25,,Active
H000989,S006488,Birchwood Hall,443,2025-01-12,2025-05-26,Moved Out
H000990,S002654,Riverbend Hall,388,2024-11-22,,Active
H000991,S003771,Bellview Hall,373,2023-09-26,,Active
H000992,S003642,Highland Hall,547,2024-01-17,2024-04-23,Moved Out
H000993,S004119,Birchwood Hall,573,2025-01-26,,Active
H000994,S000529,Lakeside Terrace,516,2026-06-25,,Active
H000995,S000718,Highland Hall,189,2025-12-11,2026-05-02,Moved Out
H000996,S007556,Highland Hall,126,2026-04-13,,Active
H000997,S008642,Sunrise Commons,207,2026-08-12,,Active
H000998,S003155,Summit House,571,2025-12-18,,Active
H000999,S009678,Willow Creek Hall,351,2025-09-21,,Active
H001000,S008312,Summit House,101,2024-11-30,,Active
H001001,S006662,Sunrise Commons,371,2025-01-14,2025-07-24,Moved Out
H001002,S003542,Harborview Hall,471,2024-11-12,2025-03-18,Moved Out
H001003,S004343,Aspen Court,140,2026-06-10,,Active
H001004,S006964,Highland Hall,540,2023-10-10,,Active
H001005,S005554,Aspen Court,538,2025-09-19,,Active
H001006,S005100,Harborview Hall,115,2025-01-16,,Active
H001007,S003096,Willow Creek Hall,538,2024-12-26,,Active
H001008,S006033,Highland Hall,300,2024-06-27,,Active
H001009,S006526,Birchwood Hall,431,2025-03-29,2025-12-26,Moved Out
H001010,S001575,Founders Hall,320,2026-01-11,,Active
H001011,S009903,Willow Creek Hall,224,2023-10-04,,Active
H001012,S004555,Birchwood Hall,587,2026-09-06,,Active
H001013,S005699,Founders Hall,574,2023-09-10,,Active
H001014,S008433,Meadowbrook Hall,488,2024-12-10,,Active
H001015,S001718,Harborview Hall,585,2026-06-11,,Active
H001016,S009043,Northgate Hall,379,2024-04-02,,Active
H001017,S005270,Cedar Crest Hall,349,2024-04-08,,Active
H001018,S008294,Maple Ridge Hall,581,2024-07-16,,Active
H001019,S005697,Cedar Crest Hall,198,2025-06-08,,Active
H001020,S007888,Willow Creek Hall,437,2025-12-23,2026-06-10,Moved Out
H001021,S002476,Sunrise Commons,273,2024-02-14,,Active
H001022,S003302,Meadowbrook Hall,418,2024-08-01,,Active
H001023,S003988,Sunrise Commons,327,2024-11-22,,Active
H001024,S007590,Maple Ridge Hall,133,2023-08-23,,Active
H001025,S000487,Harborview Hall,355,2024-08-04,2025-05-20,Moved Out
H001026,S009407,Bellview Hall,275,2025-06-20,,Active
H001027,S005627,Summit House,169,2024-11-20,,Active
H001028,S003922,Lakeside Terrace,394,2025-03-23,2025-12-13,Moved Out
H001029,S004808,Sunrise Commons,182,2025-02-09,,Pending Assignment
H001030,S008119,Riverbend Hall,229,2023-08-23,,Active
H001031,S003113,Birchwood Hall,171,2024-03-17,,Active
H001032,S007981,Highland Hall,495,2025-08-22,,Active
H001033,S006546,Lakeside Terrace,139,2026-07-03,2026-08-20,Moved Out
H001034,S005961,Cedar Crest Hall,570,2026-01-16,,Active
H001035,S009944,Riverbend Hall,181,2025-10-22,2026-03-18,Moved Out
H001036,S003139,Maple Ridge Hall,424,2025-02-18,2025-07-14,Moved Out
H001037,S003150,Cedar Crest Hall,163,2025-09-16,,Active
H001038,S000299,Founders Hall,592,2024-03-07,2024-08-24,Moved Out
H001039,S002577,Maple Ridge Hall,104,2025-07-15,2025-12-09,Moved Out
H001040,S004309,Cedar Crest Hall,220,2024-09-25,,Active
H001041,S004154,Maple Ridge Hall,120,2024-08-04,,Active
H001042,S006009,Sunrise Commons,441,2024-02-05,,Active
H001043,S009218,Sunrise Commons,262,2024-08-20,,Active
H001044,S007631,Willow Creek Hall,309,2025-07-26,,Active
H001045,S009806,Riverbend Hall,234,2025-05-10,,Active
H001046,S008727,Summit House,257,2024-01-20,,Active
H001047,S000605,Meadowbrook Hall,361,2026-04-01,2026-07-14,Moved Out
H001048,S005149,Founders Hall,589,2025-08-26,,Active
H001049,S005133,Willow Creek Hall,551,2024-03-23,,Active
H001050,S002147,Aspen Court,305,2025-06-01,,Active
H001051,S004992,Summit House,294,2025-02-08,,Active
H001052,S004773,Willow Creek Hall,346,2024-01-10,,Active
H001053,S008866,Bellview Hall,563,2024-08-25,,Pending Assignment
H001054,S007952,Aspen Court,303,2026-05-15,2026-08-20,Moved Out
H001055,S002020,Northgate Hall,570,2026-08-10,,Active
H001056,S006894,Lakeside Terrace,283,2025-07-17,,Active
H001057,S008593,Bellview Hall,355,2024-12-24,,Active
H001058,S009254,Maple Ridge Hall,277,2025-06-27,,Active
H001059,S006739,Meadowbrook Hall,431,2025-02-01,,Active
H001060,S001391,Northgate Hall,130,2023-09-01,,Active
H001061,S009529,Meadowbrook Hall,515,2025-06-11,,Active
H001062,S003630,Summit House,147,2025-11-08,,Active
H001063,S003497,Founders Hall,550,2025-11-16,,Active
H001064,S008083,Riverbend Hall,222,2026-06-21,2026-08-20,Moved Out
H001065,S007856,Aspen Court,446,2024-04-09,,Active
H001066,S005801,Harborview Hall,362,2026-01-30,,Active
H001067,S008903,Meadowbrook Hall,514,2025-06-05,,Active
H001068,S005726,Summit House,446,2027-01-04,,Active
H001069,S009867,Cedar Crest Hall,398,2024-08-18,,Active
H001070,S006057,Harborview Hall,227,2025-05-26,,Active
H001071,S001733,Maple Ridge Hall,542,2024-11-17,2025-07-01,Moved Out
H001072,S000323,Aspen Court,269,2025-03-23,,Active
H001073,S002338,Sunrise Commons,479,2023-12-15,2024-09-22,Moved Out
H001074,S007940,Willow Creek Hall,577,2024-10-22,,Active
H001075,S001240,Birchwood Hall,490,2024-04-20,,Active
H001076,S004209,Riverbend Hall,570,2024-11-03,,Active
H001077,S003927,Summit House,189,2024-04-16,2024-11-28,Moved Out
H001078,S006260,Maple Ridge Hall,562,2025-08-08,2025-11-23,Moved Out
H001079,S006067,Highland Hall,320,2025-08-09,,Active
H001080,S007779,Summit House,193,2025-01-01,2025-10-21,Moved Out
H001081,S002011,Highland Hall,279,2025-11-27,,Active
H001082,S005984,Meadowbrook Hall,564,2026-07-20,,Active
H001083,S004418,Aspen Court,358,2026-03-20,,Active
H001084,S003463,Cedar Crest Hall,247,2024-12-13,,Active
H001085,S008000,Highland Hall,412,2026-06-26,,Active
H001086,S003167,Summit House,193,2025-12-30,,Active
H001087,S008034,Bellview Hall,251,2025-02-26,,Active
H001088,S005165,Meadowbrook Hall,428,2025-08-10,,Active
H001089,S009164,Lakeside Terrace,176,2025-03-16,2025-11-27,Moved Out
H001090,S007795,Summit House,496,2023-08-19,,Active
H001091,S004386,Maple Ridge Hall,112,2026-07-07,,Active
H001092,S004717,Bellview Hall,285,2023-12-19,,Active
H001093,S005826,Sunrise Commons,361,2024-04-14,,Active
H001094,S003976,Aspen Court,308,2024-12-16,2025-08-16,Moved Out
H001095,S007508,Harborview Hall,398,2025-11-19,,Active
H001096,S007125,Lakeside Terrace,398,2025-12-30,,Active
H001097,S009199,Meadowbrook Hall,153,2024-09-11,2025-01-05,Moved Out
H001098,S007100,Summit House,451,2024-06-18,,Active
H001099,S007631,Sunrise Commons,332,2026-01-23,2026-06-30,Moved Out
H001100,S005608,Maple Ridge Hall,333,2023-12-11,,Active
H001101,S002922,Sunrise Commons,281,2025-10-20,2026-02-27,Moved Out
H001102,S008605,Meadowbrook Hall,462,2026-04-13,,Active
H001103,S006126,Birchwood Hall,162,2023-11-02,2024-08-26,Moved Out
H001104,S006769,Aspen Court,178,2025-04-04,2025-07-25,Moved Out
H001105,S004265,Lakeside Terrace,484,2026-03-09,2026-08-20,Moved Out
H001106,S008342,Aspen Court,462,2025-03-28,2026-01-19,Moved Out
H001107,S000687,Highland Hall,336,2023-11-16,,Active
H001108,S009840,Sunrise Commons,438,2023-11-24,,Active
H001109,S003574,Birchwood Hall,550,2026-06-25,,Active
H001110,S005287,Maple Ridge Hall,446,2023-11-19,,Active
H001111,S003792,Meadowbrook Hall,156,2024-02-12,2024-05-31,Moved Out
H001112,S000053,Maple Ridge Hall,540,2026-04-11,,Active
H001113,S000784,Riverbend Hall,450,2024-07-01,,Active
H001114,S003844,Birchwood Hall,327,2026-01-22,,Active
H001115,S004047,Sunrise Commons,277,2026-03-24,2026-08-20,Moved Out
H001116,S002880,Summit House,495,2025-01-16,2025-10-31,Moved Out
H001117,S002608,Aspen Court,556,2024-10-16,,Active
H001118,S009286,Maple Ridge Hall,478,2026-02-24,2026-05-09,Moved Out
H001119,S006598,Sunrise Commons,299,2024-12-09,,Active
H001120,S001572,Founders Hall,192,2024-11-20,,Active
H001121,S000862,Meadowbrook Hall,471,2026-06-25,2026-08-20,Moved Out
H001122,S006233,Bellview Hall,482,2024-05-17,2025-02-10,Moved Out
H001123,S001056,Highland Hall,277,2025-10-09,2026-05-29,Moved Out
H001124,S006949,Northgate Hall,371,2023-08-31,,Active
H001125,S007475,Harborview Hall,209,2026-06-06,,Active
H001126,S007773,Harborview Hall,463,2025-11-25,,Active
H001127,S002893,Meadowbrook Hall,113,2024-01-28,2024-11-07,Moved Out
H001128,S004046,Meadowbrook Hall,213,2025-03-07,2025-09-06,Moved Out
H001129,S008148,Bellview Hall,488,2024-06-08,2025-01-12,Moved Out
H001130,S003806,Founders Hall,377,2024-02-16,,Active
H001131,S007481,Cedar Crest Hall,480,2025-05-04,,Active
H001132,S006362,Willow Creek Hall,183,2025-10-18,,Active
H001133,S006132,Bellview Hall,521,2025-07-22,,Active
H001134,S007326,Highland Hall,477,2024-02-29,2024-11-20,Moved Out
H001135,S009456,Highland Hall,551,2023-09-16,,Active
H001136,S007416,Lakeside Terrace,446,2024-03-07,,Active
H001137,S005561,Summit House,313,2025-04-07,,Active
H001138,S008559,Willow Creek Hall,135,2024-03-31,,Active
H001139,S007370,Northgate Hall,166,2024-12-25,,Active
H001140,S009939,Meadowbrook Hall,456,2024-04-02,,Active
H001141,S002815,Willow Creek Hall,178,2025-09-09,,Active
H001142,S003212,Meadowbrook Hall,169,2025-02-22,2025-11-12,Moved Out
H001143,S000295,Meadowbrook Hall,497,2026-03-11,2026-08-20,Moved Out
H001144,S003758,Bellview Hall,476,2024-04-14,,Active
H001145,S000190,Meadowbrook Hall,134,2026-03-26,,Active
H001146,S008826,Founders Hall,357,2026-07-18,2026-08-20,Moved Out
H001147,S008173,Maple Ridge Hall,563,2026-06-05,,Active
H001148,S003032,Founders Hall,134,2024-06-08,,Active
H001149,S005915,Northgate Hall,236,2024-01-19,2024-10-07,Moved Out
H001150,S005931,Birchwood Hall,283,2024-07-24,2025-01-03,Moved Out
H001151,S009635,Harborview Hall,239,2026-05-15,,Active
H001152,S000930,Riverbend Hall,402,2024-04-04,,Active
H001153,S001397,Cedar Crest Hall,201,2026-04-23,,Pending Assignment
H001154,S004110,Founders Hall,421,2025-04-19,,Active
H001155,S004303,Willow Creek Hall,135,2024-11-02,,Active
H001156,S007859,Harborview Hall,294,2024-04-27,,Active
H001157,S002629,Northgate Hall,560,2026-04-10,,Active
H001158,S002642,Sunrise Commons,414,2025-08-23,,Active
H001159,S000960,Summit House,460,2024-07-02,,Pending Assignment
H001160,S003648,Meadowbrook Hall,380,2024-02-22,,Active
H001161,S001130,Maple Ridge Hall,267,2024-06-13,2024-09-04,Moved Out
H001162,S006062,Highland Hall,450,2024-02-07,2024-10-07,Moved Out
H001163,S006440,Bellview Hall,313,2025-06-25,,Active
H001164,S000948,Meadowbrook Hall,332,2025-03-19,2026-01-09,Moved Out
H001165,S003498,Meadowbrook Hall,362,2024-08-09,2025-05-14,Moved Out
H001166,S007285,Birchwood Hall,295,2025-09-25,2026-05-26,Moved Out
H001167,S003903,Founders Hall,444,2023-08-27,,Active
H001168,S009094,Founders Hall,598,2024-03-16,2024-11-23,Moved Out
H001169,S005868,Highland Hall,544,2025-09-21,2026-07-16,Moved Out
H001170,S007538,Summit House,136,2026-07-17,,Active
H001171,S001969,Cedar Crest Hall,127,2024-03-03,,Active
H001172,S008336,Aspen Court,375,2025-05-30,,Active
H001173,S003560,Maple Ridge Hall,142,2024-09-06,2025-01-04,Moved Out
H001174,S000420,Founders Hall,302,2025-11-27,2026-08-20,Moved Out
H001175,S004497,Highland Hall,329,2023-08-17,,Active
H001176,S004567,Bellview Hall,284,2026-08-15,,Pending Assignment
H001177,S009177,Northgate Hall,457,2026-05-05,,Active
H001178,S005865,Maple Ridge Hall,508,2024-11-28,2025-06-14,Moved Out
H001179,S001517,Riverbend Hall,512,2024-04-26,2024-10-04,Moved Out
H001180,S003699,Summit House,576,2025-07-10,2026-05-03,Moved Out
H001181,S007748,Meadowbrook Hall,541,2024-03-19,,Active
H001182,S007276,Bellview Hall,196,2025-09-28,2026-01-27,Moved Out
H001183,S008203,Founders Hall,525,2026-01-26,2026-08-20,Moved Out
H001184,S006515,Founders Hall,191,2024-07-21,,Active
H001185,S002095,Bellview Hall,570,2027-01-11,,Active
H001186,S006667,Founders Hall,128,2024-04-14,,Active
H001187,S001158,Bellview Hall,392,2026-07-16,2026-08-20,Moved Out
H001188,S002431,Riverbend Hall,285,2026-05-29,2026-08-03,Moved Out
H001189,S001113,Birchwood Hall,109,2026-07-28,,Active
H001190,S002240,Cedar Crest Hall,112,2024-02-01,2024-07-24,Moved Out
H001191,S001307,Lakeside Terrace,463,2025-08-17,,Active
H001192,S007775,Highland Hall,205,2024-04-01,,Active
H001193,S003828,Sunrise Commons,489,2024-06-27,,Active
H001194,S006440,Meadowbrook Hall,193,2024-12-21,,Pending Assignment
H001195,S002056,Meadowbrook Hall,483,2023-11-06,,Active
H001196,S005533,Cedar Crest Hall,154,2025-10-20,,Active
H001197,S005769,Founders Hall,358,2024-07-14,,Active
H001198,S006274,Harborview Hall,433,2024-09-26,2024-12-18,Moved Out
H001199,S009901,Founders Hall,444,2025-06-06,,Active
H001200,S006308,Birchwood Hall,365,2023-10-01,2024-01-09,Moved Out
H001201,S005525,Meadowbrook Hall,549,2025-01-10,2025-06-15,Moved Out
H001202,S001388,Riverbend Hall,271,2024-03-25,2024-06-05,Moved Out
H001203,S009223,Cedar Crest Hall,511,2026-01-02,,Active
H001204,S000053,Maple Ridge Hall,343,2026-09-24,,Active
H001205,S000858,Harborview Hall,180,2024-12-03,,Active
H001206,S000028,Birchwood Hall,577,2023-10-10,,Active
H001207,S005343,Lakeside Terrace,129,2026-08-08,,Active
H001208,S004135,Sunrise Commons,365,2026-06-18,2026-08-20,Moved Out
H001209,S002494,Cedar Crest Hall,422,2024-09-29,,Active
H001210,S007908,Aspen Court,404,2026-06-27,,Active
H001211,S005541,Meadowbrook Hall,168,2024-09-09,,Active
H001212,S001712,Riverbend Hall,571,2024-07-21,2025-01-26,Moved Out
H001213,S001367,Birchwood Hall,176,2025-01-26,2025-06-27,Moved Out
H001214,S009062,Summit House,328,2024-07-28,2025-01-14,Moved Out
H001215,S005584,Riverbend Hall,583,2024-10-10,,Active
H001216,S002506,Riverbend Hall,547,2025-07-09,2025-09-12,Moved Out
H001217,S008552,Aspen Court,539,2025-08-14,2025-11-06,Moved Out
H001218,S001029,Bellview Hall,447,2026-01-26,2026-08-20,Moved Out
H001219,S004731,Summit House,161,2024-09-30,,Active
H001220,S005907,Riverbend Hall,304,2023-10-29,2024-06-18,Moved Out
H001221,S004601,Summit House,177,2024-04-08,2024-09-28,Moved Out
H001222,S002042,Summit House,182,2024-05-29,,Active
H001223,S004903,Bellview Hall,381,2023-10-02,,Active
H001224,S001593,Bellview Hall,304,2024-01-24,2024-08-13,Moved Out
H001225,S001960,Founders Hall,512,2025-01-01,,Active
H001226,S001418,Cedar Crest Hall,581,2024-03-10,2024-12-20,Moved Out
H001227,S006328,Willow Creek Hall,471,2026-01-22,,Pending Assignment
H001228,S004263,Bellview Hall,573,2024-08-03,2024-12-07,Moved Out
H001229,S001408,Lakeside Terrace,138,2026-03-30,,Active
H001230,S005789,Willow Creek Hall,381,2025-10-22,2026-06-16,Moved Out
H001231,S008590,Birchwood Hall,392,2025-05-30,2025-08-08,Moved Out
H001232,S001161,Highland Hall,297,2023-08-12,,Active
H001233,S008527,Birchwood Hall,548,2023-12-28,2024-05-13,Moved Out
H001234,S008080,Sunrise Commons,232,2025-01-20,,Active
H001235,S000218,Willow Creek Hall,514,2025-05-28,2026-01-01,Moved Out
H001236,S004253,Meadowbrook Hall,229,2023-09-18,2024-05-04,Moved Out
H001237,S000025,Willow Creek Hall,495,2024-06-30,,Active
H001238,S009917,Willow Creek Hall,207,2025-10-03,2026-03-04,Moved Out
H001239,S003366,Willow Creek Hall,591,2025-06-19,2025-09-15,Moved Out
H001240,S002030,Northgate Hall,442,2024-04-18,,Active
H001241,S002029,Northgate Hall,466,2025-02-25,,Active
H001242,S000671,Harborview Hall,447,2026-01-25,,Active
H001243,S008124,Highland Hall,344,2024-07-30,,Pending Assignment
H001244,S003578,Riverbend Hall,162,2024-04-15,,Active
H001245,S002897,Sunrise Commons,350,2025-09-08,,Active
H001246,S006752,Founders Hall,514,2024-11-14,2025-06-20,Moved Out
H001247,S000924,Maple Ridge Hall,223,2024-12-10,2025-07-09,Moved Out
H001248,S007380,Aspen Court,405,2024-09-19,,Active
H001249,S008912,Northgate Hall,500,2024-01-16,,Active
H001250,S009695,Meadowbrook Hall,418,2025-08-01,,Active
H001251,S007456,Harborview Hall,206,2025-06-11,2026-03-09,Moved Out
H001252,S006188,Sunrise Commons,507,2025-05-22,,Active
H001253,S002928,Lakeside Terrace,409,2023-12-05,,Pending Assignment
H001254,S009212,Willow Creek Hall,117,2025-10-29,2026-01-11,Moved Out
H001255,S005429,Meadowbrook Hall,521,2024-03-15,2024-05-15,Moved Out
H001256,S009545,Meadowbrook Hall,340,2024-06-03,,Active
H001257,S006385,Willow Creek Hall,422,2026-07-12,,Active
H001258,S009343,Summit House,156,2023-08-21,,Active
H001259,S006060,Northgate Hall,299,2024-10-16,,Active
H001260,S002368,Aspen Court,475,2025-08-31,,Active
H001261,S006296,Summit House,355,2025-09-19,,Active
H001262,S001645,Highland Hall,366,2026-07-19,,Active
H001263,S006518,Aspen Court,378,2024-07-03,2024-12-30,Moved Out
H001264,S004284,Willow Creek Hall,233,2025-12-22,2026-02-25,Moved Out
H001265,S002420,Summit House,459,2026-02-15,,Active
H001266,S002827,Maple Ridge Hall,356,2024-09-05,,Active
H001267,S001027,Harborview Hall,246,2023-11-16,2024-06-22,Moved Out
H001268,S002213,Maple Ridge Hall,506,2024-07-28,,Active
H001269,S008447,Willow Creek Hall,129,2024-03-09,,Active
H001270,S007386,Northgate Hall,314,2024-10-07,,Active
H001271,S000754,Meadowbrook Hall,288,2026-01-14,2026-07-12,Moved Out
H001272,S004092,Birchwood Hall,197,2026-01-17,,Active
H001273,S002395,Founders Hall,325,2026-06-22,,Active
H001274,S000095,Willow Creek Hall,424,2025-08-11,2026-04-27,Moved Out
H001275,S003835,Northgate Hall,482,2023-08-28,,Active
H001276,S006924,Sunrise Commons,318,2024-02-23,2024-05-06,Moved Out
H001277,S008159,Riverbend Hall,279,2024-12-07,2025-03-09,Moved Out
H001278,S006558,Riverbend Hall,418,2026-01-02,2026-08-20,Moved Out
H001279,S004370,Maple Ridge Hall,322,2025-01-03,,Active
H001280,S003413,Willow Creek Hall,577,2023-08-03,2023-11-21,Moved Out
H001281,S001141,Summit House,297,2024-11-23,,Active
H001282,S009178,Lakeside Terrace,418,2026-05-18,2026-08-20,Moved Out
H001283,S009304,Willow Creek Hall,539,2025-07-08,,Active
H001284,S007777,Bellview Hall,163,2024-07-09,,Pending Assignment
H001285,S008466,Harborview Hall,327,2026-07-31,2026-08-20,Moved Out
H001286,S005499,Highland Hall,490,2024-10-03,,Active
H001287,S002417,Cedar Crest Hall,253,2025-07-07,2026-02-15,Moved Out
H001288,S003078,Lakeside Terrace,288,2025-10-10,,Active
H001289,S003977,Highland Hall,591,2025-01-01,,Active
H001290,S004870,Highland Hall,385,2026-08-10,,Active
H001291,S004215,Lakeside Terrace,152,2026-03-28,,Active
H001292,S000533,Sunrise Commons,585,2025-02-12,,Active
H001293,S007177,Riverbend Hall,234,2025-10-19,,Active
H001294,S006377,Birchwood Hall,285,2023-09-28,2024-05-08,Moved Out
H001295,S004348,Summit House,187,2025-06-24,2026-03-06,Moved Out
H001296,S006499,Sunrise Commons,307,2025-12-06,,Active
H001297,S007432,Sunrise Commons,372,2026-01-22,,Active
H001298,S006697,Founders Hall,387,2026-01-04,,Active
H001299,S000271,Founders Hall,587,2026-04-19,,Active
H001300,S000706,Northgate Hall,393,2023-10-31,,Active
H001301,S003900,Birchwood Hall,113,2025-04-15,2025-09-01,Moved Out
H001302,S008112,Meadowbrook Hall,485,2024-07-09,,Active
H001303,S007428,Sunrise Commons,572,2024-10-13,2025-01-05,Moved Out
H001304,S005742,Maple Ridge Hall,139,2023-09-03,,Active
H001305,S008166,Bellview Hall,494,2025-08-11,,Active
H001306,S005488,Willow Creek Hall,325,2023-11-01,,Active
H001307,S001909,Maple Ridge Hall,233,2023-12-06,,Active
H001308,S001345,Cedar Crest Hall,448,2024-01-31,,Active
H001309,S001059,Birchwood Hall,314,2024-07-11,,Active
H001310,S005654,Highland Hall,110,2026-08-25,,Active
H001311,S001766,Maple Ridge Hall,450,2025-06-24,,Active
H001312,S007853,Northgate Hall,449,2025-08-31,,Active
H001313,S006796,Cedar Crest Hall,543,2025-01-05,,Active
H001314,S002180,Lakeside Terrace,462,2023-11-15,,Active
H001315,S008554,Highland Hall,166,2026-04-11,,Active
H001316,S007452,Birchwood Hall,288,2027-02-02,2026-08-20,Moved Out
H001317,S000231,Maple Ridge Hall,570,2026-03-21,,Active
H001318,S008298,Meadowbrook Hall,423,2024-02-20,2024-08-23,Moved Out
H001319,S002443,Meadowbrook Hall,233,2027-01-29,,Active
H001320,S007283,Lakeside Terrace,517,2025-10-15,,Active
H001321,S004171,Northgate Hall,229,2025-05-16,,Active
H001322,S001214,Sunrise Commons,210,2025-07-28,2026-03-19,Moved Out
H001323,S009943,Lakeside Terrace,523,2025-07-06,,Active
H001324,S001937,Summit House,367,2024-07-02,,Active
H001325,S000413,Aspen Court,447,2024-07-18,2025-03-25,Moved Out
H001326,S002183,Maple Ridge Hall,412,2024-11-19,,Active
H001327,S008025,Maple Ridge Hall,534,2025-06-21,,Active
H001328,S001035,Willow Creek Hall,530,2023-08-27,2024-05-30,Moved Out
H001329,S005473,Lakeside Terrace,520,2025-06-14,2025-08-14,Moved Out
H001330,S002314,Northgate Hall,444,2024-12-02,,Active
H001331,S005565,Lakeside Terrace,283,2026-03-12,,Active
H001332,S007054,Summit House,534,2025-05-15,2025-08-16,Moved Out
H001333,S006743,Harborview Hall,390,2023-09-19,2024-01-28,Moved Out
H001334,S003539,Meadowbrook Hall,519,2025-02-15,,Pending Assignment
H001335,S008305,Maple Ridge Hall,183,2025-11-18,,Active
H001336,S002193,Sunrise Commons,381,2025-08-12,,Pending Assignment
H001337,S002032,Harborview Hall,461,2024-08-30,,Active
H001338,S009687,Founders Hall,214,2024-12-11,2025-09-13,Moved Out
H001339,S004742,Bellview Hall,125,2025-01-24,,Active
H001340,S005182,Willow Creek Hall,554,2024-05-25,,Active
H001341,S001199,Riverbend Hall,383,2025-03-25,,Active
H001342,S000128,Summit House,296,2026-08-03,2026-08-20,Moved Out
H001343,S002190,Meadowbrook Hall,179,2023-11-13,,Active
H001344,S000143,Harborview Hall,293,2023-11-30,,Active
H001345,S004784,Cedar Crest Hall,587,2024-06-28,2024-10-01,Moved Out
H001346,S005286,Willow Creek Hall,261,2026-03-16,2026-08-03,Moved Out
H001347,S007210,Bellview Hall,332,2025-08-02,,Active
H001348,S003281,Willow Creek Hall,590,2024-09-26,2025-02-28,Moved Out
H001349,S004291,Highland Hall,343,2026-05-04,,Active
H001350,S005648,Lakeside Terrace,284,2024-04-04,2024-11-24,Moved Out
H001351,S007706,Harborview Hall,443,2025-06-10,,Active
H001352,S000697,Willow Creek Hall,370,2026-06-07,2026-08-20,Moved Out
H001353,S004028,Lakeside Terrace,333,2025-05-03,2025-10-16,Moved Out
H001354,S009207,Founders Hall,470,2026-07-14,,Active
H001355,S006396,Harborview Hall,151,2026-05-24,2026-08-20,Moved Out
H001356,S001887,Sunrise Commons,261,2024-08-07,,Active
H001357,S004194,Maple Ridge Hall,280,2024-08-17,,Active
H001358,S002185,Cedar Crest Hall,559,2026-04-07,2026-08-20,Moved Out
H001359,S005310,Founders Hall,389,2026-01-04,2026-07-13,Moved Out
H001360,S007033,Highland Hall,268,2026-08-11,2026-08-20,Moved Out
H001361,S004072,Lakeside Terrace,134,2023-12-16,,Active
H001362,S006534,Sunrise Commons,574,2024-10-22,,Active
H001363,S005340,Lakeside Terrace,322,2025-02-28,,Active
H001364,S009745,Birchwood Hall,273,2025-10-22,2026-01-17,Moved Out
H001365,S006064,Lakeside Terrace,555,2026-06-20,2026-08-20,Moved Out
H001366,S005000,Meadowbrook Hall,262,2025-01-10,2025-08-23,Moved Out
H001367,S000309,Founders Hall,446,2025-05-15,,Active
H001368,S002567,Summit House,467,2026-08-09,,Active
H001369,S004363,Bellview Hall,476,2024-11-12,2025-08-04,Moved Out
H001370,S004605,Northgate Hall,163,2025-06-12,2025-08-21,Moved Out
H001371,S008891,Birchwood Hall,440,2023-09-19,2024-04-29,Moved Out
H001372,S006436,Bellview Hall,473,2023-12-01,,Active
H001373,S004479,Founders Hall,143,2025-03-13,,Active
H001374,S006213,Founders Hall,394,2023-09-14,2024-06-29,Moved Out
H001375,S002991,Riverbend Hall,165,2025-07-16,2025-12-31,Moved Out
H001376,S008541,Aspen Court,583,2023-09-04,,Active
H001377,S001140,Willow Creek Hall,214,2023-10-27,,Active
H001378,S009099,Birchwood Hall,451,2023-08-30,2023-12-11,Moved Out
H001379,S008525,Founders Hall,148,2024-01-29,2024-09-24,Moved Out
H001380,S009870,Willow Creek Hall,528,2023-10-19,,Active
H001381,S000785,Riverbend Hall,579,2024-04-29,,Active
H001382,S007664,Bellview Hall,375,2025-09-14,,Active
H001383,S002803,Bellview Hall,553,2026-05-06,2026-08-20,Moved Out
H001384,S000469,Summit House,534,2024-06-06,2024-12-18,Moved Out
H001385,S001190,Harborview Hall,489,2024-12-04,2025-07-28,Moved Out
H001386,S003904,Meadowbrook Hall,279,2025-08-14,,Active
H001387,S008454,Lakeside Terrace,506,2024-03-18,,Active
H001388,S009037,Meadowbrook Hall,150,2023-12-05,,Active
H001389,S000774,Birchwood Hall,140,2026-08-01,2026-08-20,Moved Out
H001390,S009865,Highland Hall,465,2025-07-16,,Active
H001391,S004604,Harborview Hall,392,2026-01-31,,Active
H001392,S001052,Bellview Hall,584,2024-05-18,,Active
H001393,S009246,Willow Creek Hall,232,2024-01-29,,Active
H001394,S008068,Riverbend Hall,332,2024-10-13,2024-12-27,Moved Out
H001395,S009683,Summit House,512,2025-05-20,,Active
H001396,S005581,Highland Hall,528,2025-09-23,,Active
H001397,S001770,Lakeside Terrace,163,2023-10-20,2024-06-17,Moved Out
H001398,S009611,Cedar Crest Hall,219,2024-01-26,,Active
H001399,S007429,Summit House,539,2023-10-25,,Active
H001400,S001085,Cedar Crest Hall,174,2023-08-16,2023-10-21,Moved Out
H001401,S002742,Lakeside Terrace,160,2025-03-06,2025-11-21,Moved Out
H001402,S006761,Meadowbrook Hall,585,2024-04-19,,Active
H001403,S009910,Willow Creek Hall,495,2025-08-05,,Active
H001404,S006972,Founders Hall,422,2024-05-23,2024-12-16,Moved Out
H001405,S000548,Riverbend Hall,515,2024-04-07,,Active
H001406,S009534,Aspen Court,404,2026-04-18,2026-08-20,Moved Out
H001407,S006342,Highland Hall,472,2026-07-30,,Active
H001408,S004579,Meadowbrook Hall,513,2024-11-26,,Active
H001409,S003579,Maple Ridge Hall,522,2024-08-28,,Active
H001410,S008374,Summit House,340,2024-11-05,,Active
H001411,S001174,Northgate Hall,569,2025-10-30,2026-03-12,Moved Out
H001412,S005284,Founders Hall,351,2025-06-11,,Active
H001413,S004969,Birchwood Hall,147,2025-11-27,2026-08-20,Moved Out
H001414,S000457,Willow Creek Hall,324,2026-08-15,2026-08-20,Moved Out
H001415,S004238,Sunrise Commons,287,2026-04-05,,Active
H001416,S008428,Sunrise Commons,313,2025-02-08,,Active
H001417,S006629,Willow Creek Hall,465,2024-07-30,,Pending Assignment
H001418,S006765,Lakeside Terrace,518,2024-09-08,,Active
H001419,S001235,Highland Hall,339,2024-12-24,,Active
H001420,S008375,Birchwood Hall,524,2026-08-02,,Active
H001421,S003951,Maple Ridge Hall,560,2024-03-20,,Active
H001422,S002050,Summit House,401,2025-09-18,,Pending Assignment
H001423,S009591,Aspen Court,151,2025-08-22,,Active
H001424,S001107,Birchwood Hall,179,2026-05-17,2026-08-14,Moved Out
H001425,S000555,Meadowbrook Hall,286,2026-08-01,,Active
H001426,S003643,Birchwood Hall,195,2025-01-04,,Active
H001427,S000430,Cedar Crest Hall,156,2024-06-27,,Active
H001428,S005603,Willow Creek Hall,480,2023-11-22,,Active
H001429,S006141,Birchwood Hall,387,2023-11-11,2024-04-06,Moved Out
H001430,S001433,Aspen Court,412,2025-07-10,,Active
H001431,S003085,Meadowbrook Hall,539,2026-05-03,,Active
H001432,S002057,Meadowbrook Hall,280,2023-12-23,2024-05-15,Moved Out
H001433,S003103,Birchwood Hall,261,2026-02-27,,Active
H001434,S003921,Sunrise Commons,291,2024-06-30,2025-04-08,Moved Out
H001435,S003235,Highland Hall,480,2025-03-12,,Active
H001436,S003867,Sunrise Commons,350,2025-07-27,,Active
H001437,S004707,Founders Hall,292,2024-01-17,2024-03-23,Moved Out
H001438,S006168,Maple Ridge Hall,552,2026-03-11,,Active
H001439,S002762,Sunrise Commons,344,2024-12-12,2025-08-17,Moved Out
H001440,S000208,Founders Hall,370,2023-12-11,,Active
H001441,S004181,Highland Hall,458,2026-08-03,2026-08-20,Moved Out
H001442,S003577,Lakeside Terrace,128,2025-05-05,,Active
H001443,S006253,Maple Ridge Hall,585,2026-05-14,2026-07-17,Moved Out
H001444,S003599,Riverbend Hall,334,2024-09-24,2025-07-07,Moved Out
H001445,S004628,Lakeside Terrace,421,2023-11-05,,Active
H001446,S003772,Aspen Court,314,2025-04-04,2025-12-09,Moved Out
H001447,S002905,Bellview Hall,484,2025-05-24,2025-11-24,Moved Out
H001448,S005939,Sunrise Commons,191,2023-11-08,,Active
H001449,S009648,Sunrise Commons,191,2025-12-18,,Active
H001450,S009017,Meadowbrook Hall,252,2025-03-03,2025-06-21,Moved Out
H001451,S001805,Aspen Court,503,2024-09-11,,Active
H001452,S001021,Cedar Crest Hall,364,2025-08-14,,Active
H001453,S006046,Founders Hall,389,2024-09-11,,Active
H001454,S007567,Lakeside Terrace,372,2025-12-15,,Active
H001455,S000339,Birchwood Hall,545,2024-01-11,2024-08-01,Moved Out
H001456,S000404,Bellview Hall,598,2023-09-24,,Pending Assignment
H001457,S004040,Sunrise Commons,508,2024-01-31,,Active
H001458,S000536,Riverbend Hall,452,2026-03-18,2026-08-20,Moved Out
H001459,S006783,Aspen Court,191,2025-10-03,,Active
H001460,S001175,Bellview Hall,235,2024-03-31,,Active
H001461,S007869,Sunrise Commons,285,2026-05-02,2026-08-20,Moved Out
H001462,S004778,Aspen Court,187,2026-08-20,2026-08-20,Moved Out
H001463,S004915,Summit House,280,2024-02-23,,Active
H001464,S001369,Lakeside Terrace,315,2024-08-20,2024-11-25,Moved Out
H001465,S002170,Summit House,357,2025-01-18,2025-05-21,Moved Out
H001466,S001306,Aspen Court,422,2025-04-18,2025-06-20,Moved Out
H001467,S000897,Meadowbrook Hall,354,2025-04-02,,Active
H001468,S005474,Northgate Hall,229,2025-08-25,,Active
H001469,S004869,Founders Hall,135,2024-01-25,,Active
H001470,S007243,Founders Hall,267,2025-10-16,,Active
H001471,S002996,Highland Hall,192,2026-08-04,,Active
H001472,S007337,Meadowbrook Hall,247,2026-01-20,,Active
H001473,S005778,Northgate Hall,436,2024-07-08,,Active
H001474,S004104,Riverbend Hall,594,2025-08-08,,Pending Assignment
H001475,S004095,Aspen Court,313,2025-07-06,,Active
H001476,S009982,Riverbend Hall,274,2025-09-13,,Active
H001477,S004514,Harborview Hall,376,2024-03-27,,Active
H001478,S008696,Highland Hall,467,2024-03-03,,Active
H001479,S008619,Lakeside Terrace,329,2025-08-10,,Active
H001480,S009569,Birchwood Hall,546,2025-04-07,,Active
H001481,S001982,Aspen Court,156,2025-06-13,,Active
H001482,S002988,Cedar Crest Hall,143,2024-03-03,,Active
H001483,S001858,Highland Hall,448,2025-10-27,2026-06-20,Moved Out
H001484,S008564,Lakeside Terrace,281,2026-11-29,,Active
H001485,S002560,Cedar Crest Hall,577,2024-06-10,,Active
H001486,S002612,Cedar Crest Hall,198,2024-07-02,2025-02-24,Moved Out
H001487,S008866,Northgate Hall,253,2025-03-09,,Pending Assignment
H001488,S003226,Founders Hall,373,2026-02-07,,Active
H001489,S004243,Birchwood Hall,181,2024-09-11,2025-05-03,Moved Out
H001490,S009557,Harborview Hall,262,2025-05-24,,Active
H001491,S002869,Lakeside Terrace,426,2025-07-24,,Active
H001492,S002474,Northgate Hall,373,2026-01-01,,Active
H001493,S002584,Harborview Hall,116,2025-12-08,,Active
H001494,S004371,Maple Ridge Hall,499,2026-08-01,,Active
H001495,S003613,Maple Ridge Hall,486,2025-01-11,,Pending Assignment
H001496,S008923,Riverbend Hall,178,2023-11-20,,Active
H001497,S009507,Highland Hall,505,2025-06-30,,Active
H001498,S002734,Maple Ridge Hall,409,2023-12-03,2024-04-05,Moved Out
H001499,S000513,Summit House,539,2024-08-08,,Active
H001500,S001856,Sunrise Commons,326,2023-11-14,,Active
H001501,S006509,Lakeside Terrace,363,2025-08-13,,Active
H001502,S005649,Maple Ridge Hall,516,2024-01-21,,Active
H001503,S001577,Lakeside Terrace,283,2023-10-24,2023-12-26,Moved Out
H001504,S007346,Lakeside Terrace,172,2025-10-24,,Active
H001505,S004208,Founders Hall,578,2024-05-17,,Active
H001506,S006408,Birchwood Hall,512,2023-12-29,,Pending Assignment
H001507,S004494,Cedar Crest Hall,433,2025-07-20,,Active
H001508,S008597,Founders Hall,232,2025-09-01,,Active
H001509,S007262,Riverbend Hall,177,2026-04-09,,Active
H001510,S005953,Meadowbrook Hall,346,2024-06-12,,Active
H001511,S001539,Meadowbrook Hall,234,2023-08-13,,Active
H001512,S002902,Sunrise Commons,194,2026-07-05,,Active
H001513,S000584,Lakeside Terrace,508,2024-01-13,,Active
H001514,S000360,Founders Hall,482,2024-10-02,,Active
H001515,S008152,Willow Creek Hall,111,2026-01-15,2026-05-02,Moved Out
H001516,S006218,Northgate Hall,599,2025-03-23,,Active
H001517,S009195,Highland Hall,506,2025-05-11,,Active
H001518,S000681,Bellview Hall,503,2026-02-06,,Pending Assignment
H001519,S000593,Harborview Hall,566,2026-01-19,,Active
H001520,S006252,Sunrise Commons,502,2024-02-05,,Active
H001521,S001580,Bellview Hall,331,2026-05-20,,Active
H001522,S006784,Founders Hall,454,2025-11-12,,Active
H001523,S000797,Riverbend Hall,516,2027-02-04,,Active
H001524,S004158,Summit House,367,2026-02-19,2026-08-20,Moved Out
H001525,S002879,Birchwood Hall,213,2026-02-12,,Active
H001526,S006974,Meadowbrook Hall,429,2024-12-01,,Active
H001527,S008529,Founders Hall,163,2026-03-13,2026-08-20,Moved Out
H001528,S004853,Bellview Hall,109,2024-03-12,2024-11-24,Moved Out
H001529,S005782,Harborview Hall,548,2026-04-27,,Active
H001530,S001920,Maple Ridge Hall,548,2024-05-27,,Active
H001531,S001959,Harborview Hall,289,2024-11-11,2025-01-30,Moved Out
H001532,S001964,Lakeside Terrace,512,2025-07-24,2025-12-14,Moved Out
H001533,S003611,Cedar Crest Hall,435,2025-10-18,,Pending Assignment
H001534,S001992,Meadowbrook Hall,549,2026-04-29,,Active
H001535,S005759,Sunrise Commons,325,2026-03-22,,Active
H001536,S008735,Harborview Hall,232,2024-05-25,,Active
H001537,S009122,Aspen Court,412,2025-06-19,,Active
H001538,S003245,Highland Hall,109,2024-07-22,2024-11-20,Moved Out
H001539,S000425,Riverbend Hall,338,2026-01-14,,Active
H001540,S002940,Summit House,159,2024-09-18,,Active
H001541,S004578,Meadowbrook Hall,311,2023-10-14,,Active
H001542,S005843,Lakeside Terrace,561,2025-07-26,,Active
H001543,S006550,Maple Ridge Hall,507,2025-05-04,,Active
H001544,S009067,Riverbend Hall,117,2024-01-17,2024-08-01,Moved Out
H001545,S008306,Meadowbrook Hall,578,2025-02-03,2025-07-30,Moved Out
H001546,S007170,Maple Ridge Hall,189,2026-12-02,,Active
H001547,S000588,Highland Hall,115,2026-01-23,,Active
H001548,S007031,Sunrise Commons,351,2026-05-01,,Active
H001549,S009078,Aspen Court,336,2026-08-15,,Active
H001550,S003564,Aspen Court,172,2026-07-26,,Active
H001551,S008789,Maple Ridge Hall,321,2024-01-21,2024-07-05,Moved Out
H001552,S005278,Aspen Court,261,2024-02-21,,Active
H001553,S008627,Meadowbrook Hall,225,2025-06-22,2026-03-23,Moved Out
H001554,S000657,Bellview Hall,403,2025-02-16,,Active
H001555,S000076,Bellview Hall,408,2023-08-17,2023-10-20,Moved Out
H001556,S000552,Bellview Hall,184,2023-08-15,2024-02-19,Moved Out
H001557,S009275,Meadowbrook Hall,552,2023-08-19,2023-11-04,Moved Out
H001558,S000184,Lakeside Terrace,507,2023-12-03,2024-07-11,Moved Out
H001559,S009104,Harborview Hall,124,2026-06-22,2026-08-20,Moved Out
H001560,S002448,Bellview Hall,175,2024-08-02,,Active
H001561,S003974,Northgate Hall,493,2025-03-12,,Pending Assignment
H001562,S007523,Riverbend Hall,306,2024-12-27,,Active
H001563,S004241,Bellview Hall,425,2026-07-21,,Active
H001564,S006014,Maple Ridge Hall,169,2023-11-21,2024-03-23,Moved Out
H001565,S009842,Meadowbrook Hall,536,2024-09-21,,Active
H001566,S008842,Lakeside Terrace,561,2026-01-22,2026-04-01,Moved Out
H001567,S002118,Highland Hall,259,2024-10-19,,Active
H001568,S001136,Harborview Hall,191,2023-12-26,2024-05-20,Moved Out
H001569,S004221,Cedar Crest Hall,591,2024-03-14,,Active
H001570,S007277,Northgate Hall,467,2025-11-07,,Active
H001571,S003208,Lakeside Terrace,398,2023-10-16,,Active
H001572,S005526,Northgate Hall,121,2024-12-03,,Active
H001573,S001936,Birchwood Hall,555,2024-04-24,,Pending Assignment
H001574,S007832,Maple Ridge Hall,591,2024-11-30,2025-06-07,Moved Out
H001575,S000410,Sunrise Commons,398,2023-11-25,2024-02-26,Moved Out
H001576,S004665,Maple Ridge Hall,587,2024-02-23,,Active
H001577,S003600,Harborview Hall,329,2024-09-08,,Active
H001578,S004199,Bellview Hall,423,2026-08-20,,Active
H001579,S008187,Meadowbrook Hall,341,2023-12-09,,Active
H001580,S008172,Cedar Crest Hall,474,2024-12-16,,Active
H001581,S004191,Cedar Crest Hall,255,2025-04-20,,Active
H001582,S000713,Aspen Court,475,2025-06-13,2025-10-06,Moved Out
H001583,S007356,Bellview Hall,125,2024-01-29,,Active
H001584,S002518,Aspen Court,501,2026-01-04,,Active
H001585,S006088,Birchwood Hall,574,2023-08-25,,Active
H001586,S004392,Cedar Crest Hall,198,2026-04-11,,Active
H001587,S007134,Maple Ridge Hall,580,2025-01-29,,Active
H001588,S006708,Maple Ridge Hall,207,2024-05-04,,Active
H001589,S001504,Willow Creek Hall,579,2024-05-31,,Active
H001590,S005566,Bellview Hall,340,2026-07-22,2026-08-20,Moved Out
H001591,S003126,Harborview Hall,563,2025-05-07,2025-07-12,Moved Out
H001592,S004013,Cedar Crest Hall,531,2025-04-23,,Active
H001593,S008201,Founders Hall,510,2024-01-18,,Active
H001594,S004326,Harborview Hall,196,2025-07-01,,Active
H001595,S003729,Lakeside Terrace,496,2023-08-02,,Pending Assignment
H001596,S005912,Birchwood Hall,107,2024-07-24,,Active
H001597,S009019,Lakeside Terrace,598,2025-10-27,,Pending Assignment
H001598,S009494,Summit House,225,2024-06-11,,Active
H001599,S000383,Harborview Hall,549,2024-08-10,,Active
H001600,S004631,Meadowbrook Hall,286,2026-02-20,,Active
H001601,S007563,Lakeside Terrace,404,2025-09-16,,Active
H001602,S000547,Maple Ridge Hall,282,2026-07-03,,Active
H001603,S002451,Willow Creek Hall,279,2024-12-29,2025-04-10,Moved Out
H001604,S001086,Summit House,439,2026-07-30,2026-08-20,Moved Out
H001605,S002825,Highland Hall,184,2024-12-22,,Active
H001606,S007452,Founders Hall,513,2026-07-21,,Active
H001607,S005028,Cedar Crest Hall,534,2026-01-10,2026-03-29,Moved Out
H001608,S002968,Maple Ridge Hall,231,2024-11-13,2025-09-08,Moved Out
H001609,S005455,Founders Hall,116,2025-12-04,,Active
H001610,S000260,Cedar Crest Hall,221,2026-04-28,,Active
H001611,S002092,Willow Creek Hall,496,2024-12-25,2025-05-14,Moved Out
H001612,S007934,Harborview Hall,178,2025-12-05,2026-04-01,Moved Out
H001613,S003977,Bellview Hall,501,2024-07-16,,Active
H001614,S006649,Cedar Crest Hall,243,2025-08-21,,Active
H001615,S007113,Willow Creek Hall,181,2024-03-29,2024-06-26,Moved Out
H001616,S001674,Lakeside Terrace,520,2024-03-25,2025-01-11,Moved Out
H001617,S001466,Highland Hall,485,2024-12-20,2025-08-29,Moved Out
H001618,S008684,Maple Ridge Hall,285,2024-12-22,2025-10-14,Moved Out
H001619,S005035,Founders Hall,336,2026-01-15,,Active
H001620,S000153,Lakeside Terrace,128,2025-07-07,,Active
H001621,S009480,Willow Creek Hall,183,2026-06-26,2026-08-20,Moved Out
H001622,S000603,Sunrise Commons,534,2024-03-29,,Pending Assignment
H001623,S007847,Willow Creek Hall,595,2025-03-10,,Active
H001624,S008212,Sunrise Commons,395,2024-02-23,2024-11-05,Moved Out
H001625,S001180,Highland Hall,147,2026-07-26,,Active
H001626,S009621,Highland Hall,520,2023-09-18,,Active
H001627,S004271,Meadowbrook Hall,147,2026-01-10,2026-07-08,Moved Out
H001628,S007709,Riverbend Hall,259,2026-03-28,,Active
H001629,S008331,Highland Hall,509,2024-04-12,,Active
H001630,S005799,Sunrise Commons,479,2025-10-25,,Active
H001631,S007480,Harborview Hall,228,2026-03-12,2026-05-31,Moved Out
H001632,S009720,Riverbend Hall,402,2026-04-01,2026-07-17,Moved Out
H001633,S008732,Summit House,171,2024-03-10,,Active
H001634,S003000,Founders Hall,583,2024-07-19,2025-03-25,Moved Out
H001635,S009356,Sunrise Commons,134,2026-07-01,,Pending Assignment
H001636,S003236,Willow Creek Hall,346,2024-07-03,2024-09-04,Moved Out
H001637,S008643,Founders Hall,428,2024-10-12,,Active
H001638,S008504,Northgate Hall,140,2025-04-05,,Active
H001639,S000815,Northgate Hall,398,2025-12-24,,Active
H001640,S003268,Summit House,418,2026-07-03,,Pending Assignment
H001641,S001423,Birchwood Hall,374,2025-12-16,,Active
H001642,S008228,Birchwood Hall,257,2023-12-30,,Active
H001643,S006700,Cedar Crest Hall,458,2026-04-15,,Pending Assignment
H001644,S001579,Riverbend Hall,360,2025-04-19,,Active
H001645,S004374,Summit House,431,2024-09-17,2025-01-29,Moved Out
H001646,S007569,Bellview Hall,265,2024-09-19,2025-06-03,Moved Out
H001647,S009976,Bellview Hall,598,2024-09-24,2025-02-02,Moved Out
H001648,S003311,Lakeside Terrace,522,2024-12-15,,Active
H001649,S007793,Lakeside Terrace,371,2025-08-23,,Active
H001650,S001108,Aspen Court,127,2024-03-28,2024-06-13,Moved Out
H001651,S009302,Riverbend Hall,363,2026-01-18,,Active
H001652,S008672,Northgate Hall,371,2023-12-03,,Active
H001653,S002750,Willow Creek Hall,216,2025-12-30,2026-03-28,Moved Out
H001654,S006163,Highland Hall,284,2026-05-05,,Active
H001655,S006456,Lakeside Terrace,436,2025-05-04,,Active
H001656,S002945,Lakeside Terrace,549,2025-01-02,,Active
H001657,S006465,Riverbend Hall,485,2025-07-10,,Active
H001658,S001881,Sunrise Commons,401,2026-01-19,2026-06-04,Moved Out
H001659,S009628,Meadowbrook Hall,593,2025-01-30,2025-05-24,Moved Out
H001660,S000796,Founders Hall,192,2025-07-03,2025-09-14,Moved Out
H001661,S000398,Highland Hall,349,2026-03-09,2026-08-20,Moved Out
H001662,S004091,Birchwood Hall,569,2026-07-24,,Active
H001663,S000814,Willow Creek Hall,153,2025-01-18,,Active
H001664,S001989,Maple Ridge Hall,220,2024-07-16,,Active
H001665,S005439,Sunrise Commons,449,2024-04-09,,Active
H001666,S001807,Willow Creek Hall,238,2026-01-06,,Active
H001667,S001281,Sunrise Commons,156,2024-01-20,,Active
H001668,S001302,Maple Ridge Hall,268,2025-04-01,2025-06-02,Moved Out
H001669,S004486,Summit House,472,2026-07-02,,Active
H001670,S009355,Highland Hall,155,2026-06-03,2026-08-11,Moved Out
H001671,S007905,Northgate Hall,415,2027-01-13,,Active
H001672,S008794,Birchwood Hall,335,2025-08-25,,Active
H001673,S001605,Cedar Crest Hall,525,2024-10-05,,Active
H001674,S003833,Northgate Hall,575,2025-05-10,2025-08-26,Moved Out
H001675,S003621,Lakeside Terrace,250,2023-12-30,,Active
H001676,S001075,Bellview Hall,343,2026-05-04,,Active
H001677,S008813,Bellview Hall,437,2025-08-27,2026-03-24,Moved Out
H001678,S001518,Maple Ridge Hall,198,2025-04-18,,Active
H001679,S006291,Sunrise Commons,162,2025-01-09,,Active
H001680,S009072,Lakeside Terrace,167,2024-07-23,,Active
H001681,S003339,Sunrise Commons,129,2024-04-30,2024-09-07,Moved Out
H001682,S005271,Northgate Hall,245,2025-03-02,,Active
H001683,S005003,Aspen Court,561,2025-07-05,,Active
H001684,S009749,Riverbend Hall,391,2024-03-24,,Active
H001685,S000152,Aspen Court,415,2023-10-31,2024-08-21,Moved Out
H001686,S007646,Highland Hall,454,2026-04-01,,Active
H001687,S003531,Summit House,568,2025-01-22,,Active
H001688,S003928,Maple Ridge Hall,152,2026-01-06,2026-08-20,Moved Out
H001689,S006079,Cedar Crest Hall,538,2025-04-21,,Active
H001690,S007186,Aspen Court,381,2025-05-11,,Active
H001691,S003725,Highland Hall,367,2024-12-13,2025-03-22,Moved Out
H001692,S003488,Cedar Crest Hall,369,2025-08-23,,Active
H001693,S007355,Willow Creek Hall,359,2026-07-26,2026-08-20,Moved Out
H001694,S007726,Lakeside Terrace,288,2025-03-22,,Pending Assignment
H001695,S006866,Riverbend Hall,494,2023-10-14,,Active
H001696,S001483,Cedar Crest Hall,221,2023-10-04,2024-03-12,Moved Out
H001697,S009417,Aspen Court,546,2024-04-05,,Active
H001698,S006429,Northgate Hall,529,2025-07-07,2026-03-15,Moved Out
H001699,S009624,Highland Hall,395,2025-11-14,,Active
H001700,S000108,Summit House,491,2025-02-26,2025-08-18,Moved Out
H001701,S009499,Lakeside Terrace,316,2026-04-04,2026-07-27,Moved Out
H001702,S004826,Founders Hall,493,2025-10-20,,Active
H001703,S006926,Highland Hall,353,2025-07-23,2026-05-05,Moved Out
H001704,S003485,Summit House,478,2024-05-09,2024-08-15,Moved Out
H001705,S008772,Summit House,412,2024-09-28,2025-05-19,Moved Out
H001706,S003435,Cedar Crest Hall,444,2026-02-12,,Pending Assignment
H001707,S009851,Highland Hall,330,2023-12-12,2024-08-02,Moved Out
H001708,S000405,Founders Hall,307,2025-03-16,2025-11-20,Moved Out
H001709,S001414,Lakeside Terrace,245,2025-10-11,2026-02-06,Moved Out
H001710,S007244,Aspen Court,387,2025-02-28,2025-12-04,Moved Out
H001711,S002729,Summit House,333,2026-03-26,,Pending Assignment
H001712,S005237,Sunrise Commons,335,2025-05-19,,Active
H001713,S001508,Aspen Court,467,2023-08-06,,Active
H001714,S009173,Harborview Hall,155,2025-10-28,,Active
H001715,S000211,Summit House,592,2025-01-14,,Active
H001716,S009729,Birchwood Hall,176,2026-03-05,,Active
H001717,S002618,Highland Hall,524,2026-03-16,2026-08-20,Moved Out
H001718,S006957,Bellview Hall,144,2024-10-26,2025-05-26,Moved Out
H001719,S008108,Highland Hall,189,2025-11-12,,Pending Assignment
H001720,S009111,Birchwood Hall,529,2024-02-12,,Active
H001721,S005171,Meadowbrook Hall,581,2026-05-01,,Active
H001722,S000700,Cedar Crest Hall,442,2026-03-17,2026-08-20,Moved Out
H001723,S000009,Cedar Crest Hall,450,2025-04-25,,Active
H001724,S004520,Lakeside Terrace,266,2025-05-06,2025-11-04,Moved Out
H001725,S009594,Harborview Hall,313,2024-03-21,,Active
H001726,S003986,Bellview Hall,209,2024-09-25,2024-12-11,Moved Out
H001727,S001344,Willow Creek Hall,224,2024-06-19,,Active
H001728,S007852,Riverbend Hall,143,2024-01-07,2024-08-11,Moved Out
H001729,S003797,Northgate Hall,330,2025-08-16,2026-03-03,Moved Out
H001730,S002284,Cedar Crest Hall,474,2024-10-11,2025-02-16,Moved Out
H001731,S008516,Northgate Hall,226,2024-02-19,,Active
H001732,S006623,Aspen Court,129,2025-05-18,,Active
H001733,S002069,Maple Ridge Hall,190,2025-10-09,,Pending Assignment
H001734,S008188,Birchwood Hall,295,2024-02-09,,Active
H001735,S002427,Cedar Crest Hall,145,2026-07-03,,Active
H001736,S004678,Founders Hall,500,2026-04-19,2026-08-20,Moved Out
H001737,S009443,Riverbend Hall,461,2026-04-15,2026-08-20,Moved Out
H001738,S007324,Birchwood Hall,529,2025-02-09,,Active
H001739,S006161,Riverbend Hall,297,2024-09-01,,Active
H001740,S006490,Willow Creek Hall,575,2024-05-13,,Active
H001741,S004653,Bellview Hall,280,2025-02-14,,Active
H001742,S000452,Aspen Court,399,2025-03-20,2025-09-17,Moved Out
H001743,S005495,Meadowbrook Hall,230,2026-01-20,,Active
H001744,S006341,Meadowbrook Hall,197,2024-01-19,,Active
H001745,S007798,Aspen Court,391,2024-05-22,,Active
H001746,S004276,Sunrise Commons,201,2024-12-27,,Active
H001747,S006696,Founders Hall,183,2024-04-04,2024-06-29,Moved Out
H001748,S006020,Riverbend Hall,439,2024-05-30,2024-10-04,Moved Out
H001749,S007526,Highland Hall,157,2023-11-12,,Active
H001750,S008264,Lakeside Terrace,255,2024-10-22,2025-06-29,Moved Out
H001751,S000241,Aspen Court,172,2025-08-16,,Active
H001752,S008785,Northgate Hall,156,2026-02-22,2026-07-05,Moved Out
H001753,S005596,Riverbend Hall,120,2025-09-04,,Active
H001754,S007253,Northgate Hall,148,2025-12-31,,Active
H001755,S003662,Lakeside Terrace,463,2026-06-15,2026-08-20,Moved Out
H001756,S001394,Northgate Hall,562,2024-08-08,,Active
H001757,S007634,Meadowbrook Hall,597,2024-08-11,2025-01-05,Moved Out
H001758,S005973,Birchwood Hall,452,2026-07-16,,Active
H001759,S002681,Harborview Hall,329,2026-04-15,2026-07-01,Moved Out
H001760,S002277,Riverbend Hall,521,2025-06-25,2025-12-28,Moved Out
H001761,S007426,Bellview Hall,339,2023-09-14,2024-01-24,Moved Out
H001762,S000357,Summit House,484,2025-01-30,,Active
H001763,S000769,Sunrise Commons,142,2026-06-15,,Active
H001764,S008609,Lakeside Terrace,547,2026-05-11,,Pending Assignment
H001765,S007238,Northgate Hall,312,2025-12-07,,Active
H001766,S008969,Cedar Crest Hall,213,2025-12-19,,Active
H001767,S004303,Maple Ridge Hall,252,2024-05-26,,Active
H001768,S000135,Meadowbrook Hall,395,2025-05-31,2026-02-18,Moved Out
H001769,S006285,Bellview Hall,404,2026-02-21,2026-08-20,Moved Out
H001770,S007637,Bellview Hall,148,2024-04-22,,Active
H001771,S004813,Lakeside Terrace,477,2024-10-26,,Active
H001772,S008215,Aspen Court,508,2024-07-13,,Active
H001773,S002094,Lakeside Terrace,123,2025-03-16,,Active
H001774,S009912,Meadowbrook Hall,581,2025-11-14,,Active
H001775,S001152,Lakeside Terrace,535,2023-08-09,,Active
H001776,S007606,Harborview Hall,384,2023-10-26,,Active
H001777,S003596,Riverbend Hall,196,2026-07-25,,Pending Assignment
H001778,S009034,Summit House,405,2024-10-24,,Active
H001779,S005438,Birchwood Hall,103,2024-11-22,2025-02-15,Moved Out
H001780,S001995,Meadowbrook Hall,363,2025-07-18,,Active
H001781,S009924,Riverbend Hall,505,2025-02-06,,Active
H001782,S001253,Sunrise Commons,307,2023-12-26,2024-04-24,Moved Out
H001783,S007718,Willow Creek Hall,318,2025-08-31,,Active
H001784,S009823,Summit House,103,2024-02-10,2024-08-16,Moved Out
H001785,S001683,Founders Hall,241,2025-02-22,,Active
H001786,S004277,Riverbend Hall,458,2026-05-16,,Active
H001787,S008653,Willow Creek Hall,135,2024-05-06,2024-09-14,Moved Out
H001788,S000831,Northgate Hall,464,2025-06-21,,Active
H001789,S001375,Aspen Court,441,2025-08-31,,Active
H001790,S008162,Birchwood Hall,143,2026-07-11,,Active
H001791,S007572,Sunrise Commons,439,2023-10-14,2024-02-07,Moved Out
H001792,S002129,Summit House,462,2025-06-11,2025-10-07,Moved Out
H001793,S003055,Riverbend Hall,227,2025-10-17,,Active
H001794,S002838,Riverbend Hall,111,2025-01-07,,Active
H001795,S008241,Sunrise Commons,249,2025-08-23,,Pending Assignment
H001796,S004615,Bellview Hall,312,2023-11-18,2024-04-12,Moved Out
H001797,S005101,Founders Hall,512,2026-07-31,,Active
H001798,S002668,Maple Ridge Hall,224,2026-06-15,2026-08-20,Moved Out
H001799,S003016,Founders Hall,146,2026-03-05,,Active
H001800,S005616,Cedar Crest Hall,562,2025-02-24,2025-08-26,Moved Out
H001801,S001546,Sunrise Commons,101,2024-03-01,2024-08-22,Moved Out
H001802,S000057,Harborview Hall,182,2024-07-07,,Active
H001803,S000425,Summit House,551,2026-07-10,,Active
H001804,S003205,Aspen Court,496,2025-03-11,,Active
H001805,S008657,Riverbend Hall,412,2026-02-07,,Active
H001806,S002295,Summit House,552,2025-04-08,2025-08-28,Moved Out
H001807,S009617,Highland Hall,206,2025-01-06,,Active
H001808,S005368,Willow Creek Hall,326,2024-12-03,2025-07-28,Moved Out
H001809,S005711,Northgate Hall,434,2025-11-12,,Active
H001810,S001442,Founders Hall,360,2025-10-31,,Active
H001811,S009420,Willow Creek Hall,521,2024-07-26,,Active
H001812,S001195,Willow Creek Hall,273,2026-03-16,,Active
H001813,S002010,Summit House,147,2024-09-10,2025-06-23,Moved Out
H001814,S001743,Cedar Crest Hall,112,2025-02-08,,Pending Assignment
H001815,S008800,Meadowbrook Hall,162,2026-04-17,,Active
H001816,S009266,Founders Hall,382,2024-04-24,2025-02-04,Moved Out
H001817,S000691,Maple Ridge Hall,414,2023-09-06,2024-02-22,Moved Out
H001818,S009581,Sunrise Commons,583,2023-09-11,2024-02-26,Moved Out
H001819,S008892,Harborview Hall,179,2026-03-02,,Active
H001820,S000554,Riverbend Hall,136,2023-12-04,,Active
H001821,S008625,Birchwood Hall,585,2025-07-19,,Active
H001822,S005297,Riverbend Hall,366,2024-08-26,,Active
H001823,S006397,Lakeside Terrace,541,2024-08-10,,Active
H001824,S001596,Birchwood Hall,339,2025-04-02,2025-11-16,Moved Out
H001825,S005916,Aspen Court,580,2024-02-03,2024-10-20,Moved Out
H001826,S005614,Founders Hall,143,2026-06-07,,Active
H001827,S001405,Cedar Crest Hall,458,2023-09-17,,Active
H001828,S008530,Aspen Court,192,2023-11-12,2024-01-27,Moved Out
H001829,S006262,Aspen Court,545,2025-04-11,,Active
H001830,S009952,Cedar Crest Hall,513,2025-10-25,2026-02-20,Moved Out
H001831,S000786,Birchwood Hall,274,2024-04-05,,Active
H001832,S007813,Riverbend Hall,325,2024-10-18,,Active
H001833,S004754,Willow Creek Hall,260,2026-04-09,,Active
H001834,S007314,Founders Hall,420,2024-11-01,,Active
H001835,S007204,Founders Hall,230,2026-04-06,,Active
H001836,S003204,Aspen Court,535,2024-10-04,,Active
H001837,S001412,Riverbend Hall,401,2025-01-09,2025-06-12,Moved Out
H001838,S004897,Northgate Hall,149,2024-03-11,,Active
H001839,S005462,Bellview Hall,402,2023-12-25,,Active
H001840,S006170,Highland Hall,446,2026-05-28,,Active
H001841,S005764,Lakeside Terrace,195,2025-08-03,,Active
H001842,S009359,Maple Ridge Hall,419,2024-07-11,2025-03-24,Moved Out
H001843,S009871,Cedar Crest Hall,324,2026-02-27,,Active
H001844,S000931,Highland Hall,520,2023-10-27,2024-07-22,Moved Out
H001845,S009153,Birchwood Hall,147,2026-06-02,,Active
H001846,S007537,Lakeside Terrace,449,2026-03-28,2026-08-20,Moved Out
H001847,S002086,Northgate Hall,126,2025-09-05,2026-03-27,Moved Out
H001848,S006192,Summit House,469,2024-01-20,,Active
H001849,S000386,Harborview Hall,228,2023-12-10,,Active
H001850,S007465,Highland Hall,299,2025-07-13,,Active
H001851,S004426,Founders Hall,173,2024-12-19,,Active
H001852,S007960,Northgate Hall,482,2024-02-24,,Active
H001853,S006074,Riverbend Hall,184,2025-06-13,,Active
H001854,S005821,Cedar Crest Hall,270,2025-03-18,2025-08-07,Moved Out
H001855,S000872,Harborview Hall,167,2023-10-28,2024-05-13,Moved Out
H001856,S008044,Willow Creek Hall,218,2025-10-10,,Active
H001857,S001463,Willow Creek Hall,118,2026-02-03,,Active
H001858,S007727,Maple Ridge Hall,111,2025-01-11,,Active
H001859,S007578,Summit House,178,2025-06-05,2025-09-18,Moved Out
H001860,S007052,Lakeside Terrace,583,2024-10-16,,Pending Assignment
H001861,S009113,Cedar Crest Hall,440,2023-11-11,,Active
H001862,S003037,Cedar Crest Hall,336,2025-08-01,,Active
H001863,S000819,Cedar Crest Hall,214,2024-10-22,,Active
H001864,S009267,Maple Ridge Hall,431,2025-05-20,,Active
H001865,S000041,Meadowbrook Hall,509,2026-02-26,2026-08-20,Moved Out
H001866,S005431,Meadowbrook Hall,187,2026-01-09,,Active
H001867,S000857,Founders Hall,126,2026-07-12,2026-08-20,Moved Out
H001868,S009754,Cedar Crest Hall,332,2025-11-19,,Active
H001869,S001828,Summit House,107,2024-11-19,,Active
H001870,S004362,Aspen Court,500,2024-01-03,,Active
H001871,S003122,Bellview Hall,151,2025-03-30,,Active
H001872,S006937,Aspen Court,515,2026-05-16,2026-08-20,Moved Out
H001873,S006498,Northgate Hall,364,2025-04-19,2025-11-28,Moved Out
H001874,S005552,Sunrise Commons,326,2024-07-19,,Active
H001875,S001863,Aspen Court,375,2024-10-03,2025-07-24,Moved Out
H001876,S007679,Aspen Court,245,2024-11-16,2025-01-28,Moved Out
H001877,S008211,Harborview Hall,415,2024-12-07,,Active
H001878,S009030,Maple Ridge Hall,338,2026-01-12,,Active
H001879,S003058,Northgate Hall,265,2026-04-27,2026-07-23,Moved Out
H001880,S008489,Harborview Hall,255,2025-03-29,,Active
H001881,S006217,Harborview Hall,524,2026-01-30,2026-08-20,Moved Out
H001882,S008323,Meadowbrook Hall,177,2025-04-05,,Active
H001883,S009941,Founders Hall,526,2024-04-15,,Active
H001884,S009682,Summit House,232,2025-09-09,2026-02-28,Moved Out
H001885,S003663,Aspen Court,119,2025-01-21,,Active
H001886,S000738,Sunrise Commons,549,2026-03-08,,Active
H001887,S000963,Lakeside Terrace,396,2023-09-12,2024-06-27,Moved Out
H001888,S004000,Lakeside Terrace,240,2025-04-22,2026-01-21,Moved Out
H001889,S004796,Willow Creek Hall,180,2024-11-14,,Active
H001890,S007760,Aspen Court,431,2025-07-11,,Active
H001891,S009163,Highland Hall,409,2025-10-05,,Active
H001892,S005383,Birchwood Hall,478,2026-01-17,2026-08-08,Moved Out
H001893,S003734,Sunrise Commons,194,2025-03-10,,Active
H001894,S009798,Aspen Court,196,2026-08-19,2026-08-20,Moved Out
H001895,S004710,Birchwood Hall,128,2025-08-20,2026-01-09,Moved Out
H001896,S001371,Meadowbrook Hall,246,2024-10-09,,Active
H001897,S007806,Meadowbrook Hall,359,2026-04-28,,Active
H001898,S009579,Maple Ridge Hall,119,2024-08-30,,Active
H001899,S002122,Maple Ridge Hall,518,2025-04-11,,Active
H001900,S009308,Founders Hall,521,2024-01-27,,Active
H001901,S009364,Lakeside Terrace,106,2025-07-01,2025-10-09,Moved Out
H001902,S000761,Riverbend Hall,397,2024-03-13,,Active
H001903,S007751,Willow Creek Hall,352,2025-08-02,,Active
H001904,S006908,Maple Ridge Hall,372,2023-09-09,,Pending Assignment
H001905,S005014,Birchwood Hall,234,2024-06-04,,Active
H001906,S003956,Bellview Hall,343,2024-05-12,,Active
H001907,S009602,Harborview Hall,210,2025-12-04,2026-08-12,Moved Out
H001908,S008486,Willow Creek Hall,552,2023-10-15,2023-12-24,Moved Out
H001909,S007787,Harborview Hall,500,2025-06-29,,Active
H001910,S008598,Summit House,160,2026-01-13,2026-08-20,Moved Out
H001911,S003006,Summit House,451,2025-02-18,,Active
H001912,S004201,Highland Hall,283,2026-06-18,,Active
H001913,S007951,Meadowbrook Hall,138,2024-11-25,,Active
H001914,S008851,Sunrise Commons,175,2025-02-12,,Active
H001915,S000460,Harborview Hall,107,2025-02-28,,Active
H001916,S008961,Bellview Hall,187,2025-04-27,2026-02-08,Moved Out
H001917,S002599,Summit House,593,2023-12-24,,Active
H001918,S008978,Summit House,525,2026-05-24,,Active
H001919,S002789,Maple Ridge Hall,478,2024-09-08,,Active
H001920,S000513,Lakeside Terrace,318,2025-01-03,,Active
H001921,S007400,Northgate Hall,496,2023-09-23,2024-03-28,Moved Out
H001922,S000698,Maple Ridge Hall,357,2025-09-28,,Active
H001923,S002253,Highland Hall,269,2024-09-12,2025-06-19,Moved Out
H001924,S008508,Birchwood Hall,465,2024-07-04,,Active
H001925,S001382,Northgate Hall,533,2026-06-10,,Active
H001926,S005721,Riverbend Hall,330,2024-09-06,,Active
H001927,S003906,Bellview Hall,216,2023-08-20,,Active
H001928,S006227,Cedar Crest Hall,256,2024-04-12,,Active
H001929,S004176,Birchwood Hall,596,2024-09-29,,Active
H001930,S000346,Summit House,172,2026-07-05,2026-08-20,Moved Out
H001931,S007676,Sunrise Commons,462,2024-10-19,2025-02-22,Moved Out
H001932,S002079,Sunrise Commons,216,2025-07-30,,Active
H001933,S009759,Aspen Court,356,2024-03-23,2024-06-30,Moved Out
H001934,S005255,Meadowbrook Hall,333,2023-12-05,2024-03-17,Moved Out
H001935,S006018,Cedar Crest Hall,468,2026-02-20,,Active
H001936,S007111,Lakeside Terrace,197,2024-02-01,,Active
H001937,S008463,Riverbend Hall,252,2023-08-16,2024-04-28,Moved Out
H001938,S005809,Cedar Crest Hall,387,2026-07-12,,Active
H001939,S005249,Bellview Hall,378,2023-09-16,2024-02-01,Moved Out
H001940,S007746,Summit House,150,2023-11-12,,Active
H001941,S002433,Meadowbrook Hall,563,2024-04-14,,Pending Assignment
H001942,S006089,Lakeside Terrace,350,2026-01-22,,Active
H001943,S000121,Bellview Hall,374,2026-04-17,,Pending Assignment
H001944,S009268,Lakeside Terrace,329,2023-09-25,,Active
H001945,S008401,Cedar Crest Hall,513,2026-07-24,,Active
H001946,S001109,Birchwood Hall,556,2024-02-20,2024-12-08,Moved Out
H001947,S007943,Sunrise Commons,336,2024-10-04,,Active
H001948,S001399,Highland Hall,537,2025-03-12,2025-12-24,Moved Out
H001949,S001449,Willow Creek Hall,535,2024-07-02,2024-09-07,Moved Out
H001950,S000792,Meadowbrook Hall,372,2024-10-26,,Active
H001951,S003914,Sunrise Commons,371,2026-06-05,,Active
H001952,S009575,Maple Ridge Hall,420,2025-02-06,,Active
H001953,S005225,Summit House,109,2024-07-11,,Active
H001954,S008659,Maple Ridge Hall,488,2023-08-10,2024-06-01,Moved Out
H001955,S003535,Willow Creek Hall,575,2024-04-19,,Active
H001956,S001358,Northgate Hall,567,2024-12-14,,Active
H001957,S003137,Lakeside Terrace,432,2026-05-17,,Active
H001958,S002490,Bellview Hall,540,2025-07-19,,Active
H001959,S002728,Summit House,103,2026-07-17,,Active
H001960,S003529,Willow Creek Hall,387,2026-06-11,2026-08-20,Moved Out
H001961,S003920,Willow Creek Hall,517,2025-04-04,,Pending Assignment
H001962,S003901,Birchwood Hall,218,2023-08-27,,Active
H001963,S005389,Bellview Hall,320,2023-10-29,,Active
H001964,S004237,Lakeside Terrace,362,2025-11-02,,Active
H001965,S005418,Bellview Hall,442,2026-04-21,,Active
H001966,S005999,Birchwood Hall,160,2023-09-24,2024-01-11,Moved Out
H001967,S006131,Summit House,249,2024-08-17,,Active
H001968,S009448,Sunrise Commons,513,2024-02-11,,Active
H001969,S005386,Aspen Court,139,2025-09-18,2026-04-29,Moved Out
H001970,S001162,Founders Hall,381,2023-11-02,,Active
H001971,S005546,Meadowbrook Hall,100,2025-08-30,,Active
H001972,S002792,Summit House,166,2025-01-05,,Active
H001973,S007395,Cedar Crest Hall,306,2026-06-12,,Active
H001974,S009907,Sunrise Commons,206,2026-03-27,2026-08-20,Moved Out
H001975,S003832,Lakeside Terrace,102,2023-09-08,,Active
H001976,S000322,Harborview Hall,442,2026-02-08,,Active
H001977,S002059,Bellview Hall,360,2024-08-05,2025-03-07,Moved Out
H001978,S000890,Bellview Hall,154,2024-05-11,,Active
H001979,S006709,Founders Hall,536,2024-03-26,,Active
H001980,S008696,Cedar Crest Hall,507,2023-10-16,2024-05-24,Moved Out
H001981,S007353,Cedar Crest Hall,173,2024-09-27,,Active
H001982,S006952,Bellview Hall,538,2025-04-07,,Active
H001983,S003327,Aspen Court,599,2026-02-04,,Active
H001984,S000038,Riverbend Hall,201,2024-04-20,,Active
H001985,S009582,Maple Ridge Hall,597,2024-06-10,,Active
H001986,S000454,Summit House,495,2024-07-09,,Active
H001987,S007259,Cedar Crest Hall,460,2026-06-22,,Active
H001988,S000694,Maple Ridge Hall,473,2025-12-28,2026-08-20,Moved Out
H001989,S009609,Summit House,165,2024-08-11,2025-01-15,Moved Out
H001990,S003057,Meadowbrook Hall,550,2024-07-20,,Active
H001991,S002239,Founders Hall,569,2023-09-29,,Active
H001992,S007702,Birchwood Hall,523,2025-12-31,,Active
H001993,S007267,Meadowbrook Hall,250,2024-06-07,,Active
H001994,S002001,Lakeside Terrace,521,2026-04-07,,Active
H001995,S000289,Birchwood Hall,528,2025-03-19,2025-08-28,Moved Out
H001996,S008131,Birchwood Hall,142,2025-10-19,,Active
H001997,S000621,Cedar Crest Hall,294,2026-01-13,,Active
H001998,S002463,Cedar Crest Hall,328,2025-02-20,2025-11-20,Moved Out
H001999,S009220,Founders Hall,285,2026-07-29,,Active
H002000,S003149,Summit House,387,2026-06-10,,Active
H002001,S003880,Willow Creek Hall,347,2024-08-17,2025-04-29,Moved Out
H002002,S004500,Highland Hall,171,2023-10-04,,Active
H002003,S001514,Lakeside Terrace,511,2024-07-09,,Active
H002004,S006647,Northgate Hall,430,2026-03-15,,Pending Assignment
H002005,S003232,Sunrise Commons,295,2024-11-11,2025-02-02,Moved Out
H002006,S005807,Meadowbrook Hall,393,2024-10-12,2024-12-26,Moved Out
H002007,S003586,Aspen Court,336,2025-06-21,,Active
H002008,S003197,Summit House,395,2023-09-23,2024-05-20,Moved Out
H002009,S007525,Willow Creek Hall,229,2026-02-21,,Active
H002010,S005634,Northgate Hall,221,2024-12-07,2025-04-20,Moved Out
H002011,S004161,Harborview Hall,589,2024-05-01,2025-01-16,Moved Out
H002012,S008329,Harborview Hall,433,2025-04-10,2025-10-06,Moved Out
H002013,S008189,Riverbend Hall,105,2024-09-11,2025-04-26,Moved Out
H002014,S000898,Aspen Court,365,2023-12-30,,Active
H002015,S007413,Highland Hall,334,2026-03-13,,Active
H002016,S005329,Harborview Hall,427,2026-06-17,2026-08-20,Moved Out
H002017,S006254,Lakeside Terrace,124,2024-06-10,,Active
H002018,S007034,Sunrise Commons,149,2024-11-20,,Pending Assignment
H002019,S007022,Riverbend Hall,163,2026-05-31,,Active
H002020,S009081,Highland Hall,501,2024-03-19,,Active
H002021,S007142,Aspen Court,117,2026-02-02,2026-08-20,Moved Out
H002022,S006055,Harborview Hall,154,2026-05-10,,Active
H002023,S001183,Bellview Hall,228,2024-09-07,,Active
H002024,S006087,Cedar Crest Hall,160,2026-06-24,2026-08-20,Moved Out
H002025,S008587,Bellview Hall,368,2026-03-20,,Active
H002026,S008690,Founders Hall,371,2024-07-29,,Pending Assignment
H002027,S006376,Founders Hall,483,2023-12-13,2024-04-03,Moved Out
H002028,S007382,Highland Hall,524,2026-02-22,2026-05-07,Moved Out
H002029,S005832,Harborview Hall,363,2025-08-03,2025-10-04,Moved Out
H002030,S001503,Meadowbrook Hall,361,2025-08-08,2025-12-02,Moved Out
H002031,S000024,Birchwood Hall,355,2024-09-29,,Active
H002032,S003597,Birchwood Hall,582,2025-06-10,2025-11-13,Moved Out
H002033,S004991,Lakeside Terrace,599,2026-08-13,,Active
H002034,S002186,Harborview Hall,580,2026-03-12,,Active
H002035,S009827,Bellview Hall,246,2024-08-09,,Active
H002036,S003546,Summit House,485,2025-01-20,,Active
H002037,S009436,Willow Creek Hall,134,2025-01-13,2025-05-28,Moved Out
H002038,S006008,Highland Hall,462,2025-01-04,,Active
H002039,S006118,Highland Hall,286,2026-03-08,,Active
H002040,S008921,Highland Hall,488,2026-01-04,,Active
H002041,S001652,Birchwood Hall,469,2024-01-15,2024-05-18,Moved Out
H002042,S007338,Maple Ridge Hall,365,2024-09-08,,Active
H002043,S001404,Willow Creek Hall,500,2023-12-18,2024-07-14,Moved Out
H002044,S007772,Cedar Crest Hall,141,2023-12-15,2024-08-06,Moved Out
H002045,S001481,Cedar Crest Hall,276,2025-01-24,,Active
H002046,S006628,Maple Ridge Hall,353,2024-07-06,2025-01-13,Moved Out
H002047,S002500,Bellview Hall,150,2024-02-06,,Active
H002048,S002721,Sunrise Commons,318,2025-12-15,,Active
H002049,S008094,Bellview Hall,598,2024-04-26,,Active
H002050,S007325,Cedar Crest Hall,314,2024-07-06,,Active
H002051,S003757,Maple Ridge Hall,254,2025-09-26,,Active
H002052,S007524,Northgate Hall,561,2026-07-09,2026-08-20,Moved Out
H002053,S003377,Cedar Crest Hall,254,2025-01-11,,Active
H002054,S000092,Riverbend Hall,427,2026-01-07,,Active
H002055,S002150,Aspen Court,453,2026-04-19,,Active
H002056,S006879,Maple Ridge Hall,259,2024-06-11,,Active
H002057,S007121,Highland Hall,282,2025-11-24,,Active
H002058,S004966,Riverbend Hall,365,2025-05-08,,Active
H002059,S009272,Northgate Hall,449,2024-12-13,,Active
H002060,S006669,Lakeside Terrace,409,2026-07-08,,Active
H002061,S003925,Willow Creek Hall,447,2026-05-30,2026-08-20,Moved Out
H002062,S000938,Meadowbrook Hall,213,2025-12-10,,Active
H002063,S001779,Aspen Court,228,2026-09-05,2026-08-20,Moved Out
H002064,S005325,Sunrise Commons,141,2026-01-26,2026-06-27,Moved Out
H002065,S005227,Lakeside Terrace,101,2025-01-13,2025-10-05,Moved Out
H002066,S008421,Harborview Hall,472,2024-08-10,,Active
H002067,S005034,Highland Hall,568,2025-09-20,,Active
H002068,S005543,Cedar Crest Hall,298,2025-04-28,,Active
H002069,S007199,Summit House,373,2026-02-24,,Active
H002070,S009241,Summit House,299,2024-04-28,,Active
H002071,S006887,Aspen Court,345,2024-04-01,,Pending Assignment
H002072,S003294,Meadowbrook Hall,405,2026-05-18,,Active
H002073,S002407,Bellview Hall,158,2026-04-18,,Active
H002074,S006898,Highland Hall,446,2024-05-22,2024-10-06,Moved Out
H002075,S000663,Bellview Hall,336,2025-09-03,2026-04-02,Moved Out
H002076,S009984,Northgate Hall,111,2025-10-29,,Active
H002077,S007272,Riverbend Hall,366,2024-07-23,,Active
H002078,S003704,Cedar Crest Hall,145,2023-10-03,2024-03-14,Moved Out
H002079,S006001,Maple Ridge Hall,519,2026-07-04,2026-08-20,Moved Out
H002080,S004088,Willow Creek Hall,431,2025-02-24,,Active
H002081,S006351,Bellview Hall,305,2024-03-14,,Active
H002082,S006458,Founders Hall,367,2025-07-16,2026-02-16,Moved Out
H002083,S006656,Lakeside Terrace,426,2026-04-07,,Active
H002084,S002158,Harborview Hall,205,2025-02-05,,Pending Assignment
H002085,S006648,Harborview Hall,406,2025-11-29,2026-08-20,Moved Out
H002086,S005878,Willow Creek Hall,114,2025-01-19,,Active
H002087,S004354,Lakeside Terrace,518,2024-04-02,2024-07-11,Moved Out
H002088,S005352,Founders Hall,478,2025-01-06,2025-09-19,Moved Out
H002089,S008962,Riverbend Hall,371,2023-10-04,,Active
H002090,S005771,Highland Hall,391,2023-12-22,2024-03-05,Moved Out
H002091,S009968,Riverbend Hall,397,2023-09-22,,Pending Assignment
H002092,S006459,Birchwood Hall,589,2026-04-15,,Active
H002093,S001439,Bellview Hall,495,2025-10-25,2026-01-08,Moved Out
H002094,S003218,Aspen Court,291,2026-04-01,2026-07-17,Moved Out
H002095,S006869,Founders Hall,215,2024-01-31,,Active
H002096,S005709,Summit House,237,2026-09-19,,Active
H002097,S006901,Bellview Hall,208,2024-01-26,2024-05-23,Moved Out
H002098,S004509,Founders Hall,225,2024-07-15,,Active
H002099,S001198,Riverbend Hall,277,2025-11-16,,Active
H002100,S002468,Northgate Hall,228,2024-08-28,,Pending Assignment
H002101,S002947,Highland Hall,231,2023-08-01,,Active
H002102,S009009,Northgate Hall,158,2024-03-11,2024-08-01,Moved Out
H002103,S001461,Summit House,367,2026-01-25,,Pending Assignment
H002104,S005151,Lakeside Terrace,121,2025-11-08,2026-06-26,Moved Out
H002105,S009422,Aspen Court,408,2025-08-06,,Active
H002106,S003982,Maple Ridge Hall,180,2023-12-12,2024-04-01,Moved Out
H002107,S009839,Meadowbrook Hall,420,2024-12-26,,Active
H002108,S001931,Summit House,584,2025-07-03,,Active
H002109,S002399,Meadowbrook Hall,171,2026-05-07,,Active
H002110,S003057,Birchwood Hall,362,2024-03-17,2024-09-30,Moved Out
H002111,S009520,Founders Hall,441,2023-11-22,2024-06-27,Moved Out
H002112,S001302,Willow Creek Hall,245,2024-09-14,,Active
H002113,S001336,Harborview Hall,347,2025-12-09,,Pending Assignment
H002114,S009953,Aspen Court,349,2025-12-15,,Active
H002115,S008658,Northgate Hall,106,2024-08-17,,Active
H002116,S003740,Birchwood Hall,472,2026-02-26,,Active
H002117,S005437,Meadowbrook Hall,169,2026-03-30,,Active
H002118,S005676,Bellview Hall,579,2026-04-24,2026-08-20,Moved Out
H002119,S003120,Aspen Court,501,2025-04-04,2025-09-01,Moved Out
H002120,S005881,Bellview Hall,184,2025-01-06,,Active
H002121,S007971,Willow Creek Hall,329,2025-11-18,2026-03-19,Moved Out
H002122,S009886,Riverbend Hall,359,2023-11-21,2024-05-22,Moved Out
H002123,S003482,Maple Ridge Hall,187,2024-03-08,,Active
H002124,S001210,Sunrise Commons,283,2026-03-20,,Active
H002125,S005337,Riverbend Hall,468,2026-04-18,2026-08-20,Moved Out
H002126,S000491,Riverbend Hall,575,2026-02-20,2026-06-30,Moved Out
H002127,S001438,Founders Hall,315,2024-07-20,,Active
H002128,S003551,Aspen Court,147,2026-02-23,2026-08-20,Moved Out
H002129,S002598,Summit House,389,2024-08-09,2025-04-27,Moved Out
H002130,S005887,Birchwood Hall,398,2026-07-15,2026-08-20,Moved Out
H002131,S007929,Highland Hall,223,2024-01-04,,Pending Assignment
H002132,S000141,Cedar Crest Hall,320,2023-12-05,2024-07-28,Moved Out
H002133,S007458,Founders Hall,463,2026-05-10,2026-08-20,Moved Out
H002134,S003700,Northgate Hall,446,2026-03-31,,Active
H002135,S000086,Willow Creek Hall,558,2026-08-01,,Active
H002136,S006583,Sunrise Commons,250,2025-04-01,,Active
H002137,S006331,Northgate Hall,329,2026-06-18,,Pending Assignment
H002138,S006275,Founders Hall,589,2024-03-19,2024-06-29,Moved Out
H002139,S000934,Harborview Hall,532,2024-12-30,,Pending Assignment
H002140,S000993,Highland Hall,176,2026-03-24,2026-08-20,Moved Out
H002141,S001925,Sunrise Commons,209,2024-04-15,,Active
H002142,S006788,Maple Ridge Hall,591,2025-01-22,2025-04-24,Moved Out
H002143,S001915,Highland Hall,458,2023-11-14,2024-03-15,Moved Out
H002144,S000294,Northgate Hall,405,2023-12-16,,Active
H002145,S006162,Meadowbrook Hall,209,2026-05-16,,Active
H002146,S004745,Sunrise Commons,372,2026-08-04,,Active
H002147,S005927,Lakeside Terrace,224,2026-04-25,,Active
H002148,S009990,Harborview Hall,164,2026-01-31,2026-08-20,Moved Out
H002149,S006316,Maple Ridge Hall,475,2024-03-31,2024-10-30,Moved Out
H002150,S009838,Maple Ridge Hall,417,2024-07-12,,Active
H002151,S008712,Meadowbrook Hall,552,2026-01-29,,Active
H002152,S003349,Highland Hall,418,2025-10-21,2026-08-15,Moved Out
H002153,S008475,Birchwood Hall,109,2024-05-31,2025-02-03,Moved Out
H002154,S008372,Lakeside Terrace,156,2026-04-06,2026-06-26,Moved Out
H002155,S009215,Founders Hall,567,2024-11-28,,Active
H002156,S003943,Founders Hall,219,2026-08-10,2026-08-20,Moved Out
H002157,S006815,Maple Ridge Hall,587,2023-12-02,,Active
H002158,S006510,Lakeside Terrace,287,2023-09-29,,Active
H002159,S006624,Birchwood Hall,514,2025-05-02,2025-08-04,Moved Out
H002160,S003080,Founders Hall,439,2024-08-24,,Active
H002161,S000195,Summit House,384,2026-03-11,,Active
H002162,S003924,Highland Hall,586,2025-06-26,,Active
H002163,S009900,Riverbend Hall,143,2024-12-02,,Active
H002164,S008268,Harborview Hall,236,2024-07-31,2025-04-05,Moved Out
H002165,S008995,Highland Hall,466,2023-11-27,,Active
H002166,S003011,Harborview Hall,325,2024-11-01,,Active
H002167,S007308,Northgate Hall,124,2024-08-30,2024-11-09,Moved Out
H002168,S007547,Harborview Hall,338,2025-11-02,,Active
H002169,S006900,Bellview Hall,476,2024-05-03,,Active
H002170,S002299,Aspen Court,423,2025-07-04,,Active
H002171,S003367,Cedar Crest Hall,531,2026-05-25,,Active
H002172,S004620,Meadowbrook Hall,415,2025-09-05,,Active
H002173,S005301,Willow Creek Hall,289,2025-06-12,,Active
H002174,S002203,Highland Hall,514,2025-12-05,2026-03-24,Moved Out
H002175,S009242,Willow Creek Hall,413,2024-12-02,2025-04-17,Moved Out
H002176,S005126,Lakeside Terrace,268,2025-10-10,,Active
H002177,S006372,Founders Hall,502,2026-08-08,2026-08-20,Moved Out
H002178,S004355,Summit House,372,2026-08-13,2026-08-20,Moved Out
H002179,S009914,Sunrise Commons,177,2026-04-22,,Active
H002180,S003647,Lakeside Terrace,426,2025-02-13,2025-11-04,Moved Out
H002181,S000006,Riverbend Hall,452,2024-08-27,2025-05-18,Moved Out
H002182,S008451,Harborview Hall,334,2025-01-21,2025-04-12,Moved Out
H002183,S005433,Summit House,557,2023-08-09,2024-03-31,Moved Out
H002184,S007183,Harborview Hall,573,2023-08-01,,Active
H002185,S004936,Founders Hall,504,2025-03-06,2025-07-21,Moved Out
H002186,S005138,Harborview Hall,223,2023-08-20,,Pending Assignment
H002187,S001191,Aspen Court,492,2025-07-23,,Active
H002188,S009213,Founders Hall,391,2024-12-31,,Active
H002189,S008084,Willow Creek Hall,420,2023-09-24,,Pending Assignment
H002190,S005152,Northgate Hall,587,2025-11-02,,Active
H002191,S006531,Birchwood Hall,541,2026-05-11,,Active
H002192,S009647,Lakeside Terrace,244,2025-07-31,,Active
H002193,S008539,Meadowbrook Hall,232,2025-03-21,,Active
H002194,S004476,Cedar Crest Hall,192,2026-02-07,,Active
H002195,S004782,Meadowbrook Hall,355,2026-01-26,,Active
H002196,S007644,Aspen Court,308,2025-10-05,2026-03-03,Moved Out
H002197,S004294,Harborview Hall,278,2027-01-04,,Active
H002198,S001069,Founders Hall,584,2024-11-24,,Active
H002199,S003582,Founders Hall,246,2026-03-22,2026-08-20,Moved Out
H002200,S000571,Lakeside Terrace,571,2026-03-04,,Active
H002201,S005882,Birchwood Hall,355,2025-09-12,,Active
H002202,S004021,Bellview Hall,504,2023-09-06,,Active
H002203,S008526,Maple Ridge Hall,161,2024-01-01,,Active
H002204,S006946,Harborview Hall,119,2025-06-10,2025-12-24,Moved Out
H002205,S004553,Maple Ridge Hall,584,2023-10-29,,Active
H002206,S008992,Harborview Hall,352,2025-08-13,,Active
H002207,S003275,Aspen Court,197,2025-01-03,,Pending Assignment
H002208,S007216,Willow Creek Hall,449,2023-11-09,,Active
H002209,S009733,Willow Creek Hall,547,2025-06-27,2025-12-05,Moved Out
H002210,S000264,Cedar Crest Hall,505,2023-10-06,,Active
H002211,S004598,Harborview Hall,283,2023-11-21,,Active
H002212,S005589,Bellview Hall,292,2023-09-02,,Active
H002213,S002398,Maple Ridge Hall,319,2025-03-03,,Active
H002214,S000522,Willow Creek Hall,446,2024-09-18,,Active
H002215,S007085,Riverbend Hall,375,2024-03-05,,Active
H002216,S003084,Cedar Crest Hall,589,2025-06-19,,Active
H002217,S004723,Riverbend Hall,467,2026-05-01,,Active
H002218,S003981,Summit House,449,2024-01-10,,Active
H002219,S005458,Aspen Court,349,2026-01-29,2026-08-20,Moved Out
H002220,S000356,Riverbend Hall,556,2026-06-07,,Active
H002221,S001567,Riverbend Hall,312,2024-11-09,2025-05-05,Moved Out
H002222,S002324,Northgate Hall,277,2025-09-11,,Active
H002223,S002246,Riverbend Hall,507,2024-04-22,,Pending Assignment
H002224,S005715,Cedar Crest Hall,264,2025-11-22,2026-03-12,Moved Out
H002225,S006201,Maple Ridge Hall,495,2024-05-22,,Active
H002226,S001670,Sunrise Commons,368,2024-12-24,2025-09-07,Moved Out
H002227,S005099,Birchwood Hall,275,2025-11-08,,Active
H002228,S003631,Willow Creek Hall,290,2026-07-31,,Active
H002229,S001161,Maple Ridge Hall,556,2024-01-15,2024-11-09,Moved Out
H002230,S005029,Cedar Crest Hall,242,2024-04-16,,Active
H002231,S004580,Harborview Hall,525,2026-06-18,,Active
H002232,S004451,Highland Hall,501,2024-07-18,2025-04-17,Moved Out
H002233,S000130,Birchwood Hall,282,2026-06-15,2026-08-20,Moved Out
H002234,S006610,Meadowbrook Hall,284,2026-03-13,,Active
H002235,S005404,Aspen Court,583,2024-01-20,2024-10-11,Moved Out
H002236,S009014,Willow Creek Hall,272,2025-04-06,,Active
H002237,S002169,Northgate Hall,158,2024-06-17,,Active
H002238,S008416,Riverbend Hall,534,2025-06-29,,Pending Assignment
H002239,S001365,Birchwood Hall,328,2023-12-21,2024-04-11,Moved Out
H002240,S002715,Aspen Court,418,2023-10-31,2024-03-27,Moved Out
H002241,S002101,Aspen Court,292,2024-07-24,,Active
H002242,S004324,Cedar Crest Hall,302,2024-06-05,2025-03-12,Moved Out
H002243,S003831,Maple Ridge Hall,239,2024-02-12,,Active
H002244,S008881,Aspen Court,490,2025-06-19,,Active
H002245,S002979,Riverbend Hall,565,2024-09-14,,Active
H002246,S007351,Riverbend Hall,116,2025-02-25,,Active
H002247,S008731,Highland Hall,234,2024-06-17,,Active
H002248,S003502,Bellview Hall,132,2025-02-27,2025-10-30,Moved Out
H002249,S006093,Cedar Crest Hall,373,2025-03-09,2025-07-12,Moved Out
H002250,S007648,Bellview Hall,312,2025-03-22,2025-11-14,Moved Out
H002251,S004986,Northgate Hall,336,2025-11-04,,Active
H002252,S004613,Harborview Hall,491,2026-03-01,,Active
H002253,S005786,Cedar Crest Hall,454,2026-06-29,2026-08-20,Moved Out
H002254,S001007,Aspen Court,353,2025-04-06,,Active
H002255,S008160,Cedar Crest Hall,581,2026-05-16,,Active
H002256,S005118,Lakeside Terrace,180,2025-07-28,,Active
H002257,S008566,Maple Ridge Hall,100,2023-12-19,2024-03-28,Moved Out
H002258,S008816,Birchwood Hall,252,2025-03-08,,Active
H002259,S001114,Founders Hall,307,2025-11-25,,Active
H002260,S007948,Willow Creek Hall,148,2023-10-23,2024-02-13,Moved Out
H002261,S006392,Willow Creek Hall,528,2026-07-23,2026-08-20,Moved Out
H002262,S002673,Summit House,357,2023-12-25,,Active
H002263,S006003,Willow Creek Hall,429,2025-11-16,,Active
H002264,S006054,Summit House,268,2023-12-01,,Active
H002265,S001465,Birchwood Hall,163,2023-08-30,2023-12-30,Moved Out
H002266,S003090,Birchwood Hall,497,2026-07-26,,Active
H002267,S007151,Northgate Hall,186,2024-12-19,,Active
H002268,S005837,Meadowbrook Hall,401,2023-10-26,,Active
H002269,S005756,Meadowbrook Hall,504,2026-01-19,,Active
H002270,S000904,Highland Hall,426,2026-01-16,2026-08-20,Moved Out
H002271,S007189,Aspen Court,126,2025-01-08,,Pending Assignment
H002272,S005048,Cedar Crest Hall,582,2026-08-20,2026-08-20,Moved Out
H002273,S002108,Aspen Court,514,2023-10-23,,Active
H002274,S001046,Meadowbrook Hall,387,2026-01-02,,Pending Assignment
H002275,S003836,Cedar Crest Hall,491,2024-10-20,,Active
H002276,S006562,Meadowbrook Hall,132,2023-08-23,2024-04-21,Moved Out
H002277,S008117,Riverbend Hall,505,2025-06-30,2026-03-15,Moved Out
H002278,S002088,Northgate Hall,241,2024-12-17,2025-08-16,Moved Out
H002279,S004922,Harborview Hall,118,2023-11-12,2024-02-17,Moved Out
H002280,S007734,Aspen Court,102,2024-01-06,2024-05-03,Moved Out
H002281,S000377,Maple Ridge Hall,410,2024-03-29,,Active
H002282,S005609,Maple Ridge Hall,587,2024-02-07,2024-06-01,Moved Out
H002283,S000797,Summit House,471,2026-07-24,2026-08-20,Moved Out
H002284,S000984,Bellview Hall,462,2024-12-17,,Active
H002285,S000485,Meadowbrook Hall,150,2024-09-09,2025-01-08,Moved Out
H002286,S000074,Maple Ridge Hall,285,2024-05-16,,Active
H002287,S002967,Highland Hall,348,2025-04-03,2025-07-02,Moved Out
H002288,S005505,Cedar Crest Hall,135,2025-07-18,2025-12-30,Moved Out
H002289,S000835,Meadowbrook Hall,162,2024-04-09,,Active
H002290,S007635,Harborview Hall,122,2024-03-15,2024-08-23,Moved Out
H002291,S006823,Northgate Hall,534,2024-04-25,,Active
H002292,S007466,Riverbend Hall,383,2024-02-24,,Active
H002293,S008750,Riverbend Hall,401,2025-02-26,2025-11-28,Moved Out
H002294,S002853,Cedar Crest Hall,114,2024-12-25,,Active
H002295,S000065,Birchwood Hall,551,2025-10-04,,Active
H002296,S008427,Willow Creek Hall,391,2024-11-07,2025-07-11,Moved Out
H002297,S008612,Maple Ridge Hall,297,2026-04-07,,Active
H002298,S001464,Highland Hall,125,2025-06-21,,Active
H002299,S001873,Northgate Hall,416,2025-09-19,,Pending Assignment
H002300,S002156,Bellview Hall,102,2025-02-26,2025-10-10,Moved Out
H002301,S009008,Meadowbrook Hall,130,2025-06-02,,Pending Assignment
H002302,S000881,Northgate Hall,471,2024-07-14,2025-03-20,Moved Out
H002303,S001962,Meadowbrook Hall,502,2026-03-08,2026-08-20,Moved Out
H002304,S000932,Founders Hall,188,2025-09-16,,Active
H002305,S002377,Maple Ridge Hall,563,2024-01-24,,Active
H002306,S001532,Lakeside Terrace,400,2024-03-13,,Pending Assignment
H002307,S003896,Lakeside Terrace,425,2023-09-07,,Active
H002308,S007174,Founders Hall,562,2026-08-06,2026-08-20,Moved Out
H002309,S002207,Lakeside Terrace,192,2025-01-23,,Active
H002310,S002416,Highland Hall,158,2025-03-20,2025-09-14,Moved Out
H002311,S003251,Riverbend Hall,191,2026-03-23,2026-08-20,Moved Out
H002312,S007087,Maple Ridge Hall,591,2024-12-13,,Active
H002313,S006528,Aspen Court,569,2025-09-07,,Pending Assignment
H002314,S007316,Sunrise Commons,589,2025-12-27,,Active
H002315,S006000,Aspen Court,281,2025-11-26,2026-02-25,Moved Out
H002316,S001064,Meadowbrook Hall,390,2023-10-03,,Active
H002317,S008749,Lakeside Terrace,240,2024-04-11,,Active
H002318,S002187,Harborview Hall,592,2026-04-28,,Active
H002319,S001428,Riverbend Hall,373,2024-08-01,2025-04-27,Moved Out
H002320,S008973,Northgate Hall,237,2025-11-08,,Active
H002321,S009698,Highland Hall,503,2024-03-10,2024-08-09,Moved Out
H002322,S009600,Sunrise Commons,426,2025-12-09,,Active
H002323,S006572,Northgate Hall,185,2025-06-17,,Active
H002324,S004396,Highland Hall,268,2023-11-30,2024-08-19,Moved Out
H002325,S000110,Harborview Hall,388,2023-09-16,2024-01-21,Moved Out
H002326,S001478,Sunrise Commons,211,2026-07-19,,Active
H002327,S001333,Northgate Hall,323,2024-10-26,2025-01-08,Moved Out
H002328,S005834,Founders Hall,586,2026-08-10,2026-08-20,Moved Out
H002329,S000877,Founders Hall,559,2025-12-14,2026-02-27,Moved Out
H002330,S002525,Sunrise Commons,220,2026-02-20,,Active
H002331,S001001,Aspen Court,268,2025-10-05,,Active
H002332,S007845,Meadowbrook Hall,249,2025-07-10,,Active
H002333,S008438,Lakeside Terrace,318,2025-06-04,2025-11-06,Moved Out
H002334,S009526,Meadowbrook Hall,104,2025-04-14,2025-12-24,Moved Out
H002335,S009079,Birchwood Hall,219,2026-06-14,,Active
H002336,S004274,Meadowbrook Hall,132,2025-12-09,2026-05-06,Moved Out
H002337,S005688,Summit House,590,2024-04-30,2025-01-20,Moved Out
H002338,S003389,Northgate Hall,523,2023-12-20,2024-06-25,Moved Out
H002339,S005446,Highland Hall,313,2025-07-23,,Active
H002340,S002744,Founders Hall,303,2025-11-14,,Active
H002341,S004641,Summit House,360,2025-03-05,,Active
H002342,S002691,Maple Ridge Hall,277,2023-12-09,,Active
H002343,S006638,Aspen Court,407,2023-11-16,,Active
H002344,S008678,Cedar Crest Hall,317,2024-11-24,,Pending Assignment
H002345,S004398,Lakeside Terrace,249,2024-06-12,2025-03-08,Moved Out
H002346,S003313,Riverbend Hall,528,2025-03-09,2025-08-12,Moved Out
H002347,S004795,Harborview Hall,379,2024-09-12,,Active
H002348,S007292,Bellview Hall,252,2026-05-21,2026-08-17,Moved Out
H002349,S000120,Summit House,349,2026-02-18,,Pending Assignment
H002350,S006080,Birchwood Hall,186,2023-11-27,,Active
H002351,S005500,Aspen Court,167,2023-12-12,,Active
H002352,S006864,Meadowbrook Hall,321,2023-08-20,,Active
H002353,S003007,Summit House,315,2026-03-09,,Active
H002354,S001142,Sunrise Commons,137,2026-02-18,,Active
H002355,S005705,Meadowbrook Hall,235,2023-08-09,,Active
H002356,S008381,Aspen Court,503,2024-09-11,2024-11-14,Moved Out
H002357,S009511,Maple Ridge Hall,584,2025-10-21,,Pending Assignment
H002358,S009726,Harborview Hall,518,2025-04-12,2025-09-02,Moved Out
H002359,S002097,Summit House,231,2025-01-18,,Active
H002360,S006202,Aspen Court,389,2024-04-07,2024-10-26,Moved Out
H002361,S000440,Meadowbrook Hall,499,2025-11-05,,Active
H002362,S005374,Riverbend Hall,533,2024-09-21,,Active
H002363,S009838,Cedar Crest Hall,223,2024-12-10,,Active
H002364,S006129,Maple Ridge Hall,366,2026-03-09,,Active
H002365,S000594,Northgate Hall,104,2025-11-03,,Active
H002366,S006280,Lakeside Terrace,524,2023-09-13,2023-12-12,Moved Out
H002367,S000961,Cedar Crest Hall,373,2024-11-19,2025-03-20,Moved Out
H002368,S005959,Lakeside Terrace,129,2024-07-30,,Pending Assignment
H002369,S000808,Founders Hall,380,2026-05-12,,Active
H002370,S001403,Cedar Crest Hall,538,2025-10-11,,Active
H002371,S005593,Meadowbrook Hall,487,2024-10-23,,Active
H002372,S002958,Summit House,228,2025-04-20,2025-12-09,Moved Out
H002373,S006541,Harborview Hall,544,2023-12-08,,Active
H002374,S005936,Meadowbrook Hall,279,2025-10-03,,Active
H002375,S002959,Sunrise Commons,353,2026-06-11,2026-08-20,Moved Out
H002376,S007440,Willow Creek Hall,203,2025-03-04,,Active
H002377,S001037,Maple Ridge Hall,152,2025-10-27,2026-08-08,Moved Out
H002378,S009693,Bellview Hall,445,2024-06-14,,Pending Assignment
H002379,S003602,Sunrise Commons,216,2023-11-29,,Active
H002380,S007066,Meadowbrook Hall,217,2024-12-12,2025-06-26,Moved Out
H002381,S001830,Maple Ridge Hall,141,2024-12-14,,Pending Assignment
H002382,S001150,Lakeside Terrace,111,2024-09-03,2025-02-19,Moved Out
H002383,S007046,Willow Creek Hall,339,2023-11-15,,Active
H002384,S001745,Aspen Court,106,2024-08-20,,Active
H002385,S005673,Cedar Crest Hall,512,2025-10-23,,Active
H002386,S007226,Lakeside Terrace,429,2024-01-10,2024-11-03,Moved Out
H002387,S001555,Aspen Court,337,2026-03-14,,Active
H002388,S002264,Highland Hall,261,2023-12-27,,Active
H002389,S004042,Founders Hall,225,2024-12-02,,Active
H002390,S008664,Willow Creek Hall,316,2024-10-21,,Active
H002391,S007049,Summit House,473,2024-05-28,,Active
H002392,S008998,Founders Hall,164,2025-08-04,,Active
H002393,S006321,Maple Ridge Hall,235,2025-04-10,,Active
H002394,S004676,Willow Creek Hall,418,2025-08-03,2025-10-20,Moved Out
H002395,S002846,Birchwood Hall,182,2025-11-04,2026-08-02,Moved Out
H002396,S008238,Lakeside Terrace,126,2026-01-16,,Active
H002397,S007219,Founders Hall,172,2024-01-02,,Pending Assignment
H002398,S001591,Maple Ridge Hall,119,2025-01-20,,Active
H002399,S000854,Cedar Crest Hall,441,2026-06-23,,Active
H002400,S008382,Riverbend Hall,387,2025-03-11,,Active
H002401,S003015,Meadowbrook Hall,117,2024-09-19,,Active
H002402,S005830,Aspen Court,512,2026-01-23,,Active
H002403,S003881,Founders Hall,529,2023-09-26,,Active
H002404,S003352,Cedar Crest Hall,530,2025-07-16,2026-04-02,Moved Out
H002405,S005714,Bellview Hall,561,2023-12-09,,Active
H002406,S008009,Meadowbrook Hall,410,2026-05-04,,Active
H002407,S002269,Bellview Hall,584,2023-09-18,2024-03-24,Moved Out
H002408,S007468,Harborview Hall,416,2024-01-11,,Active
H002409,S006847,Bellview Hall,402,2024-07-12,2025-04-10,Moved Out
H002410,S007491,Founders Hall,385,2023-12-21,,Active
H002411,S001490,Meadowbrook Hall,279,2024-09-22,,Active
H002412,S001570,Aspen Court,123,2024-08-28,,Active
H002413,S007321,Maple Ridge Hall,149,2025-11-12,,Active
H002414,S007745,Summit House,419,2025-09-08,2026-06-07,Moved Out
H002415,S001089,Sunrise Commons,494,2024-08-19,2024-11-26,Moved Out
H002416,S006747,Aspen Court,125,2025-04-02,,Active
H002417,S002400,Aspen Court,536,2025-09-03,2026-01-14,Moved Out
H002418,S002763,Founders Hall,519,2024-09-26,2024-12-28,Moved Out
H002419,S009282,Bellview Hall,349,2025-04-05,2026-01-02,Moved Out
H002420,S008829,Highland Hall,416,2025-09-09,,Active
H002421,S006914,Riverbend Hall,488,2024-08-27,2025-02-07,Moved Out
H002422,S004082,Bellview Hall,102,2024-01-19,2024-08-08,Moved Out
H002423,S004627,Birchwood Hall,169,2026-03-12,,Active
H002424,S005997,Northgate Hall,371,2023-08-20,,Active
H002425,S008496,Maple Ridge Hall,583,2023-10-10,,Active
H002426,S001688,Cedar Crest Hall,188,2026-05-14,,Active
H002427,S005084,Highland Hall,212,2026-01-20,2026-05-09,Moved Out
H002428,S008334,Summit House,162,2023-09-12,,Active
H002429,S006592,Lakeside Terrace,415,2025-02-07,,Active
H002430,S001563,Sunrise Commons,493,2024-11-13,2025-07-17,Moved Out
H002431,S003641,Riverbend Hall,404,2024-11-09,,Active
H002432,S004014,Northgate Hall,329,2024-04-17,,Active
H002433,S006446,Birchwood Hall,280,2025-10-07,,Active
H002434,S005361,Riverbend Hall,147,2023-11-10,2024-01-11,Moved Out
H002435,S006037,Birchwood Hall,171,2025-09-04,,Active
H002436,S008398,Willow Creek Hall,244,2024-12-29,,Active
H002437,S001951,Lakeside Terrace,255,2025-09-06,,Pending Assignment
H002438,S006125,Highland Hall,109,2025-10-27,2026-04-23,Moved Out
H002439,S007553,Riverbend Hall,402,2025-08-13,2026-05-15,Moved Out
H002440,S005448,Lakeside Terrace,534,2025-06-28,,Active
H002441,S007440,Sunrise Commons,397,2024-10-14,,Active
H002442,S003427,Lakeside Terrace,424,2025-12-15,,Pending Assignment
H002443,S009614,Harborview Hall,406,2024-09-15,2025-06-13,Moved Out
H002444,S003666,Aspen Court,222,2024-05-24,,Active
H002445,S001721,Birchwood Hall,474,2026-04-23,,Active
H002446,S006360,Lakeside Terrace,597,2025-05-08,2025-10-07,Moved Out
H002447,S003870,Highland Hall,327,2023-09-05,,Active
H002448,S008476,Aspen Court,150,2025-05-22,2026-02-21,Moved Out
H002449,S007339,Lakeside Terrace,113,2024-08-20,,Active
H002450,S004600,Bellview Hall,526,2024-06-26,,Pending Assignment
H002451,S006726,Birchwood Hall,354,2025-04-17,,Active
H002452,S009373,Riverbend Hall,243,2026-01-22,,Active
H002453,S004200,Meadowbrook Hall,481,2024-05-16,2024-08-20,Moved Out
H002454,S006288,Bellview Hall,369,2024-01-30,2024-05-08,Moved Out
H002455,S000629,Summit House,517,2023-12-23,,Active
H002456,S009480,Aspen Court,448,2026-01-13,,Active
H002457,S004884,Bellview Hall,304,2026-03-21,,Active
H002458,S007265,Lakeside Terrace,524,2024-07-28,,Active
H002459,S009130,Sunrise Commons,326,2025-10-09,2026-05-22,Moved Out
H002460,S003557,Meadowbrook Hall,241,2025-06-12,,Active
H002461,S006930,Birchwood Hall,131,2024-09-08,2025-02-10,Moved Out
H002462,S007082,Cedar Crest Hall,499,2023-12-01,2024-03-21,Moved Out
H002463,S004564,Highland Hall,204,2024-02-21,,Active
H002464,S001849,Aspen Court,181,2025-02-17,,Active
H002465,S004151,Bellview Hall,590,2024-07-26,2025-03-23,Moved Out
H002466,S005667,Sunrise Commons,452,2026-04-15,,Active
H002467,S002985,Meadowbrook Hall,164,2023-10-04,,Active
H002468,S007628,Willow Creek Hall,507,2025-01-30,2025-05-06,Moved Out
H002469,S001779,Maple Ridge Hall,201,2026-04-28,,Active
H002470,S005519,Summit House,149,2025-06-27,,Active
H002471,S001985,Summit House,460,2023-09-03,,Active
H002472,S001066,Harborview Hall,241,2024-12-15,2025-09-08,Moved Out
H002473,S004330,Bellview Hall,365,2025-05-15,,Active
H002474,S004254,Aspen Court,380,2025-07-27,,Active
H002475,S003115,Lakeside Terrace,332,2025-08-29,2025-12-22,Moved Out
H002476,S005075,Riverbend Hall,366,2024-01-29,,Active
H002477,S003509,Summit House,558,2025-09-02,,Active
H002478,S006047,Birchwood Hall,564,2026-08-07,,Active
H002479,S009959,Birchwood Hall,114,2025-01-24,,Active
H002480,S005549,Bellview Hall,155,2023-11-30,2024-05-19,Moved Out
H002481,S002397,Willow Creek Hall,474,2025-08-27,,Active
H002482,S002381,Birchwood Hall,234,2026-06-21,,Active
H002483,S009805,Lakeside Terrace,567,2023-12-07,,Active
H002484,S004939,Northgate Hall,534,2024-07-07,2024-12-03,Moved Out
H002485,S005993,Highland Hall,370,2023-08-19,,Active
H002486,S000234,Aspen Court,282,2026-03-06,,Active
H002487,S009533,Meadowbrook Hall,239,2025-04-20,,Active
H002488,S001448,Bellview Hall,330,2023-08-01,,Pending Assignment
H002489,S003779,Birchwood Hall,522,2024-10-26,,Active
H002490,S008481,Meadowbrook Hall,307,2026-07-04,,Active
H002491,S003980,Lakeside Terrace,183,2025-09-19,,Active
H002492,S002693,Meadowbrook Hall,448,2025-08-09,,Active
H002493,S002492,Maple Ridge Hall,473,2025-09-12,,Active
H002494,S002389,Highland Hall,295,2024-10-18,2024-12-26,Moved Out
H002495,S005279,Founders Hall,121,2024-04-11,,Active
H002496,S007303,Harborview Hall,573,2024-01-19,2024-08-27,Moved Out
H002497,S009101,Birchwood Hall,361,2026-06-30,2026-08-20,Moved Out
H002498,S005449,Harborview Hall,402,2026-08-08,,Active
H002499,S006659,Willow Creek Hall,332,2023-08-19,,Active
H002500,S001586,Highland Hall,503,2024-12-18,,Active
H002501,S000311,Meadowbrook Hall,161,2024-04-06,,Pending Assignment
H002502,S009174,Harborview Hall,312,2024-10-02,,Active
H002503,S009114,Harborview Hall,531,2025-07-26,,Active
H002504,S003768,Founders Hall,197,2025-06-01,,Active
H002505,S001019,Maple Ridge Hall,210,2024-06-20,2024-10-02,Moved Out
H002506,S002373,Lakeside Terrace,218,2025-09-20,,Active
H002507,S001202,Summit House,236,2024-03-11,,Pending Assignment
H002508,S000739,Highland Hall,358,2024-05-13,2025-01-01,Moved Out
H002509,S009310,Highland Hall,411,2024-01-09,,Active
H002510,S009848,Cedar Crest Hall,445,2025-09-27,2025-11-28,Moved Out
H002511,S007828,Harborview Hall,105,2024-10-09,,Active
H002512,S000502,Cedar Crest Hall,148,2024-01-28,,Active
H002513,S003242,Highland Hall,329,2025-05-27,,Pending Assignment
H002514,S005184,Lakeside Terrace,571,2025-08-18,,Pending Assignment
H002515,S004239,Highland Hall,581,2026-06-27,,Active
H002516,S007699,Sunrise Commons,508,2025-04-05,,Active
H002517,S000887,Sunrise Commons,488,2026-07-06,,Pending Assignment
H002518,S008223,Meadowbrook Hall,417,2023-11-01,,Active
H002519,S000043,Highland Hall,418,2023-09-12,,Active
H002520,S001775,Northgate Hall,371,2024-09-18,,Pending Assignment
H002521,S004319,Birchwood Hall,590,2023-08-26,2024-06-17,Moved Out
H002522,S000972,Summit House,436,2025-10-19,,Active
H002523,S004492,Bellview Hall,325,2025-08-05,,Active
H002524,S003196,Birchwood Hall,380,2024-12-03,,Active
H002525,S008624,Highland Hall,582,2024-05-21,2025-02-24,Moved Out
H002526,S002402,Northgate Hall,446,2025-02-08,2025-04-29,Moved Out
H002527,S002427,Cedar Crest Hall,271,2026-01-02,2026-06-19,Moved Out
H002528,S003274,Aspen Court,506,2025-02-24,,Active
H002529,S009822,Willow Creek Hall,290,2025-05-24,,Active
H002530,S003227,Willow Creek Hall,320,2023-08-24,2024-05-31,Moved Out
H002531,S008736,Highland Hall,402,2024-12-29,,Active
H002532,S003697,Riverbend Hall,469,2024-10-28,2025-03-14,Moved Out
H002533,S008550,Lakeside Terrace,596,2025-09-22,,Active
H002534,S008848,Maple Ridge Hall,106,2024-10-25,2025-08-05,Moved Out
H002535,S006310,Founders Hall,437,2026-07-19,,Active
H002536,S002916,Harborview Hall,120,2025-12-15,2026-08-06,Moved Out
H002537,S004475,Cedar Crest Hall,580,2026-09-01,,Active
H002538,S001515,Riverbend Hall,535,2024-08-02,2024-10-24,Moved Out
H002539,S009423,Aspen Court,593,2026-12-06,2026-08-20,Moved Out
H002540,S007595,Aspen Court,316,2026-07-22,2026-08-20,Moved Out
H002541,S007963,Birchwood Hall,391,2023-10-28,2024-04-06,Moved Out
H002542,S001112,Harborview Hall,223,2026-04-25,,Active
H002543,S007694,Northgate Hall,205,2024-10-21,2025-06-26,Moved Out
H002544,S005838,Meadowbrook Hall,121,2023-10-07,2024-03-06,Moved Out
H002545,S002596,Meadowbrook Hall,485,2024-09-13,2025-03-30,Moved Out
H002546,S001548,Maple Ridge Hall,528,2024-01-12,,Active
H002547,S008872,Sunrise Commons,513,2024-07-12,,Active
H002548,S008341,Maple Ridge Hall,450,2025-12-26,2026-06-08,Moved Out
H002549,S004212,Sunrise Commons,244,2026-07-24,,Active
H002550,S009491,Birchwood Hall,177,2025-12-06,,Active
H002551,S008945,Birchwood Hall,213,2026-05-12,,Active
H002552,S006051,Willow Creek Hall,512,2024-03-08,,Pending Assignment
H002553,S006307,Meadowbrook Hall,444,2026-04-12,,Active
H002554,S008010,Cedar Crest Hall,512,2024-08-16,,Active
H002555,S009553,Willow Creek Hall,455,2026-05-01,,Active
H002556,S004528,Bellview Hall,136,2024-06-20,,Active
H002557,S006953,Willow Creek Hall,232,2025-07-01,,Active
H002558,S001184,Aspen Court,504,2024-01-21,2024-05-29,Moved Out
H002559,S007484,Northgate Hall,495,2024-06-13,,Active
H002560,S005496,Highland Hall,432,2024-12-23,,Active
H002561,S004568,Aspen Court,352,2023-11-09,,Active
H002562,S002111,Lakeside Terrace,466,2026-01-03,2026-05-14,Moved Out
H002563,S007619,Harborview Hall,494,2023-12-03,2024-09-22,Moved Out
H002564,S002720,Meadowbrook Hall,318,2024-05-17,,Active
H002565,S003738,Aspen Court,514,2024-06-27,,Active
H002566,S003387,Sunrise Commons,212,2025-06-28,,Active
H002567,S005523,Meadowbrook Hall,466,2023-08-24,,Pending Assignment
H002568,S004904,Sunrise Commons,150,2025-03-30,,Active
H002569,S006654,Birchwood Hall,352,2023-11-28,,Active
H002570,S004172,Birchwood Hall,352,2024-04-15,,Active
H002571,S008379,Harborview Hall,208,2024-12-31,,Active
H002572,S005135,Harborview Hall,409,2024-04-02,,Active
H002573,S008450,Birchwood Hall,101,2024-03-16,,Active
H002574,S001009,Sunrise Commons,488,2025-10-11,,Active
H002575,S001835,Summit House,150,2024-12-16,,Active
H002576,S006722,Willow Creek Hall,598,2025-05-03,,Active
H002577,S008819,Bellview Hall,524,2025-08-21,,Active
H002578,S006857,Birchwood Hall,416,2024-10-21,2025-03-10,Moved Out
H002579,S003445,Maple Ridge Hall,548,2025-01-25,2025-08-13,Moved Out
H002580,S009747,Birchwood Hall,451,2025-07-29,2026-04-06,Moved Out
H002581,S002084,Cedar Crest Hall,333,2024-03-08,,Active
H002582,S004699,Riverbend Hall,247,2025-08-27,,Active
H002583,S007297,Meadowbrook Hall,129,2024-05-02,,Active
H002584,S008982,Harborview Hall,596,2026-03-27,2026-05-28,Moved Out
H002585,S002361,Birchwood Hall,270,2023-10-05,,Active
H002586,S000587,Northgate Hall,399,2024-04-09,2024-07-17,Moved Out
H002587,S007595,Bellview Hall,273,2026-01-26,,Active
H002588,S001898,Riverbend Hall,357,2025-11-09,2026-06-27,Moved Out
H002589,S003615,Highland Hall,556,2023-08-27,2024-06-03,Moved Out
H002590,S004535,Founders Hall,491,2025-12-08,2026-08-20,Moved Out
H002591,S004649,Riverbend Hall,392,2024-01-09,,Active
H002592,S003567,Bellview Hall,561,2026-03-12,,Active
H002593,S000907,Aspen Court,146,2025-05-16,,Active
H002594,S009299,Founders Hall,286,2026-03-04,2026-08-20,Moved Out
H002595,S009725,Willow Creek Hall,195,2025-07-01,2026-04-15,Moved Out
H002596,S002527,Lakeside Terrace,346,2024-09-15,,Pending Assignment
H002597,S001181,Sunrise Commons,103,2026-06-19,,Pending Assignment
H002598,S000600,Birchwood Hall,523,2025-08-02,,Pending Assignment
H002599,S008781,Maple Ridge Hall,496,2025-02-06,,Active
H002600,S004463,Lakeside Terrace,183,2024-05-16,,Active
H002601,S003195,Maple Ridge Hall,159,2026-08-16,,Active
H002602,S007107,Summit House,253,2025-08-17,,Active
H002603,S005274,Highland Hall,593,2023-09-06,,Active
H002604,S009894,Meadowbrook Hall,111,2025-12-18,,Active
H002605,S005026,Northgate Hall,318,2024-12-05,,Active
H002606,S004716,Aspen Court,265,2024-09-18,2025-05-15,Moved Out
H002607,S004247,Cedar Crest Hall,265,2023-11-25,,Active
H002608,S006247,Sunrise Commons,513,2024-04-08,,Active
H002609,S000685,Cedar Crest Hall,414,2025-10-25,2026-02-27,Moved Out
H002610,S005537,Sunrise Commons,596,2024-12-14,2025-04-16,Moved Out
H002611,S003142,Meadowbrook Hall,140,2026-07-09,,Active
H002612,S007083,Birchwood Hall,291,2025-09-20,2026-06-08,Moved Out
H002613,S004939,Highland Hall,280,2024-03-09,,Active
H002614,S005994,Summit House,146,2024-05-30,2024-09-09,Moved Out
H002615,S007713,Highland Hall,462,2023-09-04,,Active
H002616,S006372,Bellview Hall,117,2026-03-28,,Active
H002617,S008738,Sunrise Commons,290,2026-07-07,,Active
H002618,S001434,Willow Creek Hall,128,2025-08-08,,Active
H002619,S005289,Bellview Hall,548,2026-04-07,2026-08-20,Moved Out
H002620,S002997,Willow Creek Hall,322,2025-06-29,,Active
H002621,S007006,Highland Hall,289,2023-08-19,,Active
H002622,S006329,Meadowbrook Hall,461,2025-04-01,,Active
H002623,S004858,Founders Hall,144,2025-08-27,2025-11-16,Moved Out
H002624,S003544,Willow Creek Hall,280,2024-04-03,2024-10-07,Moved Out
H002625,S009857,Harborview Hall,257,2026-07-21,,Active
H002626,S001653,Bellview Hall,381,2024-06-20,,Active
H002627,S006155,Sunrise Commons,334,2024-06-17,,Active
H002628,S003501,Summit House,208,2026-04-07,2026-08-20,Moved Out
H002629,S005324,Founders Hall,432,2026-08-02,,Active
H002630,S004036,Harborview Hall,455,2025-11-05,,Active
H002631,S002379,Aspen Court,414,2024-02-20,,Active
H002632,S009171,Lakeside Terrace,434,2024-04-02,,Active
H002633,S006090,Summit House,152,2026-06-08,,Pending Assignment
H002634,S003512,Founders Hall,253,2023-10-26,2024-01-07,Moved Out
H002635,S005141,Founders Hall,338,2025-04-10,2026-01-12,Moved Out
H002636,S004420,Meadowbrook Hall,527,2024-04-03,,Active
H002637,S006452,Birchwood Hall,504,2025-11-11,,Active
H002638,S009833,Northgate Hall,565,2025-01-24,,Active
H002639,S008294,Cedar Crest Hall,483,2024-01-13,,Active
H002640,S001972,Willow Creek Hall,337,2026-07-08,2026-08-20,Moved Out
H002641,S001553,Founders Hall,384,2026-03-05,2026-08-20,Moved Out
H002642,S004884,Harborview Hall,366,2025-10-08,,Active
H002643,S005862,Maple Ridge Hall,458,2025-04-25,,Active
H002644,S003295,Birchwood Hall,530,2023-08-18,,Pending Assignment
H002645,S003376,Northgate Hall,467,2024-03-08,2024-06-11,Moved Out
H002646,S001016,Bellview Hall,248,2024-10-26,,Active
H002647,S007420,Aspen Court,168,2025-05-12,,Active
H002648,S004961,Maple Ridge Hall,143,2026-03-26,,Pending Assignment
H002649,S001889,Lakeside Terrace,103,2026-05-19,,Active
H002650,S009452,Harborview Hall,391,2024-08-15,,Active
H002651,S007608,Cedar Crest Hall,137,2024-01-11,,Active
H002652,S007493,Founders Hall,387,2025-05-20,,Active
H002653,S004105,Birchwood Hall,136,2026-05-21,2026-08-20,Moved Out
H002654,S002809,Riverbend Hall,343,2024-12-11,,Pending Assignment
H002655,S005525,Willow Creek Hall,456,2025-05-17,,Active
H002656,S006184,Founders Hall,369,2023-11-20,,Active
H002657,S006892,Cedar Crest Hall,345,2023-12-03,2024-07-28,Moved Out
H002658,S005660,Willow Creek Hall,228,2025-06-28,,Active
H002659,S003221,Willow Creek Hall,520,2026-03-30,2026-07-13,Moved Out
H002660,S007064,Meadowbrook Hall,239,2024-09-18,,Active
H002661,S006460,Birchwood Hall,193,2026-07-27,2026-08-20,Moved Out
H002662,S006187,Cedar Crest Hall,186,2024-09-07,,Active
H002663,S000282,Birchwood Hall,501,2024-03-13,2024-11-23,Moved Out
H002664,S005175,Summit House,554,2023-08-20,2024-03-17,Moved Out
H002665,S004010,Harborview Hall,143,2026-06-21,2026-08-20,Moved Out
H002666,S004968,Bellview Hall,128,2025-10-19,2026-02-26,Moved Out
H002667,S009031,Bellview Hall,199,2025-05-15,,Active
H002668,S004342,Meadowbrook Hall,289,2024-07-08,,Active
H002669,S008236,Birchwood Hall,156,2025-04-02,,Active
H002670,S006978,Founders Hall,187,2024-09-29,,Active
H002671,S003239,Aspen Court,411,2026-05-18,,Active
H002672,S003107,Riverbend Hall,564,2024-02-19,,Active
H002673,S002283,Birchwood Hall,134,2025-11-07,,Pending Assignment
H002674,S003565,Bellview Hall,565,2023-11-11,,Active
H002675,S003256,Summit House,236,2025-04-28,,Active
H002676,S004086,Meadowbrook Hall,178,2025-02-01,2025-05-26,Moved Out
H002677,S001154,Harborview Hall,449,2025-06-03,,Pending Assignment
H002678,S003664,Riverbend Hall,388,2023-08-30,,Active
H002679,S005590,Harborview Hall,203,2024-11-06,,Active
H002680,S004391,Founders Hall,363,2025-05-06,,Active
H002681,S000873,Sunrise Commons,499,2025-01-31,,Active
H002682,S009772,Bellview Hall,552,2026-03-13,,Pending Assignment
H002683,S004973,Sunrise Commons,258,2023-11-03,,Active
H002684,S006938,Bellview Hall,377,2026-02-24,2026-07-25,Moved Out
H002685,S000728,Bellview Hall,251,2024-10-14,2025-04-20,Moved Out
H002686,S002795,Founders Hall,482,2025-11-08,,Active
H002687,S009464,Willow Creek Hall,352,2026-08-14,,Active
H002688,S000531,Cedar Crest Hall,453,2024-01-16,,Active
H002689,S000588,Birchwood Hall,507,2025-08-15,2025-11-09,Moved Out
H002690,S004470,Birchwood Hall,430,2025-12-24,,Active
H002691,S006048,Maple Ridge Hall,443,2025-11-15,,Active
H002692,S004720,Lakeside Terrace,203,2025-01-04,2025-04-05,Moved Out
H002693,S008677,Aspen Court,586,2024-08-12,2024-12-07,Moved Out
H002694,S004117,Aspen Court,538,2025-09-24,,Active
H002695,S004307,Bellview Hall,459,2025-05-14,,Active
H002696,S008563,Riverbend Hall,580,2024-02-12,,Active
H002697,S002599,Lakeside Terrace,307,2024-05-01,,Active
H002698,S006068,Maple Ridge Hall,289,2023-12-20,,Active
H002699,S002969,Harborview Hall,497,2025-07-23,,Active
H002700,S008937,Highland Hall,440,2026-07-04,,Active
H002701,S002806,Cedar Crest Hall,303,2026-07-16,2026-08-20,Moved Out
H002702,S005413,Maple Ridge Hall,422,2024-11-06,,Active
H002703,S000978,Summit House,412,2025-01-10,,Active
H002704,S002643,Northgate Hall,493,2027-01-09,2026-08-20,Moved Out
H002705,S002482,Highland Hall,190,2023-09-10,,Active
H002706,S007169,Summit House,517,2024-07-24,,Active
H002707,S008301,Lakeside Terrace,466,2024-03-25,,Active
H002708,S008360,Summit House,480,2026-05-04,,Active
H002709,S004640,Maple Ridge Hall,445,2024-05-30,2025-02-16,Moved Out
H002710,S003960,Bellview Hall,334,2026-07-06,2026-08-20,Moved Out
H002711,S008143,Birchwood Hall,498,2025-03-19,,Active
H002712,S005796,Summit House,487,2024-07-29,,Active
H002713,S002135,Willow Creek Hall,572,2024-01-31,,Active
H002714,S008561,Sunrise Commons,472,2024-04-17,,Active
H002715,S004556,Maple Ridge Hall,397,2024-09-12,,Active
H002716,S004477,Lakeside Terrace,175,2024-01-22,,Active
H002717,S009082,Sunrise Commons,170,2026-06-17,,Active
H002718,S004753,Meadowbrook Hall,595,2025-03-29,2025-07-18,Moved Out
H002719,S008740,Northgate Hall,132,2023-09-04,,Active
H002720,S001867,Highland Hall,264,2023-12-29,,Active
H002721,S002747,Harborview Hall,404,2025-03-01,,Active
H002722,S008267,Birchwood Hall,337,2026-01-04,,Active
H002723,S009497,Sunrise Commons,492,2025-03-26,,Active
H002724,S003180,Highland Hall,473,2026-10-30,2026-08-20,Moved Out
H002725,S000550,Maple Ridge Hall,596,2024-11-18,,Active
H002726,S007642,Aspen Court,528,2024-10-31,,Active
H002727,S002728,Willow Creek Hall,401,2026-01-01,,Pending Assignment
H002728,S001845,Founders Hall,511,2023-11-10,,Active
H002729,S004636,Willow Creek Hall,427,2025-11-28,,Active
H002730,S009541,Riverbend Hall,300,2026-04-08,2026-08-20,Moved Out
H002731,S005682,Founders Hall,224,2024-03-24,,Active
H002732,S009955,Meadowbrook Hall,379,2024-03-21,2024-08-08,Moved Out
H002733,S009724,Birchwood Hall,274,2024-02-17,,Active
H002734,S000484,Summit House,428,2023-11-01,2024-01-20,Moved Out
H002735,S007065,Birchwood Hall,122,2025-12-02,,Active
H002736,S001562,Aspen Court,548,2024-08-24,,Active
H002737,S006258,Aspen Court,457,2023-12-22,,Active
H002738,S005777,Founders Hall,425,2025-10-02,2026-07-14,Moved Out
H002739,S009097,Willow Creek Hall,436,2024-10-07,,Active
H002740,S008997,Meadowbrook Hall,201,2024-04-18,,Active
H002741,S003691,Bellview Hall,319,2025-08-20,2026-03-16,Moved Out
H002742,S000256,Founders Hall,392,2025-07-04,,Active
H002743,S006382,Northgate Hall,392,2025-02-18,,Active
H002744,S008029,Summit House,403,2025-05-30,,Active
H002745,S008252,Bellview Hall,146,2026-06-04,2026-08-20,Moved Out
H002746,S001213,Summit House,550,2025-04-16,,Active
H002747,S008358,Bellview Hall,423,2024-10-14,,Active
H002748,S007497,Northgate Hall,254,2026-04-15,2026-07-20,Moved Out
H002749,S008409,Lakeside Terrace,294,2026-08-15,2026-08-20,Moved Out
H002750,S003915,Bellview Hall,512,2025-03-16,2025-08-01,Moved Out
H002751,S008115,Bellview Hall,158,2025-05-15,2026-02-11,Moved Out
H002752,S009618,Maple Ridge Hall,197,2024-07-11,2025-01-30,Moved Out
H002753,S007995,Birchwood Hall,573,2024-04-30,,Active
H002754,S001273,Willow Creek Hall,209,2024-02-26,2024-09-09,Moved Out
H002755,S001204,Sunrise Commons,135,2026-02-08,2026-05-28,Moved Out
H002756,S004261,Meadowbrook Hall,306,2024-08-23,,Active
H002757,S000117,Lakeside Terrace,449,2025-12-17,,Active
H002758,S000418,Sunrise Commons,225,2025-05-24,,Active
H002759,S008839,Lakeside Terrace,438,2025-08-18,,Pending Assignment
H002760,S001657,Highland Hall,363,2024-01-23,,Active
H002761,S004133,Willow Creek Hall,392,2023-11-11,,Active
H002762,S005311,Willow Creek Hall,346,2024-01-12,,Active
H002763,S007887,Northgate Hall,108,2023-10-16,,Active
H002764,S001701,Meadowbrook Hall,566,2026-01-14,,Active
H002765,S005720,Riverbend Hall,388,2025-08-30,2026-05-15,Moved Out
H002766,S003732,Summit House,208,2026-01-22,,Active
H002767,S002259,Riverbend Hall,245,2024-03-09,2024-07-12,Moved Out
H002768,S008700,Birchwood Hall,145,2026-05-28,2026-08-20,Moved Out
H002769,S009288,Cedar Crest Hall,248,2024-04-29,2024-12-21,Moved Out
H002770,S001615,Highland Hall,130,2024-03-03,,Active
H002771,S003382,Highland Hall,343,2025-06-12,,Active
H002772,S001505,Lakeside Terrace,502,2026-12-18,2026-08-20,Moved Out
H002773,S005468,Harborview Hall,262,2025-05-18,,Active
H002774,S008432,Harborview Hall,399,2023-08-11,2024-04-02,Moved Out
H002775,S004655,Sunrise Commons,175,2026-03-18,2026-08-20,Moved Out
H002776,S005861,Sunrise Commons,283,2026-08-18,2026-08-20,Moved Out
H002777,S009701,Aspen Court,372,2026-06-16,,Active
H002778,S005395,Bellview Hall,578,2024-10-27,,Active
H002779,S003735,Harborview Hall,434,2024-09-14,2025-04-22,Moved Out
H002780,S009095,Meadowbrook Hall,551,2025-01-05,2025-10-26,Moved Out
H002781,S007476,Aspen Court,382,2025-08-02,,Active
H002782,S001850,Sunrise Commons,393,2026-07-28,2026-08-20,Moved Out
H002783,S002100,Maple Ridge Hall,579,2024-07-02,,Active
H002784,S009543,Founders Hall,496,2025-05-28,,Active
H002785,S001869,Lakeside Terrace,325,2024-03-17,,Active
H002786,S003183,Summit House,598,2026-04-16,,Active
H002787,S005180,Bellview Hall,294,2025-09-03,,Active
H002788,S006206,Meadowbrook Hall,240,2024-04-23,,Active
H002789,S003825,Harborview Hall,186,2025-01-07,,Active
H002790,S001048,Founders Hall,245,2025-07-24,,Active
H002791,S008412,Highland Hall,103,2026-03-26,,Active
H002792,S008615,Lakeside Terrace,474,2025-10-18,2026-02-04,Moved Out
H002793,S006160,Bellview Hall,401,2024-12-24,,Active
H002794,S008233,Meadowbrook Hall,428,2024-08-03,,Active
H002795,S005327,Summit House,193,2026-05-15,,Active
H002796,S004527,Bellview Hall,211,2025-09-18,,Active
H002797,S000210,Riverbend Hall,155,2023-10-05,,Active
H002798,S006115,Bellview Hall,229,2024-03-15,,Active
H002799,S007105,Aspen Court,138,2024-05-03,,Pending Assignment
H002800,S005754,Maple Ridge Hall,134,2024-05-28,2025-02-24,Moved Out
H002801,S006884,Riverbend Hall,531,2024-09-21,2025-04-18,Moved Out
H002802,S008259,Bellview Hall,220,2026-02-17,,Active
H002803,S000724,Summit House,464,2024-06-19,,Active
H002804,S006852,Northgate Hall,307,2024-10-02,,Active
H002805,S000334,Sunrise Commons,387,2024-02-06,,Active
H002806,S009961,Founders Hall,105,2024-07-05,2024-10-07,Moved Out
H002807,S008650,Highland Hall,311,2025-06-15,,Active
H002808,S006492,Harborview Hall,223,2025-12-23,2026-08-20,Moved Out
H002809,S001402,Highland Hall,182,2025-02-11,,Active
H002810,S000699,Founders Hall,538,2024-02-20,,Active
H002811,S004479,Aspen Court,514,2025-09-21,2025-12-21,Moved Out
H002812,S008522,Aspen Court,375,2024-09-01,2025-04-01,Moved Out
H002813,S001384,Founders Hall,351,2025-05-13,,Active
H002814,S002391,Highland Hall,147,2025-12-09,,Active
H002815,S004823,Aspen Court,492,2025-05-19,,Active
H002816,S003500,Highland Hall,590,2025-07-05,,Active
H002817,S002010,Founders Hall,211,2024-04-22,,Active
H002818,S002121,Cedar Crest Hall,244,2025-11-19,,Active
H002819,S003453,Meadowbrook Hall,268,2024-10-22,,Active
H002820,S006124,Cedar Crest Hall,247,2023-11-05,,Active
H002821,S009451,Cedar Crest Hall,589,2024-03-21,,Active
H002822,S008303,Founders Hall,188,2025-08-23,2026-01-02,Moved Out
H002823,S001526,Riverbend Hall,464,2025-07-15,,Active
H002824,S006257,Maple Ridge Hall,153,2024-03-07,,Active
H002825,S007527,Sunrise Commons,406,2024-08-13,,Active
H002826,S006870,Riverbend Hall,351,2023-12-09,2024-05-15,Moved Out
H002827,S002134,Birchwood Hall,460,2025-09-30,2026-06-28,Moved Out
H002828,S004292,Willow Creek Hall,435,2025-12-30,2026-03-11,Moved Out
H002829,S003372,Highland Hall,183,2025-10-28,2026-06-04,Moved Out
H002830,S001067,Birchwood Hall,303,2024-03-20,,Active
H002831,S000624,Cedar Crest Hall,119,2025-11-30,,Active
H002832,S001619,Cedar Crest Hall,434,2023-10-14,2024-04-13,Moved Out
H002833,S007167,Aspen Court,182,2026-07-14,,Active
H002834,S006680,Harborview Hall,349,2026-07-29,,Active
H002835,S005050,Bellview Hall,496,2024-08-14,,Active
H002836,S003353,Founders Hall,541,2026-03-08,,Active
H002837,S001996,Maple Ridge Hall,297,2025-11-17,,Active
H002838,S009054,Sunrise Commons,107,2025-03-25,,Active
H002839,S004295,Riverbend Hall,145,2025-10-19,2026-06-20,Moved Out
H002840,S000439,Summit House,425,2025-10-06,,Active
H002841,S003194,Birchwood Hall,351,2025-09-02,,Active
H002842,S004228,Maple Ridge Hall,360,2026-02-26,,Active
H002843,S002336,Birchwood Hall,324,2024-06-11,,Active
H002844,S002232,Harborview Hall,107,2024-05-20,,Active
H002845,S001076,Riverbend Hall,483,2024-01-26,,Active
H002846,S000863,Highland Hall,485,2023-08-10,,Active
H002847,S009997,Summit House,519,2024-03-05,2024-06-01,Moved Out
H002848,S009760,Harborview Hall,307,2024-10-26,,Active
H002849,S005472,Sunrise Commons,163,2025-10-14,,Active
H002850,S005018,Founders Hall,143,2023-12-23,2024-06-02,Moved Out
H002851,S006559,Founders Hall,516,2024-11-30,,Active
H002852,S003807,Lakeside Terrace,219,2026-02-02,,Active
H002853,S003029,Cedar Crest Hall,248,2026-08-09,2026-08-20,Moved Out
H002854,S001349,Willow Creek Hall,274,2023-09-12,2024-05-05,Moved Out
H002855,S007562,Cedar Crest Hall,125,2025-06-24,,Active
H002856,S008400,Highland Hall,220,2025-02-08,,Active
H002857,S003816,Sunrise Commons,546,2024-11-08,,Active
H002858,S003532,Summit House,277,2025-05-04,2025-09-25,Moved Out
H002859,S002064,Willow Creek Hall,447,2024-12-24,,Active
H002860,S009975,Willow Creek Hall,388,2025-05-01,,Active
H002861,S003081,Sunrise Commons,147,2025-11-02,,Active
H002862,S002630,Founders Hall,240,2025-10-25,2026-04-19,Moved Out
H002863,S006053,Meadowbrook Hall,362,2025-01-14,2025-04-05,Moved Out
H002864,S007855,Cedar Crest Hall,269,2025-08-19,,Active
H002865,S008553,Riverbend Hall,393,2024-07-14,,Pending Assignment
H002866,S002294,Willow Creek Hall,524,2026-06-09,,Active
H002867,S000854,Meadowbrook Hall,435,2027-01-09,,Active
H002868,S004924,Highland Hall,454,2026-05-07,2026-08-20,Moved Out
H002869,S002164,Meadowbrook Hall,362,2024-08-22,2024-10-31,Moved Out
H002870,S005457,Highland Hall,229,2023-12-30,,Active
H002871,S004637,Bellview Hall,272,2024-10-22,2025-02-28,Moved Out
H002872,S009021,Willow Creek Hall,144,2024-01-23,,Active
H002873,S009352,Cedar Crest Hall,362,2025-11-16,,Active
H002874,S000102,Lakeside Terrace,349,2024-05-01,,Active
H002875,S007041,Highland Hall,461,2026-02-22,2026-06-29,Moved Out
H002876,S004626,Lakeside Terrace,304,2025-08-31,,Pending Assignment
H002877,S008477,Willow Creek Hall,177,2026-09-11,,Active
H002878,S007357,Maple Ridge Hall,502,2023-09-29,,Pending Assignment
H002879,S003008,Sunrise Commons,185,2025-11-10,,Active
H002880,S006052,Lakeside Terrace,354,2023-11-04,2024-04-13,Moved Out
H002881,S004817,Bellview Hall,508,2023-11-24,2024-04-16,Moved Out
H002882,S000641,Northgate Hall,239,2025-07-29,,Active
H002883,S002216,Lakeside Terrace,306,2024-06-14,2024-09-22,Moved Out
H002884,S008935,Aspen Court,307,2024-01-28,2024-05-24,Moved Out
H002885,S006890,Lakeside Terrace,518,2023-10-13,,Active
H002886,S007074,Highland Hall,324,2025-01-29,2025-05-06,Moved Out
H002887,S006012,Highland Hall,132,2024-08-03,2024-10-26,Moved Out
H002888,S003495,Founders Hall,333,2024-02-28,,Active
H002889,S006644,Summit House,528,2024-05-21,,Active
H002890,S004516,Meadowbrook Hall,403,2026-05-04,2026-08-20,Moved Out
H002891,S000675,Willow Creek Hall,497,2025-09-16,,Active
H002892,S003117,Willow Creek Hall,509,2024-07-21,2025-04-12,Moved Out
H002893,S004115,Founders Hall,423,2024-09-02,2025-02-26,Moved Out
H002894,S007941,Highland Hall,396,2024-09-25,,Active
H002895,S009911,Summit House,414,2024-01-17,,Active
H002896,S001301,Birchwood Hall,167,2023-08-12,,Active
H002897,S008287,Bellview Hall,541,2025-05-14,,Active
H002898,S001283,Aspen Court,575,2026-02-24,2026-08-20,Moved Out
H002899,S007536,Aspen Court,467,2024-03-31,,Active
H002900,S000059,Meadowbrook Hall,255,2026-05-25,,Active
H002901,S007047,Lakeside Terrace,230,2024-06-15,,Active
H002902,S001967,Founders Hall,307,2025-08-02,,Active
H002903,S003785,Willow Creek Hall,265,2026-05-05,,Active
H002904,S004006,Aspen Court,536,2023-10-23,2024-06-09,Moved Out
H002905,S001731,Sunrise Commons,348,2026-03-05,2026-08-20,Moved Out
H002906,S000495,Maple Ridge Hall,490,2026-01-18,,Pending Assignment
H002907,S005675,Cedar Crest Hall,150,2023-09-01,2024-06-22,Moved Out
H002908,S006431,Highland Hall,217,2025-04-11,,Active
H002909,S001511,Riverbend Hall,501,2024-07-24,2025-04-01,Moved Out
H002910,S007939,Bellview Hall,475,2026-04-14,2026-08-20,Moved Out
H002911,S001506,Northgate Hall,307,2026-03-13,,Active
H002912,S004485,Aspen Court,390,2026-02-12,,Active
H002913,S001678,Cedar Crest Hall,595,2025-02-22,,Active
H002914,S002637,Maple Ridge Hall,296,2023-10-30,,Active
H002915,S008795,Northgate Hall,484,2026-08-05,2026-08-20,Moved Out
H002916,S006527,Aspen Court,540,2025-02-14,,Active
H002917,S008869,Sunrise Commons,126,2024-06-05,,Active
H002918,S007241,Riverbend Hall,138,2026-11-18,,Active
H002919,S004927,Harborview Hall,264,2023-12-24,2024-03-13,Moved Out
H002920,S008895,Sunrise Commons,240,2023-09-14,,Active
H002921,S005339,Willow Creek Hall,483,2023-11-24,,Active
H002922,S006246,Lakeside Terrace,146,2025-10-07,2026-05-10,Moved Out
H002923,S007819,Bellview Hall,414,2023-09-30,,Pending Assignment
H002924,S009231,Founders Hall,121,2024-02-11,,Active
H002925,S003530,Sunrise Commons,243,2024-09-09,,Active
H002926,S004525,Willow Creek Hall,561,2023-10-23,2024-05-02,Moved Out
H002927,S002957,Highland Hall,594,2026-04-14,,Pending Assignment
H002928,S005620,Lakeside Terrace,294,2026-04-20,,Active
H002929,S009004,Maple Ridge Hall,393,2024-05-06,2024-09-22,Moved Out
H002930,S006342,Birchwood Hall,455,2026-12-11,,Active
H002931,S003695,Summit House,571,2025-09-03,,Active
H002932,S003282,Riverbend Hall,125,2025-04-07,,Active
H002933,S003190,Riverbend Hall,463,2025-10-25,2026-06-02,Moved Out
H002934,S004735,Bellview Hall,148,2026-08-09,2026-08-20,Moved Out
H002935,S000759,Summit House,222,2026-06-11,,Active
H002936,S004146,Lakeside Terrace,433,2025-03-16,,Active
H002937,S001398,Sunrise Commons,352,2023-11-04,,Active
H002938,S004814,Bellview Hall,204,2025-09-21,,Active
H002939,S009895,Highland Hall,148,2025-08-13,,Active
H002940,S000795,Founders Hall,371,2026-08-19,,Active
H002941,S000847,Summit House,549,2024-10-12,2024-12-13,Moved Out
H002942,S004798,Founders Hall,225,2025-09-05,2026-02-23,Moved Out
H002943,S008244,Riverbend Hall,546,2025-08-23,,Active
H002944,S008007,Summit House,134,2024-01-30,2024-04-29,Moved Out
H002945,S004993,Aspen Court,106,2024-02-20,,Active
H002946,S007603,Riverbend Hall,414,2024-08-14,,Active
H002947,S006305,Lakeside Terrace,588,2026-07-23,,Active
H002948,S009423,Willow Creek Hall,386,2026-05-28,2026-08-20,Moved Out
H002949,S009730,Founders Hall,138,2025-01-02,,Active
H002950,S000066,Birchwood Hall,115,2024-02-23,2024-10-05,Moved Out
H002951,S008845,Birchwood Hall,576,2025-12-24,2026-08-20,Moved Out
H002952,S002437,Cedar Crest Hall,548,2024-10-30,2025-01-20,Moved Out
H002953,S005057,Willow Creek Hall,141,2026-01-02,,Active
H002954,S003004,Aspen Court,153,2025-06-05,2026-02-06,Moved Out
H002955,S005946,Riverbend Hall,204,2024-02-01,2024-10-20,Moved Out
H002956,S003005,Willow Creek Hall,455,2025-05-13,2026-03-08,Moved Out
H002957,S006975,Founders Hall,461,2025-09-24,,Active
H002958,S007514,Harborview Hall,327,2025-02-24,,Active
H002959,S008940,Aspen Court,459,2023-12-09,,Active
H002960,S007587,Founders Hall,553,2024-07-06,2025-02-20,Moved Out
H002961,S005079,Willow Creek Hall,275,2025-06-11,,Active
H002962,S003213,Aspen Court,174,2025-06-30,,Active
H002963,S009458,Maple Ridge Hall,285,2025-09-21,,Active
H002964,S003471,Harborview Hall,491,2023-09-20,,Active
H002965,S002659,Harborview Hall,565,2025-07-27,,Active
H002966,S005977,Northgate Hall,323,2025-01-03,2025-06-09,Moved Out
H002967,S007221,Willow Creek Hall,102,2023-08-16,,Active
H002968,S007791,Riverbend Hall,122,2025-12-07,,Active
H002969,S006375,Cedar Crest Hall,510,2024-03-18,,Pending Assignment
H002970,S007540,Cedar Crest Hall,206,2025-01-30,,Active
H002971,S001910,Highland Hall,457,2026-06-23,,Active
H002972,S008587,Summit House,551,2025-10-25,,Pending Assignment
H002973,S001612,Summit House,562,2024-01-04,2024-05-18,Moved Out
H002974,S002312,Founders Hall,124,2026-01-28,,Active
H002975,S000559,Sunrise Commons,389,2025-06-29,,Active
H002976,S000855,Cedar Crest Hall,538,2024-12-12,2025-04-22,Moved Out
H002977,S003766,Harborview Hall,325,2024-10-23,,Pending Assignment
H002978,S003418,Riverbend Hall,325,2025-04-16,2025-07-13,Moved Out
H002979,S004314,Founders Hall,568,2025-05-31,,Active
H002980,S005185,Harborview Hall,261,2026-07-01,,Active
H002981,S009161,Northgate Hall,545,2025-03-29,,Active
H002982,S006684,Founders Hall,132,2024-12-20,,Active
H002983,S001705,Birchwood Hall,343,2026-03-03,2026-08-20,Moved Out
H002984,S002683,Lakeside Terrace,220,2026-05-06,,Active
H002985,S004593,Northgate Hall,431,2026-11-10,,Active
H002986,S005850,Bellview Hall,450,2023-09-05,,Pending Assignment
H002987,S000473,Aspen Court,418,2024-04-08,2024-09-19,Moved Out
H002988,S008707,Northgate Hall,476,2026-07-10,,Active
H002989,S000259,Northgate Hall,402,2026-06-24,,Active
H002990,S009481,Aspen Court,339,2025-06-13,,Active
H002991,S008253,Bellview Hall,566,2026-02-12,,Active
H002992,S006801,Aspen Court,396,2023-08-15,,Active
H002993,S006025,Founders Hall,346,2024-11-09,,Active
H002994,S002626,Maple Ridge Hall,533,2025-08-19,,Active
H002995,S005827,Founders Hall,281,2025-05-16,,Active
H002996,S005776,Bellview Hall,491,2026-07-27,,Active
H002997,S009849,Founders Hall,203,2023-09-09,,Pending Assignment
H002998,S001145,Birchwood Hall,196,2026-06-09,,Active
H002999,S005876,Sunrise Commons,501,2023-10-07,2024-04-19,Moved Out
H003000,S001168,Harborview Hall,391,2023-08-06,,Active
H003001,S004827,Cedar Crest Hall,237,2023-12-24,2024-04-12,Moved Out
H003002,S000946,Summit House,500,2024-12-15,,Active
H003003,S004896,Highland Hall,551,2026-04-11,,Active
H003004,S002794,Harborview Hall,466,2025-09-09,,Active
H003005,S000080,Bellview Hall,276,2024-08-16,,Active
H003006,S005543,Cedar Crest Hall,408,2024-12-24,,Active
H003007,S003457,Aspen Court,213,2023-12-20,2024-03-01,Moved Out
H003008,S009550,Highland Hall,149,2023-08-19,,Active
H003009,S005447,Founders Hall,516,2024-10-28,,Active
H003010,S003468,Riverbend Hall,115,2026-03-03,2026-06-24,Moved Out
H003011,S001879,Founders Hall,305,2026-06-09,,Active
H003012,S004780,Maple Ridge Hall,221,2025-12-05,,Active
H003013,S004460,Northgate Hall,401,2023-11-19,2024-07-08,Moved Out
H003014,S006944,Willow Creek Hall,469,2025-11-20,,Pending Assignment
H003015,S000088,Sunrise Commons,175,2025-08-24,,Active
H003016,S003547,Cedar Crest Hall,495,2025-08-04,2025-11-28,Moved Out
H003017,S007823,Bellview Hall,284,2024-07-02,,Active
H003018,S002951,Meadowbrook Hall,336,2025-08-11,,Active
H003019,S003911,Harborview Hall,142,2024-05-28,,Active
H003020,S003517,Bellview Hall,449,2025-12-14,,Active
H003021,S004682,Lakeside Terrace,568,2023-09-22,2023-12-12,Moved Out
H003022,S005489,Harborview Hall,423,2024-08-27,,Active
H003023,S004164,Harborview Hall,132,2026-08-18,2026-08-20,Moved Out
H003024,S008950,Summit House,336,2026-04-20,,Active
H003025,S004294,Aspen Court,504,2026-08-04,,Pending Assignment
H003026,S000154,Riverbend Hall,117,2025-09-25,,Active
H003027,S009333,Maple Ridge Hall,392,2026-08-04,,Active
H003028,S004523,Sunrise Commons,213,2025-02-25,,Active
H003029,S009736,Riverbend Hall,560,2026-04-14,,Active
H003030,S008109,Northgate Hall,418,2024-02-22,,Active
H003031,S009128,Meadowbrook Hall,186,2023-09-23,,Active
H003032,S002023,Northgate Hall,202,2024-05-13,,Active
H003033,S006116,Birchwood Hall,486,2025-09-15,,Active
H003034,S009398,Aspen Court,266,2024-02-02,,Active
H003035,S008517,Harborview Hall,458,2026-04-10,,Active
H003036,S002133,Cedar Crest Hall,163,2025-12-13,,Active
H003037,S000437,Summit House,157,2023-10-28,,Active
H003038,S004203,Summit House,329,2025-04-29,,Active
H003039,S006441,Riverbend Hall,202,2023-10-14,,Active
H003040,S008479,Riverbend Hall,447,2024-08-01,2025-02-19,Moved Out
H003041,S002541,Willow Creek Hall,585,2025-12-20,,Active
H003042,S003589,Meadowbrook Hall,460,2025-05-10,,Pending Assignment
H003043,S002191,Maple Ridge Hall,286,2024-10-09,2025-01-09,Moved Out
H003044,S008090,Meadowbrook Hall,500,2023-10-06,,Active
H003045,S000918,Bellview Hall,268,2024-01-15,2024-06-25,Moved Out
H003046,S008757,Cedar Crest Hall,306,2024-03-27,2024-11-26,Moved Out
H003047,S004129,Riverbend Hall,457,2025-12-02,,Active
H003048,S008019,Summit House,362,2025-11-21,,Active
H003049,S005950,Willow Creek Hall,390,2024-06-01,2025-03-02,Moved Out
H003050,S007139,Summit House,397,2026-04-08,2026-08-20,Moved Out
H003051,S007820,Cedar Crest Hall,162,2026-08-15,,Active
H003052,S006537,Riverbend Hall,597,2024-08-12,,Active
H003053,S001156,Birchwood Hall,269,2024-02-20,,Active
H003054,S005983,Highland Hall,498,2024-09-03,2025-05-20,Moved Out
H003055,S004066,Meadowbrook Hall,277,2024-12-28,,Active
H003056,S001993,Cedar Crest Hall,411,2025-04-06,,Pending Assignment
H003057,S002643,Willow Creek Hall,362,2026-07-13,,Active
H003058,S007925,Cedar Crest Hall,471,2025-06-23,2025-11-28,Moved Out
H003059,S000328,Summit House,322,2024-01-14,,Active
H003060,S008373,Sunrise Commons,512,2026-08-07,,Active
H003061,S006231,Highland Hall,376,2024-11-24,2025-03-03,Moved Out
H003062,S003442,Lakeside Terrace,270,2024-02-12,2024-10-20,Moved Out
H003063,S004927,Aspen Court,166,2024-07-10,,Active
H003064,S004976,Founders Hall,308,2025-11-05,2026-07-25,Moved Out
H003065,S004955,Cedar Crest Hall,571,2026-03-22,,Active
H003066,S002062,Bellview Hall,261,2024-05-03,,Pending Assignment
H003067,S009547,Bellview Hall,407,2024-12-10,,Active
H003068,S003833,Meadowbrook Hall,318,2024-12-06,,Active
H003069,S004583,Lakeside Terrace,358,2026-01-09,,Active
H003070,S001474,Highland Hall,531,2025-07-08,,Active
H003071,S009554,Bellview Hall,197,2026-06-15,2026-08-20,Moved Out
H003072,S008916,Summit House,586,2023-11-12,2024-06-06,Moved Out
H003073,S005398,Northgate Hall,297,2024-05-23,,Active
H003074,S008499,Riverbend Hall,140,2024-09-14,,Active
H003075,S005220,Sunrise Commons,324,2024-06-01,,Active
H003076,S005122,Cedar Crest Hall,543,2024-09-14,,Active
H003077,S005831,Harborview Hall,461,2025-05-21,,Active
H003078,S009386,Lakeside Terrace,296,2025-05-19,2025-08-01,Moved Out
H003079,S006588,Highland Hall,520,2025-04-21,,Active
H003080,S007672,Riverbend Hall,256,2025-12-20,,Active
H003081,S007688,Harborview Hall,571,2024-12-21,,Active
H003082,S005238,Maple Ridge Hall,144,2026-10-08,2026-08-20,Moved Out
H003083,S004503,Maple Ridge Hall,101,2024-04-01,,Active
H003084,S000091,Northgate Hall,487,2024-02-24,,Active
H003085,S005164,Highland Hall,248,2024-03-22,,Active
H003086,S005790,Lakeside Terrace,475,2023-12-31,2024-09-26,Moved Out
H003087,S007061,Summit House,374,2026-05-06,,Active
H003088,S005199,Aspen Court,126,2023-11-23,,Active
H003089,S008692,Summit House,520,2024-12-07,2025-02-07,Moved Out
H003090,S003552,Cedar Crest Hall,347,2026-04-23,,Active
H003091,S002750,Harborview Hall,326,2026-05-18,2026-08-20,Moved Out
H003092,S002619,Willow Creek Hall,520,2024-12-14,,Active
H003093,S000807,Summit House,193,2025-06-02,,Active
H003094,S003783,Riverbend Hall,487,2026-03-24,,Active
H003095,S003809,Willow Creek Hall,183,2024-10-30,,Active
H003096,S002577,Meadowbrook Hall,167,2025-12-14,,Pending Assignment
H003097,S004917,Bellview Hall,154,2026-07-28,,Active
H003098,S002013,Birchwood Hall,501,2024-02-28,,Active
H003099,S000630,Cedar Crest Hall,488,2025-07-06,,Active
H003100,S001874,Summit House,270,2025-03-06,2025-11-27,Moved Out
H003101,S002369,Highland Hall,387,2024-04-07,,Active
H003102,S006472,Highland Hall,447,2024-04-03,,Active
H003103,S002072,Founders Hall,362,2026-03-23,,Active
H003104,S001479,Harborview Hall,133,2025-05-16,,Active
H003105,S001188,Summit House,389,2023-08-14,,Active
H003106,S005351,Northgate Hall,327,2024-02-08,,Active
H003107,S006041,Willow Creek Hall,367,2025-08-21,,Active
H003108,S002329,Cedar Crest Hall,541,2025-08-09,,Active
H003109,S006998,Cedar Crest Hall,255,2024-02-17,,Active
H003110,S003368,Summit House,200,2026-06-07,,Active
H003111,S005172,Riverbend Hall,186,2023-08-04,,Pending Assignment
H003112,S003102,Riverbend Hall,346,2024-11-07,,Active
H003113,S008198,Maple Ridge Hall,224,2023-09-14,,Active
H003114,S004831,Willow Creek Hall,343,2025-09-15,,Active
H003115,S002106,Riverbend Hall,341,2025-10-30,,Active
H003116,S006585,Maple Ridge Hall,130,2026-01-02,2026-06-08,Moved Out
H003117,S000510,Aspen Court,464,2025-02-11,,Active
H003118,S009216,Riverbend Hall,316,2025-10-20,2026-03-09,Moved Out
H003119,S005899,Cedar Crest Hall,443,2025-04-24,2025-11-22,Moved Out
H003120,S008754,Willow Creek Hall,255,2024-05-23,2024-10-09,Moved Out
H003121,S003714,Founders Hall,121,2026-06-23,,Active
H003122,S003930,Northgate Hall,248,2026-04-14,2026-08-20,Moved Out
H003123,S002242,Summit House,371,2024-02-13,,Pending Assignment
H003124,S002736,Bellview Hall,157,2026-05-30,,Active
H003125,S002934,Maple Ridge Hall,109,2024-12-27,2025-03-29,Moved Out
H003126,S000966,Harborview Hall,237,2023-10-09,2024-05-26,Moved Out
H003127,S000549,Founders Hall,340,2025-10-30,,Active
H003128,S002267,Riverbend Hall,565,2024-04-10,2024-06-17,Moved Out
H003129,S001351,Sunrise Commons,571,2024-02-15,2024-07-19,Moved Out
H003130,S005995,Founders Hall,470,2025-12-13,,Active
H003131,S000996,Sunrise Commons,362,2023-09-22,,Active
H003132,S005950,Birchwood Hall,164,2024-01-05,,Active
H003133,S000526,Harborview Hall,281,2024-12-01,2025-09-20,Moved Out
H003134,S005724,Riverbend Hall,271,2026-04-15,,Active
H003135,S009930,Bellview Hall,311,2024-08-09,,Active
H003136,S005636,Summit House,539,2026-01-25,2026-07-03,Moved Out
H003137,S005866,Lakeside Terrace,503,2026-03-02,2026-08-20,Moved Out
H003138,S005757,Meadowbrook Hall,344,2024-05-17,,Active
H003139,S002569,Bellview Hall,497,2025-06-27,,Active
H003140,S000303,Birchwood Hall,167,2025-10-17,,Active
H003141,S006091,Summit House,541,2026-06-09,,Active
H003142,S008705,Bellview Hall,458,2024-06-04,,Active
H003143,S008701,Willow Creek Hall,355,2025-06-19,2026-02-28,Moved Out
H003144,S002723,Northgate Hall,515,2024-12-01,,Active
H003145,S000862,Highland Hall,464,2026-01-04,2026-08-20,Moved Out
H003146,S008354,Cedar Crest Hall,136,2024-10-08,2025-01-31,Moved Out
H003147,S005081,Lakeside Terrace,327,2024-08-15,,Active
H003148,S007673,Cedar Crest Hall,213,2025-04-30,2025-07-09,Moved Out
H003149,S007885,Summit House,597,2024-04-30,,Active
H003150,S005400,Sunrise Commons,444,2024-02-10,,Active
H003151,S001860,Bellview Hall,332,2026-01-24,,Pending Assignment
H003152,S005587,Summit House,305,2026-02-15,2026-08-20,Moved Out
H003153,S007629,Lakeside Terrace,230,2026-05-01,2026-07-22,Moved Out
H003154,S001088,Summit House,218,2025-07-18,,Active
H003155,S006092,Northgate Hall,368,2023-08-14,,Active
H003156,S008786,Maple Ridge Hall,181,2023-10-08,2024-07-05,Moved Out
H003157,S005147,Willow Creek Hall,432,2024-01-18,2024-04-05,Moved Out
H003158,S006675,Riverbend Hall,569,2024-04-01,,Active
H003159,S002290,Riverbend Hall,168,2026-01-08,,Active
H003160,S004576,Founders Hall,491,2026-08-17,,Active
H003161,S007026,Highland Hall,259,2025-08-12,,Active
H003162,S000889,Willow Creek Hall,459,2025-05-16,2025-08-29,Moved Out
H003163,S004361,Highland Hall,323,2024-09-06,2024-12-18,Moved Out
H003164,S004728,Harborview Hall,408,2024-07-21,,Active
H003165,S001545,Riverbend Hall,428,2025-11-06,2026-03-17,Moved Out
H003166,S007801,Northgate Hall,319,2025-03-14,,Active
H003167,S009292,Birchwood Hall,572,2025-04-05,,Active
H003168,S001886,Summit House,187,2024-07-24,2024-11-14,Moved Out
H003169,S000696,Birchwood Hall,326,2025-12-30,,Active
H003170,S006444,Harborview Hall,473,2025-11-23,,Active
H003171,S008367,Riverbend Hall,519,2026-02-09,,Active
H003172,S001648,Bellview Hall,449,2025-03-24,2025-08-18,Moved Out
H003173,S002094,Bellview Hall,231,2024-09-12,,Active
H003174,S004048,Cedar Crest Hall,289,2025-12-10,,Active
H003175,S002693,Meadowbrook Hall,361,2025-03-08,,Active
H003176,S004624,Birchwood Hall,478,2024-11-23,,Active
H003177,S000601,Willow Creek Hall,336,2024-03-11,2024-08-15,Moved Out
H003178,S005921,Harborview Hall,510,2024-01-15,,Active
H003179,S003223,Lakeside Terrace,374,2024-02-27,2024-07-31,Moved Out
H003180,S000749,Highland Hall,147,2026-06-21,,Active
H003181,S004941,Maple Ridge Hall,469,2026-02-09,,Active
H003182,S001771,Sunrise Commons,565,2023-10-03,,Active
H003183,S001541,Summit House,240,2025-08-19,,Active
H003184,S000698,Harborview Hall,237,2025-04-28,2026-01-10,Moved Out
H003185,S004928,Willow Creek Hall,216,2024-09-30,,Active
H003186,S002105,Harborview Hall,328,2025-01-19,2025-09-22,Moved Out
H003187,S004087,Meadowbrook Hall,263,2025-09-22,2026-02-27,Moved Out
H003188,S003898,Highland Hall,145,2026-01-26,,Active
H003189,S007810,Harborview Hall,406,2026-01-30,,Active
H003190,S009143,Bellview Hall,432,2024-09-07,,Active
H003191,S005080,Founders Hall,510,2025-03-12,2025-09-27,Moved Out
H003192,S004275,Cedar Crest Hall,383,2024-10-13,,Active
H003193,S000981,Cedar Crest Hall,316,2025-11-21,,Active
H003194,S004646,Summit House,403,2026-02-26,,Active
H003195,S008299,Summit House,351,2024-08-19,,Active
H003196,S004573,Willow Creek Hall,489,2026-01-13,,Active
H003197,S005768,Maple Ridge Hall,256,2026-02-10,2026-08-20,Moved Out
H003198,S008741,Meadowbrook Hall,452,2026-07-09,2026-08-20,Moved Out
H003199,S006023,Highland Hall,216,2024-01-28,2024-08-05,Moved Out
H003200,S009545,Sunrise Commons,205,2023-12-15,,Active
H003201,S002963,Meadowbrook Hall,439,2023-11-02,,Active
H003202,S006425,Aspen Court,553,2025-11-25,,Active
H003203,S005747,Harborview Hall,120,2025-09-23,,Active
H003204,S002312,Highland Hall,494,2026-07-03,,Active
H003205,S002296,Lakeside Terrace,275,2026-09-27,,Active
H003206,S005962,Founders Hall,316,2024-11-20,2025-07-28,Moved Out
H003207,S005516,Meadowbrook Hall,452,2025-01-07,,Active
H003208,S001780,Riverbend Hall,313,2025-08-05,2026-04-17,Moved Out
H003209,S009135,Birchwood Hall,591,2025-09-14,,Active
H003210,S001599,Willow Creek Hall,462,2024-12-19,2025-04-30,Moved Out
H003211,S007058,Summit House,183,2026-07-06,2026-08-20,Moved Out
H003212,S005272,Summit House,504,2026-08-02,,Active
H003213,S009384,Riverbend Hall,538,2023-09-06,,Active
H003214,S001353,Lakeside Terrace,471,2024-12-08,,Active
H003215,S004650,Founders Hall,308,2023-12-15,,Active
H003216,S003710,Summit House,205,2023-10-20,2024-08-11,Moved Out
H003217,S006827,Bellview Hall,450,2024-05-25,2024-07-28,Moved Out
H003218,S001062,Riverbend Hall,333,2023-09-12,,Active
H003219,S005791,Founders Hall,133,2023-12-09,,Active
H003220,S001987,Founders Hall,454,2024-01-05,2024-09-04,Moved Out
H003221,S005945,Riverbend Hall,309,2025-09-17,2026-02-25,Moved Out
H003222,S009206,Summit House,267,2024-07-17,,Active
H003223,S001571,Summit House,411,2025-07-04,,Active
H003224,S001335,Northgate Hall,551,2026-11-10,2026-08-20,Moved Out
H003225,S001499,Northgate Hall,365,2024-06-13,,Active
H003226,S002893,Meadowbrook Hall,311,2024-07-03,,Active
H003227,S001288,Sunrise Commons,491,2023-12-21,,Active
H003228,S004517,Birchwood Hall,224,2025-04-11,,Active
H003229,S000506,Aspen Court,323,2025-02-24,,Active
H003230,S006746,Meadowbrook Hall,374,2024-01-23,2024-08-08,Moved Out
H003231,S005424,Harborview Hall,231,2025-12-02,2026-08-20,Moved Out
H003232,S009367,Meadowbrook Hall,417,2026-02-21,2026-04-27,Moved Out
H003233,S001620,Sunrise Commons,432,2025-04-08,,Pending Assignment
H003234,S003843,Maple Ridge Hall,123,2025-08-07,,Active
H003235,S001264,Sunrise Commons,281,2024-07-27,2025-02-07,Moved Out
H003236,S000017,Cedar Crest Hall,402,2025-12-06,,Active
H003237,S005247,Northgate Hall,440,2025-04-08,,Active
H003238,S004381,Highland Hall,131,2025-07-28,,Active
H003239,S001668,Birchwood Hall,416,2025-07-31,,Active
H003240,S000929,Aspen Court,555,2025-09-03,2026-05-16,Moved Out
H003241,S009656,Harborview Hall,152,2023-11-18,2024-08-26,Moved Out
H003242,S005646,Cedar Crest Hall,280,2024-04-04,,Pending Assignment
H003243,S008949,Maple Ridge Hall,491,2025-11-17,,Active
H003244,S007933,Summit House,505,2026-02-14,,Active
H003245,S005991,Aspen Court,275,2025-11-24,,Active
H003246,S004740,Riverbend Hall,510,2025-02-15,2025-10-20,Moved Out
H003247,S007871,Meadowbrook Hall,500,2023-08-14,2023-10-21,Moved Out
H003248,S004583,Maple Ridge Hall,129,2025-07-25,,Active
H003249,S005851,Birchwood Hall,169,2024-05-16,,Active
H003250,S009313,Northgate Hall,173,2025-01-03,,Active
H003251,S003636,Aspen Court,165,2026-02-19,2026-08-20,Moved Out
H003252,S008120,Highland Hall,320,2024-05-01,,Active
H003253,S000759,Summit House,336,2025-12-09,,Active
H003254,S002248,Sunrise Commons,333,2023-12-23,2024-04-23,Moved Out
H003255,S003717,Harborview Hall,549,2025-02-16,,Active
H003256,S006682,Sunrise Commons,393,2024-02-01,,Active
H003257,S002475,Willow Creek Hall,527,2024-02-05,2024-11-14,Moved Out
H003258,S005921,Founders Hall,316,2024-06-22,2024-09-09,Moved Out
H003259,S008132,Bellview Hall,223,2025-01-30,2025-09-16,Moved Out
H003260,S008633,Bellview Hall,291,2026-08-14,,Active
H003261,S000504,Northgate Hall,437,2024-09-20,,Active
H003262,S002199,Aspen Court,460,2025-04-20,,Active
H003263,S006524,Birchwood Hall,493,2025-07-12,,Active
H003264,S006728,Lakeside Terrace,207,2024-06-25,2024-11-04,Moved Out
H003265,S006902,Lakeside Terrace,228,2026-05-19,2026-08-20,Moved Out
H003266,S009831,Cedar Crest Hall,184,2024-02-13,2024-11-10,Moved Out
H003267,S005920,Sunrise Commons,152,2026-04-18,,Active
H003268,S007282,Summit House,348,2024-07-10,,Active
H003269,S001376,Harborview Hall,585,2024-07-21,,Active
H003270,S004441,Cedar Crest Hall,122,2025-07-23,2025-09-24,Moved Out
H003271,S003095,Highland Hall,328,2023-10-12,,Active
H003272,S009524,Highland Hall,517,2025-12-07,,Active
H003273,S009737,Northgate Hall,182,2025-12-08,,Active
H003274,S005160,Highland Hall,171,2023-12-31,,Active
H003275,S008531,Founders Hall,515,2025-11-04,,Active
H003276,S007942,Cedar Crest Hall,455,2026-07-18,2026-08-20,Moved Out
H003277,S001523,Birchwood Hall,128,2023-08-14,2023-10-13,Moved Out
H003278,S004433,Northgate Hall,216,2024-10-13,,Active
H003279,S008631,Highland Hall,454,2024-03-14,2024-05-23,Moved Out
H003280,S005821,Northgate Hall,148,2024-10-06,2025-04-11,Moved Out
H003281,S000953,Willow Creek Hall,450,2025-01-27,2025-05-23,Moved Out
H003282,S009287,Aspen Court,355,2026-05-21,2026-08-20,Moved Out
H003283,S009157,Sunrise Commons,480,2024-02-06,,Active
H003284,S009403,Sunrise Commons,467,2025-04-27,,Active
H003285,S002496,Birchwood Hall,282,2024-06-05,,Active
H003286,S009220,Lakeside Terrace,199,2027-01-13,2026-08-20,Moved Out
H003287,S004449,Aspen Court,396,2025-07-15,2025-10-10,Moved Out
H003288,S002760,Willow Creek Hall,136,2023-09-06,2024-06-02,Moved Out
H003289,S005407,Lakeside Terrace,542,2026-05-29,2026-08-20,Moved Out
H003290,S002247,Sunrise Commons,223,2024-01-06,,Active
H003291,S002927,Cedar Crest Hall,512,2025-10-13,,Active
H003292,S001003,Northgate Hall,142,2024-09-27,,Active
H003293,S003804,Sunrise Commons,395,2026-04-02,,Active
H003294,S001590,Riverbend Hall,388,2023-11-02,2024-03-22,Moved Out
H003295,S001941,Aspen Court,177,2025-12-24,2026-05-31,Moved Out
H003296,S007639,Harborview Hall,346,2023-08-28,,Active
H003297,S005682,Birchwood Hall,549,2023-10-17,2024-02-25,Moved Out
H003298,S009027,Maple Ridge Hall,170,2025-02-24,2025-10-28,Moved Out
H003299,S000500,Northgate Hall,592,2026-02-17,,Active
H003300,S008646,Riverbend Hall,446,2023-12-26,,Active
H003301,S009209,Maple Ridge Hall,297,2026-08-13,2026-08-20,Moved Out
H003302,S009483,Highland Hall,559,2024-07-19,,Active
H003303,S004035,Highland Hall,218,2025-07-20,,Active
H003304,S002321,Harborview Hall,347,2025-09-22,2026-01-23,Moved Out
H003305,S007841,Willow Creek Hall,150,2024-02-19,2024-07-03,Moved Out
H003306,S002172,Sunrise Commons,355,2025-04-05,2025-08-20,Moved Out
H003307,S004816,Willow Creek Hall,302,2024-05-10,2024-11-03,Moved Out
H003308,S009124,Bellview Hall,444,2026-05-07,,Active
H003309,S000276,Riverbend Hall,485,2024-07-27,,Pending Assignment
H003310,S003975,Northgate Hall,306,2024-06-22,,Active
H003311,S002865,Founders Hall,190,2024-02-19,,Active
H003312,S008200,Bellview Hall,494,2024-03-16,,Active
H003313,S005880,Summit House,289,2025-04-03,,Active
H003314,S009663,Aspen Court,571,2025-06-03,,Active
H003315,S004667,Harborview Hall,165,2025-09-17,2025-11-18,Moved Out
H003316,S004288,Lakeside Terrace,339,2025-08-10,2025-11-02,Moved Out
H003317,S002611,Sunrise Commons,389,2023-10-24,,Pending Assignment
H003318,S003145,Maple Ridge Hall,308,2026-02-13,2026-08-07,Moved Out
H003319,S004101,Riverbend Hall,153,2025-05-20,2025-08-02,Moved Out
H003320,S004240,Highland Hall,117,2024-09-09,,Active
H003321,S006032,Maple Ridge Hall,267,2023-08-10,2024-03-25,Moved Out
H003322,S002539,Founders Hall,378,2023-08-24,,Active
H003323,S000185,Highland Hall,393,2024-12-19,,Active
H003324,S008967,Willow Creek Hall,428,2025-08-12,,Active
H003325,S007271,Riverbend Hall,114,2025-07-18,,Active
H003326,S006633,Meadowbrook Hall,143,2025-02-23,2025-09-12,Moved Out
H003327,S006627,Bellview Hall,334,2023-09-29,,Pending Assignment
H003328,S009425,Sunrise Commons,475,2024-02-21,,Pending Assignment
H003329,S007642,Highland Hall,492,2025-04-25,,Active
H003330,S008242,Meadowbrook Hall,154,2024-07-29,2024-10-07,Moved Out
H003331,S009216,Birchwood Hall,371,2026-03-17,2026-08-20,Moved Out
H003332,S007747,Northgate Hall,224,2024-06-19,,Active
H003333,S002519,Meadowbrook Hall,577,2025-07-15,,Active
H003334,S009501,Maple Ridge Hall,264,2026-06-01,,Active
H003335,S006099,Bellview Hall,210,2024-03-20,,Active
H003336,S008188,Aspen Court,548,2023-09-26,,Active
H003337,S007249,Meadowbrook Hall,113,2024-11-06,2025-04-26,Moved Out
H003338,S008019,Meadowbrook Hall,146,2026-05-27,,Active
H003339,S007873,Aspen Court,157,2025-05-15,,Active
H003340,S000742,Northgate Hall,537,2025-10-12,2025-12-22,Moved Out
H003341,S006158,Birchwood Hall,531,2024-12-08,2025-04-17,Moved Out
H003342,S005194,Founders Hall,589,2026-01-10,2026-06-16,Moved Out
H003343,S008674,Lakeside Terrace,391,2025-07-10,,Active
H003344,S001647,Summit House,291,2025-10-03,,Active
H003345,S009125,Birchwood Hall,225,2026-07-20,2026-08-20,Moved Out
H003346,S009115,Harborview Hall,559,2026-01-08,,Active
H003347,S006811,Harborview Hall,552,2025-01-08,,Active
H003348,S005432,Maple Ridge Hall,474,2025-04-30,2025-08-09,Moved Out
H003349,S009723,Founders Hall,236,2025-12-09,2026-05-14,Moved Out
H003350,S002477,Bellview Hall,447,2025-02-01,2025-11-19,Moved Out
H003351,S009616,Aspen Court,400,2024-10-21,2025-03-10,Moved Out
H003352,S002067,Meadowbrook Hall,287,2025-11-27,,Active
H003353,S002217,Bellview Hall,109,2026-03-05,,Active
H003354,S009548,Harborview Hall,425,2026-01-08,2026-03-29,Moved Out
H003355,S007127,Sunrise Commons,135,2023-09-13,,Active
H003356,S009429,Founders Hall,436,2023-08-25,,Active
H003357,S003922,Summit House,524,2025-09-03,,Active
H003358,S008146,Aspen Court,243,2025-10-09,,Active
H003359,S003827,Founders Hall,424,2025-12-22,2026-06-07,Moved Out
H003360,S002653,Birchwood Hall,476,2025-04-01,2025-07-01,Moved Out
H003361,S002085,Northgate Hall,272,2026-06-01,,Pending Assignment
H003362,S001527,Meadowbrook Hall,312,2026-03-21,2026-08-20,Moved Out
H003363,S003385,Lakeside Terrace,329,2026-09-13,2026-08-20,Moved Out
H003364,S007246,Riverbend Hall,586,2026-07-04,2026-08-20,Moved Out
H003365,S001854,Aspen Court,259,2023-11-27,,Active
H003366,S003957,Northgate Hall,369,2025-11-21,2026-05-13,Moved Out
H003367,S009909,Maple Ridge Hall,450,2025-01-28,,Active
H003368,S004053,Sunrise Commons,328,2026-05-02,,Active
H003369,S009338,Bellview Hall,462,2025-03-22,,Active
H003370,S004085,Founders Hall,136,2023-08-15,2024-05-04,Moved Out
H003371,S003651,Highland Hall,106,2024-03-11,2024-12-25,Moved Out
H003372,S005148,Maple Ridge Hall,200,2024-07-06,2025-01-21,Moved Out
H003373,S007437,Riverbend Hall,524,2026-05-29,,Active
H003374,S005934,Sunrise Commons,330,2024-04-18,,Active
H003375,S000089,Willow Creek Hall,516,2024-01-07,,Active
H003376,S001707,Birchwood Hall,348,2026-04-05,,Active
H003377,S006772,Bellview Hall,251,2025-03-01,2025-07-13,Moved Out
H003378,S003581,Bellview Hall,576,2023-11-13,2024-05-05,Moved Out
H003379,S007957,Meadowbrook Hall,323,2025-01-15,2025-08-05,Moved Out
H003380,S005042,Summit House,267,2023-09-11,,Active
H003381,S002542,Sunrise Commons,232,2024-08-28,,Active
H003382,S000958,Summit House,126,2024-05-13,,Active
H003383,S008833,Summit House,306,2024-11-24,,Active
H003384,S005798,Northgate Hall,291,2026-05-19,2026-08-20,Moved Out
H003385,S009467,Highland Hall,400,2025-01-31,,Active
H003386,S000148,Riverbend Hall,530,2024-11-12,,Active
H003387,S002648,Highland Hall,347,2024-09-26,,Active
H003388,S008648,Cedar Crest Hall,456,2025-01-19,,Active
H003389,S005018,Summit House,567,2023-08-17,2024-03-11,Moved Out
H003390,S008454,Cedar Crest Hall,567,2024-09-04,,Active
H003391,S003411,Bellview Hall,452,2023-09-16,2024-03-17,Moved Out
H003392,S001081,Founders Hall,525,2026-07-01,2026-08-20,Moved Out
H003393,S004689,Sunrise Commons,289,2024-04-12,,Active
H003394,S001129,Bellview Hall,328,2025-10-24,,Pending Assignment
H003395,S000893,Cedar Crest Hall,459,2026-03-01,,Active
H003396,S006484,Meadowbrook Hall,414,2025-11-08,,Active
H003397,S002440,Cedar Crest Hall,479,2024-03-11,,Active
H003398,S001295,Founders Hall,361,2024-08-01,,Active
H003399,S007728,Founders Hall,158,2024-08-08,,Active
H003400,S004792,Meadowbrook Hall,453,2023-10-30,,Active
H003401,S009891,Lakeside Terrace,319,2025-02-24,,Active
H003402,S002506,Bellview Hall,245,2025-01-29,,Active
H003403,S000186,Maple Ridge Hall,305,2023-10-22,,Active
H003404,S000212,Highland Hall,191,2025-10-07,2026-04-24,Moved Out
H003405,S006739,Birchwood Hall,525,2024-08-30,,Active
H003406,S003063,Harborview Hall,266,2026-07-16,,Active
H003407,S007071,Sunrise Commons,528,2026-08-20,2026-08-20,Moved Out
H003408,S004206,Willow Creek Hall,456,2026-07-22,2026-08-20,Moved Out
H003409,S005774,Riverbend Hall,205,2026-07-31,,Pending Assignment
H003410,S004592,Northgate Hall,134,2024-11-19,,Active
H003411,S003299,Bellview Hall,222,2024-01-24,2024-05-14,Moved Out
H003412,S007128,Willow Creek Hall,359,2023-12-08,2024-07-30,Moved Out
H003413,S002778,Willow Creek Hall,506,2026-02-21,,Active
H003414,S004809,Bellview Hall,137,2024-08-22,2024-12-27,Moved Out
H003415,S002764,Bellview Hall,568,2026-06-22,2026-08-20,Moved Out
H003416,S000253,Summit House,422,2026-03-04,2026-07-22,Moved Out
H003417,S000191,Maple Ridge Hall,122,2023-11-26,2024-03-02,Moved Out
H003418,S009261,Summit House,484,2025-08-11,,Active
H003419,S005035,Harborview Hall,345,2025-08-27,,Pending Assignment
H003420,S007610,Maple Ridge Hall,490,2024-09-07,2025-03-06,Moved Out
H003421,S004098,Northgate Hall,214,2023-08-03,,Active
H003422,S005216,Maple Ridge Hall,291,2025-10-26,,Active
H003423,S003045,Highland Hall,320,2024-01-08,,Active
H003424,S009010,Meadowbrook Hall,530,2023-09-10,,Active
H003425,S002782,Summit House,266,2025-06-23,,Active
H003426,S002345,Lakeside Terrace,567,2024-01-20,2024-06-12,Moved Out
H003427,S003863,Lakeside Terrace,468,2025-01-01,2025-07-11,Moved Out
H003428,S009563,Birchwood Hall,409,2025-09-10,,Active
H003429,S000320,Summit House,535,2025-08-15,,Pending Assignment
H003430,S004448,Sunrise Commons,338,2023-11-30,,Active
H003431,S004951,Founders Hall,562,2023-10-26,,Active
H003432,S008919,Maple Ridge Hall,149,2024-06-04,2025-02-23,Moved Out
H003433,S008576,Riverbend Hall,210,2026-07-30,2026-08-20,Moved Out
H003434,S008350,Summit House,359,2025-06-21,,Active
H003435,S004378,Aspen Court,211,2026-03-17,,Active
H003436,S009927,Harborview Hall,454,2024-03-27,2024-10-07,Moved Out
H003437,S004519,Maple Ridge Hall,210,2023-12-16,2024-07-25,Moved Out
H003438,S002923,Founders Hall,315,2024-03-18,,Active
H003439,S004019,Founders Hall,595,2026-02-20,,Active
H003440,S006503,Aspen Court,539,2025-08-24,2026-03-11,Moved Out
H003441,S009438,Meadowbrook Hall,333,2023-10-31,2024-06-07,Moved Out
H003442,S006848,Willow Creek Hall,240,2024-09-23,2025-04-22,Moved Out
H003443,S002123,Birchwood Hall,272,2024-05-15,2025-01-31,Moved Out
H003444,S007237,Willow Creek Hall,397,2025-04-25,2025-11-23,Moved Out
H003445,S004989,Birchwood Hall,548,2026-06-24,,Active
H003446,S001216,Maple Ridge Hall,395,2026-07-20,,Active
H003447,S009418,Summit House,116,2025-01-31,,Pending Assignment
H003448,S009245,Founders Hall,178,2026-01-07,,Active
H003449,S003989,Harborview Hall,189,2025-07-19,2026-02-13,Moved Out
H003450,S002784,Cedar Crest Hall,446,2025-07-27,,Active
H003451,S004395,Aspen Court,341,2025-01-31,2025-04-30,Moved Out
H003452,S000204,Harborview Hall,290,2023-09-30,,Active
H003453,S007381,Aspen Court,417,2023-10-26,,Active
H003454,S004350,Aspen Court,180,2024-04-18,2024-08-25,Moved Out
H003455,S004757,Birchwood Hall,328,2024-03-24,2025-01-16,Moved Out
H003456,S001225,Summit House,400,2025-01-05,,Active
H003457,S001133,Sunrise Commons,508,2023-08-21,2024-05-31,Moved Out
H003458,S003199,Summit House,563,2024-05-28,,Active
H003459,S000919,Willow Creek Hall,510,2024-07-24,2025-01-12,Moved Out
H003460,S006981,Riverbend Hall,187,2025-07-15,2026-01-07,Moved Out
H003461,S001057,Harborview Hall,306,2024-12-31,,Active
H003462,S000123,Willow Creek Hall,372,2023-12-25,2024-07-05,Moved Out
H003463,S008441,Birchwood Hall,131,2026-01-22,,Active
H003464,S004674,Cedar Crest Hall,598,2024-03-22,2024-11-29,Moved Out
H003465,S006127,Harborview Hall,299,2025-05-04,2025-07-05,Moved Out
H003466,S004269,Lakeside Terrace,288,2024-04-12,2024-10-18,Moved Out
H003467,S005902,Willow Creek Hall,553,2024-11-19,,Active
H003468,S004327,Cedar Crest Hall,478,2025-12-25,2026-04-02,Moved Out
H003469,S004457,Northgate Hall,258,2026-06-14,2026-08-20,Moved Out
H003470,S002072,Summit House,237,2026-08-11,,Active
H003471,S002483,Maple Ridge Hall,240,2025-02-24,2025-08-10,Moved Out
H003472,S001366,Maple Ridge Hall,155,2024-11-13,,Active
H003473,S005052,Northgate Hall,552,2026-05-04,,Active
H003474,S007109,Riverbend Hall,195,2025-10-26,,Active
H003475,S003087,Aspen Court,526,2025-06-08,,Active
H003476,S005664,Summit House,562,2024-03-15,2024-07-18,Moved Out
H003477,S002236,Aspen Court,316,2024-12-12,,Active
H003478,S005905,Harborview Hall,266,2025-02-26,,Active
H003479,S007878,Aspen Court,490,2026-07-22,2026-08-20,Moved Out
H003480,S000395,Harborview Hall,123,2023-08-29,,Active
H003481,S003399,Maple Ridge Hall,585,2024-02-18,,Active
H003482,S007920,Cedar Crest Hall,427,2024-07-19,,Active
H003483,S000374,Meadowbrook Hall,543,2025-09-23,,Active
H003484,S008556,Sunrise Commons,403,2024-10-30,,Active
H003485,S009071,Maple Ridge Hall,256,2025-05-27,,Active
H003486,S004140,Meadowbrook Hall,483,2025-06-05,,Active
H003487,S000848,Lakeside Terrace,214,2025-08-26,2026-04-13,Moved Out
H003488,S009461,Meadowbrook Hall,298,2025-09-12,,Active
H003489,S001535,Cedar Crest Hall,530,2025-09-07,2026-01-20,Moved Out
H003490,S007651,Highland Hall,293,2024-03-21,,Active
H003491,S001717,Summit House,159,2025-12-01,,Active
H003492,S002000,Aspen Court,161,2024-05-18,,Active
H003493,S005364,Sunrise Commons,165,2024-03-05,,Active
H003494,S001238,Cedar Crest Hall,263,2024-11-27,2025-08-11,Moved Out
H003495,S007470,Lakeside Terrace,570,2026-02-24,,Active
H003496,S001466,Cedar Crest Hall,338,2025-06-01,,Active
H003497,S001563,Meadowbrook Hall,529,2024-05-15,,Active
H003498,S009346,Meadowbrook Hall,183,2026-05-18,2026-08-20,Moved Out
H003499,S007446,Cedar Crest Hall,261,2026-02-10,2026-08-20,Moved Out
H003500,S009735,Riverbend Hall,139,2023-10-17,,Active
H003501,S004403,Highland Hall,340,2024-01-27,2024-10-23,Moved Out
H003502,S005750,Northgate Hall,469,2024-12-11,,Active
H003503,S000001,Summit House,280,2026-08-08,2026-08-20,Moved Out
H003504,S000649,Summit House,408,2024-07-23,2024-11-03,Moved Out
H003505,S001398,Cedar Crest Hall,587,2024-04-10,,Active
H003506,S000232,Cedar Crest Hall,469,2026-07-14,,Active
H003507,S000087,Cedar Crest Hall,365,2025-11-12,,Active
H003508,S007224,Willow Creek Hall,409,2025-04-17,,Pending Assignment
H003509,S004683,Maple Ridge Hall,258,2025-03-15,,Active
H003510,S005360,Sunrise Commons,140,2025-07-31,2026-05-06,Moved Out
H003511,S003515,Northgate Hall,535,2024-03-22,2024-08-01,Moved Out
H003512,S009860,Founders Hall,222,2024-04-27,,Active
H003513,S000831,Cedar Crest Hall,327,2025-02-07,,Active
H003514,S006379,Harborview Hall,171,2026-02-27,,Active
H003515,S007385,Northgate Hall,120,2026-08-04,,Active
H003516,S000378,Willow Creek Hall,423,2024-06-28,,Active
H003517,S003707,Willow Creek Hall,306,2024-09-30,,Active
H003518,S000342,Riverbend Hall,208,2024-02-13,,Active
H003519,S008584,Sunrise Commons,303,2025-02-15,2025-05-04,Moved Out
H003520,S000160,Founders Hall,377,2023-09-29,,Active
H003521,S008134,Cedar Crest Hall,412,2025-06-09,2025-11-08,Moved Out
H003522,S009818,Founders Hall,433,2024-04-14,2024-12-19,Moved Out
H003523,S001607,Aspen Court,434,2023-10-07,,Active
H003524,S000167,Meadowbrook Hall,565,2025-08-23,,Active
H003525,S008868,Maple Ridge Hall,317,2025-01-14,,Active
H003526,S007781,Northgate Hall,562,2024-10-19,,Active
H003527,S008018,Highland Hall,362,2026-04-27,,Active
H003528,S006810,Summit House,454,2026-01-25,,Pending Assignment
H003529,S005853,Lakeside Terrace,209,2024-11-21,,Active
H003530,S002871,Birchwood Hall,393,2024-07-18,2024-09-22,Moved Out
H003531,S003868,Harborview Hall,390,2023-10-16,,Pending Assignment
H003532,S003033,Founders Hall,286,2027-01-21,,Active
H003533,S000280,Northgate Hall,119,2025-12-27,,Active
H003534,S002628,Aspen Court,214,2024-06-09,2024-10-13,Moved Out
H003535,S005095,Cedar Crest Hall,323,2024-08-31,,Active
H003536,S008855,Harborview Hall,324,2025-10-26,,Active
H003537,S007596,Sunrise Commons,213,2026-01-11,2026-08-20,Moved Out
H003538,S005766,Willow Creek Hall,222,2026-03-11,2026-08-20,Moved Out
H003539,S006470,Birchwood Hall,182,2026-02-27,,Active
H003540,S007496,Highland Hall,205,2024-04-09,2024-12-17,Moved Out
H003541,S008994,Riverbend Hall,179,2026-08-08,2026-08-20,Moved Out
H003542,S008260,Riverbend Hall,503,2025-10-10,2026-01-18,Moved Out
H003543,S002068,Cedar Crest Hall,417,2026-04-01,,Active
H003544,S002666,Aspen Court,162,2025-04-18,,Active
H003545,S004805,Riverbend Hall,478,2023-12-05,,Active
H003546,S000309,Bellview Hall,455,2025-11-17,2026-03-24,Moved Out
H003547,S003219,Northgate Hall,474,2026-05-03,,Active
H003548,S009410,Sunrise Commons,334,2024-04-21,2024-09-13,Moved Out
H003549,S009913,Birchwood Hall,233,2025-01-08,2025-05-12,Moved Out
H003550,S006287,Willow Creek Hall,357,2024-09-19,,Active
H003551,S003715,Cedar Crest Hall,238,2023-12-15,,Active
H003552,S003736,Willow Creek Hall,408,2025-11-01,,Active
H003553,S003297,Willow Creek Hall,490,2024-09-08,,Pending Assignment
H003554,S006919,Cedar Crest Hall,474,2023-08-22,,Active
H003555,S004680,Summit House,231,2024-11-07,,Active
H003556,S008934,Riverbend Hall,548,2025-08-17,,Active
H003557,S007190,Meadowbrook Hall,284,2026-10-15,2026-08-20,Moved Out
H003558,S007309,Highland Hall,354,2025-09-03,2026-01-08,Moved Out
H003559,S005700,Harborview Hall,597,2026-03-10,,Active
H003560,S000075,Cedar Crest Hall,250,2024-04-21,,Active
H003561,S005560,Lakeside Terrace,422,2024-01-25,,Active
H003562,S001034,Highland Hall,431,2026-01-19,2026-07-21,Moved Out
H003563,S000992,Meadowbrook Hall,407,2024-05-15,,Active
H003564,S009085,Cedar Crest Hall,144,2024-09-21,,Active
H003565,S008061,Highland Hall,293,2025-06-17,2026-02-25,Moved Out
H003566,S003804,Meadowbrook Hall,128,2026-09-22,,Active
H003567,S000447,Cedar Crest Hall,490,2025-10-29,2026-07-18,Moved Out
H003568,S004009,Highland Hall,196,2024-08-11,,Active
H003569,S005408,Founders Hall,374,2025-04-05,2025-07-24,Moved Out
H003570,S002993,Riverbend Hall,183,2024-11-08,,Active
H003571,S000652,Meadowbrook Hall,216,2025-07-21,,Active
H003572,S002702,Summit House,423,2024-10-16,,Pending Assignment
H003573,S007230,Highland Hall,224,2024-07-17,,Active
H003574,S008413,Harborview Hall,475,2025-02-18,2025-06-30,Moved Out
H003575,S006843,Lakeside Terrace,566,2025-04-15,,Active
H003576,S000635,Sunrise Commons,297,2025-02-11,,Active
H003577,S009897,Founders Hall,525,2023-10-23,,Active
H003578,S006777,Willow Creek Hall,351,2026-08-16,,Active
H003579,S005356,Harborview Hall,511,2024-11-14,2025-06-08,Moved Out
H003580,S002616,Maple Ridge Hall,253,2026-05-20,2026-08-20,Moved Out
H003581,S003253,Meadowbrook Hall,448,2025-07-03,,Active
H003582,S000510,Birchwood Hall,369,2024-08-18,,Active
H003583,S006704,Lakeside Terrace,215,2026-06-11,,Active
H003584,S008106,Harborview Hall,532,2025-04-16,2025-11-22,Moved Out
H003585,S003405,Summit House,165,2026-06-03,2026-08-20,Moved Out
H003586,S003374,Aspen Court,536,2026-09-27,,Active
H003587,S005490,Riverbend Hall,124,2026-04-10,,Active
H003588,S006195,Sunrise Commons,160,2024-11-25,,Active
H003589,S000798,Northgate Hall,369,2024-10-18,2024-12-28,Moved Out
H003590,S000439,Maple Ridge Hall,434,2026-02-08,2026-08-20,Moved Out
H003591,S005734,Aspen Court,537,2023-10-25,,Active
H003592,S007728,Aspen Court,578,2024-12-25,,Active
H003593,S006969,Northgate Hall,396,2025-06-01,,Active
H003594,S008902,Harborview Hall,221,2025-10-14,2026-04-26,Moved Out
H003595,S004632,Northgate Hall,195,2024-07-04,,Active
H003596,S004539,Willow Creek Hall,130,2025-06-10,2025-10-29,Moved Out
H003597,S007369,Maple Ridge Hall,175,2024-07-03,2024-11-16,Moved Out
H003598,S000532,Aspen Court,244,2025-05-31,2025-08-06,Moved Out
H003599,S007019,Meadowbrook Hall,150,2023-12-07,,Active
H003600,S000112,Northgate Hall,245,2024-01-09,,Active
H003601,S003569,Highland Hall,595,2023-12-09,2024-05-18,Moved Out
H003602,S006036,Meadowbrook Hall,403,2023-10-07,,Active
H003603,S003266,Bellview Hall,350,2025-04-29,2025-10-08,Moved Out
H003604,S009844,Highland Hall,488,2025-09-27,,Active
H003605,S008928,Lakeside Terrace,264,2024-02-28,2024-07-20,Moved Out
H003606,S008551,Cedar Crest Hall,414,2025-10-17,,Pending Assignment
H003607,S000993,Sunrise Commons,424,2026-07-27,,Pending Assignment
H003608,S003668,Sunrise Commons,518,2025-03-01,,Active
H003609,S006982,Riverbend Hall,352,2025-05-01,2025-10-11,Moved Out
H003610,S009077,Birchwood Hall,275,2025-06-29,,Pending Assignment
H003611,S007680,Bellview Hall,244,2023-10-01,,Active
H003612,S000618,Cedar Crest Hall,340,2023-10-22,2024-02-21,Moved Out
H003613,S002671,Northgate Hall,423,2023-12-17,,Active
H003614,S009038,Sunrise Commons,124,2026-03-14,2026-08-20,Moved Out
H003615,S008048,Meadowbrook Hall,176,2025-01-17,,Active
H003616,S003587,Harborview Hall,190,2024-11-02,,Active
H003617,S006174,Birchwood Hall,381,2024-04-24,,Active
H003618,S003649,Highland Hall,223,2025-10-13,2026-01-28,Moved Out
H003619,S003262,Sunrise Commons,420,2026-07-14,,Active
H003620,S000719,Birchwood Hall,558,2024-12-03,,Active
H003621,S001261,Meadowbrook Hall,467,2025-04-06,,Active
H003622,S001775,Riverbend Hall,134,2024-04-05,,Active
H003623,S009439,Northgate Hall,284,2023-12-23,,Active
H003624,S008909,Birchwood Hall,136,2024-10-23,,Active
H003625,S009274,Northgate Hall,170,2026-07-18,,Active
H003626,S007030,Riverbend Hall,429,2023-10-29,2024-06-03,Moved Out
H003627,S007184,Riverbend Hall,151,2025-02-27,2025-07-05,Moved Out
H003628,S002837,Birchwood Hall,489,2024-01-06,2024-04-04,Moved Out
H003629,S001096,Aspen Court,191,2026-03-15,,Active
H003630,S008302,Birchwood Hall,306,2025-02-05,,Active
H003631,S009927,Harborview Hall,391,2024-10-06,2025-05-21,Moved Out
H003632,S005229,Maple Ridge Hall,131,2024-08-25,,Active
H003633,S007571,Lakeside Terrace,519,2024-08-23,2024-11-05,Moved Out
H003634,S008264,Bellview Hall,534,2024-04-22,,Pending Assignment
H003635,S002694,Lakeside Terrace,495,2025-01-22,2025-03-29,Moved Out
H003636,S002112,Aspen Court,139,2026-05-27,,Active
H003637,S000806,Aspen Court,429,2025-04-08,,Active
H003638,S008232,Aspen Court,214,2026-08-13,,Active
H003639,S004737,Maple Ridge Hall,266,2024-02-29,2024-06-10,Moved Out
H003640,S004696,Bellview Hall,259,2024-02-14,,Active
H003641,S004570,Lakeside Terrace,597,2024-05-03,2024-09-26,Moved Out
H003642,S005052,Northgate Hall,202,2026-10-14,,Active
H003643,S002697,Highland Hall,179,2024-04-04,2024-07-22,Moved Out
H003644,S000806,Cedar Crest Hall,161,2025-08-22,,Active
H003645,S006414,Lakeside Terrace,562,2024-07-05,,Active
H003646,S001518,Aspen Court,535,2024-12-01,,Active
H003647,S001591,Birchwood Hall,495,2025-06-27,2025-12-30,Moved Out
H003648,S002863,Willow Creek Hall,594,2025-05-28,,Active
H003649,S002278,Riverbend Hall,277,2024-12-29,,Active
H003650,S000818,Harborview Hall,345,2024-01-15,2024-05-01,Moved Out
H003651,S004116,Birchwood Hall,386,2024-12-08,2025-08-22,Moved Out
H003652,S006616,Willow Creek Hall,309,2024-05-07,2024-12-07,Moved Out
H003653,S009958,Cedar Crest Hall,353,2026-01-01,,Pending Assignment
H003654,S000058,Highland Hall,127,2026-03-23,,Active
H003655,S009714,Highland Hall,426,2025-11-26,,Active
H003656,S007774,Highland Hall,155,2025-05-24,2026-03-09,Moved Out
H003657,S000061,Highland Hall,154,2026-04-15,,Active
H003658,S001539,Harborview Hall,235,2024-01-27,,Active
H003659,S000673,Harborview Hall,323,2025-12-25,,Active
H003660,S009182,Sunrise Commons,219,2023-11-19,2024-04-22,Moved Out
H003661,S008006,Highland Hall,258,2026-01-06,,Active
H003662,S000518,Summit House,347,2025-12-09,,Active
H003663,S009424,Highland Hall,255,2024-11-05,2025-01-27,Moved Out
H003664,S007485,Sunrise Commons,123,2023-12-28,,Active
H003665,S007044,Highland Hall,471,2026-04-11,2026-08-20,Moved Out
H003666,S005020,Northgate Hall,224,2026-05-06,,Active
H003667,S005729,Founders Hall,210,2026-04-24,,Active
H003668,S005067,Birchwood Hall,171,2025-12-28,,Active
H003669,S009686,Willow Creek Hall,502,2024-12-29,2025-04-07,Moved Out
H003670,S009781,Sunrise Commons,518,2025-09-12,,Active
H003671,S001837,Cedar Crest Hall,353,2024-08-21,2025-02-02,Moved Out
H003672,S001505,Bellview Hall,494,2026-08-02,,Active
H003673,S004031,Northgate Hall,250,2025-12-10,,Active
H003674,S000596,Summit House,280,2026-04-09,2026-08-20,Moved Out
H003675,S004285,Highland Hall,333,2025-12-31,,Active
H003676,S003265,Summit House,576,2023-09-12,,Active
H003677,S003268,Founders Hall,298,2026-01-18,,Active
H003678,S005060,Lakeside Terrace,365,2025-07-08,,Pending Assignment
H003679,S003819,Bellview Hall,172,2025-09-20,2026-01-03,Moved Out
H003680,S007463,Sunrise Commons,368,2025-07-11,,Active
H003681,S001186,Birchwood Hall,212,2026-01-05,2026-08-20,Moved Out
H003682,S000020,Riverbend Hall,359,2024-05-02,,Active
H003683,S002144,Riverbend Hall,334,2024-02-08,,Active
H003684,S000021,Harborview Hall,442,2023-12-27,,Pending Assignment
H003685,S005741,Northgate Hall,196,2026-08-03,,Active
H003686,S001267,Meadowbrook Hall,187,2026-07-04,2026-08-20,Moved Out
H003687,S000989,Riverbend Hall,272,2026-06-15,,Active
H003688,S002473,Birchwood Hall,405,2025-06-08,2025-12-14,Moved Out
H003689,S006337,Northgate Hall,321,2025-01-09,,Active
H003690,S005162,Summit House,537,2024-02-20,2024-09-04,Moved Out
H003691,S003672,Aspen Court,321,2023-11-11,,Active
H003692,S007954,Highland Hall,528,2025-11-03,2026-04-29,Moved Out
H003693,S007427,Bellview Hall,246,2025-07-07,,Active
H003694,S003566,Meadowbrook Hall,503,2025-10-30,,Active
H003695,S007621,Aspen Court,538,2025-06-27,,Active
H003696,S003789,Maple Ridge Hall,193,2023-08-27,2024-06-20,Moved Out
H003697,S001682,Founders Hall,488,2024-11-05,,Active
H003698,S007533,Aspen Court,367,2025-03-16,2025-09-19,Moved Out
H003699,S001974,Harborview Hall,293,2025-09-19,,Active
H003700,S004632,Riverbend Hall,277,2024-02-22,,Active
H003701,S007050,Aspen Court,239,2026-02-12,,Active
H003702,S006778,Cedar Crest Hall,121,2024-01-04,,Active
H003703,S006059,Aspen Court,529,2026-01-20,,Active
H003704,S005132,Maple Ridge Hall,218,2023-08-12,,Active
H003705,S000543,Harborview Hall,130,2024-02-11,2024-06-21,Moved Out
H003706,S005617,Lakeside Terrace,202,2025-08-27,2025-11-27,Moved Out
H003707,S005369,Harborview Hall,175,2023-12-26,,Active
H003708,S006587,Founders Hall,465,2025-01-09,,Active
H003709,S007895,Riverbend Hall,591,2023-12-28,2024-06-09,Moved Out
H003710,S002399,Riverbend Hall,231,2026-09-06,,Active
H003711,S006332,Birchwood Hall,565,2026-05-16,2026-08-20,Moved Out
H003712,S005845,Cedar Crest Hall,331,2023-12-20,2024-09-07,Moved Out
H003713,S005497,Sunrise Commons,399,2026-08-02,,Active
H003714,S005356,Willow Creek Hall,232,2025-05-19,,Active
H003715,S005260,Harborview Hall,314,2023-08-28,,Active
H003716,S003802,Riverbend Hall,495,2026-02-19,,Active
H003717,S007602,Riverbend Hall,448,2024-03-01,2024-12-06,Moved Out
H003718,S000292,Harborview Hall,412,2024-06-19,,Active
H003719,S003276,Founders Hall,553,2024-09-05,,Active
H003720,S006762,Bellview Hall,371,2026-05-23,,Active
H003721,S006729,Riverbend Hall,454,2025-07-30,2026-01-07,Moved Out
H003722,S002989,Riverbend Hall,125,2024-06-10,,Active
H003723,S008817,Meadowbrook Hall,580,2026-03-19,,Pending Assignment
H003724,S003146,Birchwood Hall,443,2024-08-28,,Active
H003725,S004493,Maple Ridge Hall,168,2024-07-07,,Active
H003726,S005652,Summit House,283,2023-12-29,,Active
H003727,S000201,Meadowbrook Hall,361,2024-10-29,,Active
H003728,S002690,Founders Hall,460,2024-04-03,2024-06-16,Moved Out
H003729,S006366,Summit House,125,2025-04-23,,Active
H003730,S009753,Sunrise Commons,546,2024-08-06,,Active
H003731,S006039,Willow Creek Hall,345,2024-04-30,,Active
H003732,S009606,Lakeside Terrace,363,2025-08-21,2026-05-24,Moved Out
H003733,S008533,Bellview Hall,319,2023-11-14,,Active
H003734,S007459,Meadowbrook Hall,261,2024-12-05,,Active
H003735,S006950,Willow Creek Hall,578,2024-06-13,,Active
H003736,S009784,Sunrise Commons,338,2024-03-16,,Active
H003737,S006016,Northgate Hall,136,2025-08-21,,Active
H003738,S009001,Cedar Crest Hall,223,2025-12-07,2026-03-03,Moved Out
H003739,S008488,Summit House,456,2024-08-09,,Active
H003740,S000101,Cedar Crest Hall,241,2026-01-24,2026-08-20,Moved Out
H003741,S000187,Willow Creek Hall,560,2023-08-31,,Active
H003742,S004039,Meadowbrook Hall,541,2024-10-18,,Active
H003743,S003277,Northgate Hall,595,2025-11-19,,Active
H003744,S002245,Maple Ridge Hall,123,2024-10-12,,Active
H003745,S006374,Highland Hall,199,2025-10-25,,Active
H003746,S001355,Highland Hall,436,2025-02-19,,Active
H003747,S005914,Lakeside Terrace,190,2025-05-05,,Active
H003748,S009632,Harborview Hall,581,2024-06-30,2025-01-21,Moved Out
H003749,S000651,Maple Ridge Hall,132,2025-08-04,,Active
H003750,S006841,Meadowbrook Hall,285,2025-05-22,,Active
H003751,S001655,Maple Ridge Hall,273,2026-08-16,,Active
H003752,S009898,Willow Creek Hall,492,2025-05-17,2025-08-21,Moved Out
H003753,S001457,Cedar Crest Hall,481,2025-05-21,2025-12-20,Moved Out
H003754,S006394,Sunrise Commons,163,2025-11-15,,Active
H003755,S001791,Summit House,326,2024-09-15,,Active
H003756,S003404,Aspen Court,493,2024-12-30,2025-06-21,Moved Out
H003757,S004659,Birchwood Hall,581,2025-02-08,,Active
H003758,S003562,Willow Creek Hall,268,2025-10-17,,Active
H003759,S009879,Founders Hall,545,2026-01-21,2026-08-20,Moved Out
H003760,S006566,Highland Hall,302,2026-02-10,2026-05-12,Moved Out
H003761,S001276,Willow Creek Hall,152,2026-01-21,,Active
H003762,S009437,Highland Hall,351,2023-08-08,,Active
H003763,S003047,Founders Hall,146,2026-03-03,,Active
H003764,S007969,Meadowbrook Hall,421,2025-05-24,2026-03-05,Moved Out
H003765,S002019,Sunrise Commons,226,2025-01-10,2025-10-08,Moved Out
H003766,S002244,Highland Hall,146,2024-05-18,,Active
H003767,S003177,Lakeside Terrace,492,2023-11-30,,Active
H003768,S002544,Bellview Hall,562,2024-11-26,,Active
H003769,S001380,Lakeside Terrace,560,2026-02-17,,Active
H003770,S008991,Cedar Crest Hall,208,2026-08-04,,Active
H003771,S001638,Willow Creek Hall,563,2024-12-02,2025-04-05,Moved Out
H003772,S003475,Willow Creek Hall,242,2024-01-17,2024-05-15,Moved Out
H003773,S001104,Meadowbrook Hall,507,2025-12-27,,Active
H003774,S005514,Northgate Hall,489,2026-05-09,2026-08-20,Moved Out
H003775,S006011,Summit House,588,2025-11-19,,Active
H003776,S000368,Founders Hall,234,2026-05-08,,Active
H003777,S000032,Northgate Hall,594,2025-02-27,2025-09-24,Moved Out
H003778,S009902,Lakeside Terrace,232,2026-01-30,,Active
H003779,S006028,Lakeside Terrace,403,2026-01-18,,Active
H003780,S007491,Maple Ridge Hall,439,2023-08-13,,Active
H003781,S006133,Riverbend Hall,138,2025-01-06,,Active
H003782,S000530,Bellview Hall,300,2026-03-17,2026-05-20,Moved Out
H003783,S009263,Bellview Hall,155,2023-10-27,,Active
H003784,S007266,Harborview Hall,479,2024-09-10,2025-03-06,Moved Out
H003785,S004840,Sunrise Commons,243,2026-07-05,2026-08-20,Moved Out
H003786,S002414,Summit House,455,2023-11-25,,Active
H003787,S005960,Lakeside Terrace,456,2024-07-16,,Active
H003788,S004347,Maple Ridge Hall,563,2024-03-31,,Active
H003789,S004051,Meadowbrook Hall,331,2023-12-10,,Active
H003790,S006295,Birchwood Hall,467,2024-08-16,,Active
H003791,S007092,Sunrise Commons,429,2024-07-11,,Pending Assignment
H003792,S003184,Aspen Court,207,2024-06-12,,Active
H003793,S007786,Riverbend Hall,336,2024-10-19,,Active
H003794,S000668,Lakeside Terrace,524,2024-10-25,,Pending Assignment
H003795,S008317,Birchwood Hall,358,2023-09-27,,Active
H003796,S001185,Lakeside Terrace,300,2025-08-25,,Active
H003797,S009566,Highland Hall,408,2025-11-25,2026-07-13,Moved Out
H003798,S007384,Aspen Court,527,2024-07-09,,Active
H003799,S004558,Aspen Court,542,2025-08-06,,Active
H003800,S003437,Riverbend Hall,545,2023-11-27,,Active
H003801,S001755,Meadowbrook Hall,320,2026-06-16,,Active
H003802,S000809,Lakeside Terrace,331,2025-04-19,,Active
H003803,S003872,Northgate Hall,383,2023-11-27,,Active
H003804,S003144,Aspen Court,150,2024-01-12,,Active
H003805,S009809,Aspen Court,509,2024-10-27,2025-03-04,Moved Out
H003806,S008426,Highland Hall,392,2025-03-18,2025-11-22,Moved Out
H003807,S000574,Maple Ridge Hall,419,2024-11-09,2025-01-28,Moved Out
H003808,S004205,Maple Ridge Hall,376,2024-09-17,,Active
H003809,S002703,Meadowbrook Hall,397,2025-08-21,,Pending Assignment
H003810,S009064,Lakeside Terrace,241,2025-09-21,,Active
H003811,S008339,Highland Hall,177,2025-02-21,,Active
H003812,S001834,Aspen Court,461,2026-07-20,,Active
H003813,S007689,Bellview Hall,275,2024-10-04,,Active
H003814,S004657,Founders Hall,488,2024-05-24,,Active
H003815,S003692,Summit House,352,2023-08-19,2024-05-15,Moved Out
H003816,S001690,Founders Hall,404,2026-06-14,,Active
H003817,S005725,Summit House,534,2024-10-05,2025-05-22,Moved Out
H003818,S000181,Cedar Crest Hall,162,2023-09-11,,Active
H003819,S005979,Harborview Hall,430,2024-08-04,2025-01-17,Moved Out
H003820,S005978,Maple Ridge Hall,243,2024-03-30,,Active
H003821,S001509,Meadowbrook Hall,443,2024-08-23,,Active
H003822,S007894,Maple Ridge Hall,566,2025-05-08,,Active
H003823,S001350,Bellview Hall,143,2024-12-27,,Active
H003824,S008513,Harborview Hall,551,2023-10-03,,Active
H003825,S008930,Harborview Hall,355,2026-01-07,,Active
H003826,S003193,Willow Creek Hall,484,2026-07-02,,Active
H003827,S008169,Birchwood Hall,585,2025-11-27,2026-02-18,Moved Out
H003828,S003417,Cedar Crest Hall,434,2026-04-25,,Active
H003829,S006875,Aspen Court,415,2026-07-31,2026-08-20,Moved Out
H003830,S007656,Riverbend Hall,325,2023-10-08,2024-01-03,Moved Out
H003831,S006782,Summit House,103,2023-11-27,,Active
H003832,S008687,Northgate Hall,502,2025-12-18,,Active
H003833,S006220,Sunrise Commons,142,2025-07-24,2026-02-03,Moved Out
H003834,S006941,Highland Hall,543,2025-04-30,,Active
H003835,S006701,Cedar Crest Hall,251,2026-05-23,2026-08-20,Moved Out
H003836,S004331,Sunrise Commons,248,2024-07-09,2025-02-01,Moved Out
H003837,S002875,Cedar Crest Hall,194,2024-01-29,,Active
H003838,S001363,Northgate Hall,524,2025-10-18,2026-01-15,Moved Out
H003839,S009905,Riverbend Hall,597,2025-10-01,,Active
H003840,S007857,Riverbend Hall,244,2023-10-06,2024-03-24,Moved Out
H003841,S006940,Summit House,550,2026-04-12,,Active
H003842,S005522,Willow Creek Hall,202,2023-10-23,2024-02-13,Moved Out
H003843,S006595,Bellview Hall,405,2026-08-13,,Active
H003844,S007311,Birchwood Hall,227,2024-08-03,,Active
H003845,S007592,Highland Hall,128,2026-03-22,,Active
H003846,S006886,Willow Creek Hall,578,2026-03-20,2026-07-11,Moved Out
H003847,S001761,Highland Hall,417,2025-09-17,2026-07-08,Moved Out
H003848,S001642,Founders Hall,438,2026-06-11,,Active
H003849,S000813,Willow Creek Hall,449,2024-06-21,,Active
H003850,S004538,Lakeside Terrace,130,2024-11-25,,Active
H003851,S005704,Northgate Hall,477,2024-11-10,,Active
H003852,S006539,Lakeside Terrace,179,2024-09-01,,Active
H003853,S009873,Bellview Hall,132,2026-03-16,,Active
H003854,S002288,Aspen Court,272,2026-08-09,,Active
H003855,S007613,Highland Hall,368,2026-06-09,,Active
H003856,S005412,Lakeside Terrace,196,2024-08-18,,Active
H003857,S003918,Willow Creek Hall,428,2025-09-25,,Active
H003858,S001885,Aspen Court,367,2025-10-03,2026-05-22,Moved Out
H003859,S003929,Bellview Hall,453,2024-09-24,,Active
H003860,S000924,Sunrise Commons,461,2025-05-15,,Active
H003861,S001236,Maple Ridge Hall,414,2026-01-05,2026-07-15,Moved Out
H003862,S001192,Founders Hall,277,2025-02-07,2025-08-08,Moved Out
H003863,S006085,Highland Hall,576,2024-11-15,2025-04-30,Moved Out
H003864,S006042,Summit House,148,2025-10-11,2025-12-20,Moved Out
H003865,S001702,Willow Creek Hall,220,2025-08-06,,Active
H003866,S009722,Riverbend Hall,576,2026-07-24,,Active
H003867,S008999,Aspen Court,142,2026-07-13,,Active
H003868,S004099,Meadowbrook Hall,109,2026-08-12,,Active
H003869,S009162,Willow Creek Hall,273,2023-11-21,,Active
H003870,S007159,Lakeside Terrace,125,2023-09-27,2024-01-03,Moved Out
H003871,S007157,Summit House,530,2024-05-17,,Active
H003872,S008376,Meadowbrook Hall,504,2025-07-22,,Active
H003873,S009175,Meadowbrook Hall,528,2025-12-13,,Active
H003874,S007042,Bellview Hall,184,2026-03-27,,Active
H003875,S008840,Lakeside Terrace,444,2025-06-15,2025-11-14,Moved Out
H003876,S000234,Lakeside Terrace,247,2025-09-03,,Active
H003877,S002900,Willow Creek Hall,303,2025-06-11,,Active
H003878,S000746,Harborview Hall,562,2025-07-06,,Active
H003879,S003997,Harborview Hall,287,2024-03-17,2024-09-20,Moved Out
H003880,S007398,Founders Hall,149,2024-11-24,2025-08-30,Moved Out
H003881,S007641,Willow Creek Hall,341,2023-08-01,2023-11-02,Moved Out
H003882,S006323,Northgate Hall,417,2024-08-25,,Active
H003883,S007794,Aspen Court,589,2026-07-26,,Active
H003884,S001739,Willow Creek Hall,298,2026-08-12,2026-08-20,Moved Out
H003885,S000849,Aspen Court,335,2026-04-20,2026-08-20,Moved Out
H003886,S001147,Maple Ridge Hall,592,2024-07-16,,Active
H003887,S001653,Highland Hall,203,2024-12-15,,Active
H003888,S001768,Maple Ridge Hall,343,2025-04-02,2026-01-12,Moved Out
H003889,S001257,Summit House,261,2023-08-16,,Active
H003890,S008831,Birchwood Hall,436,2026-01-07,,Active
H003891,S001892,Lakeside Terrace,517,2026-08-11,,Active
H003892,S000568,Founders Hall,409,2025-07-02,2026-01-01,Moved Out
H003893,S006369,Founders Hall,198,2024-07-10,2025-04-19,Moved Out
H003894,S009024,Birchwood Hall,428,2024-04-27,2025-02-14,Moved Out
H003895,S007555,Bellview Hall,526,2026-04-13,,Active
H003896,S004588,Cedar Crest Hall,255,2025-06-04,,Active
H003897,S007548,Aspen Court,134,2026-05-11,2026-08-18,Moved Out
H003898,S008132,Sunrise Commons,201,2025-08-05,,Active
H003899,S001275,Birchwood Hall,127,2023-12-25,2024-07-18,Moved Out
H003900,S002523,Aspen Court,396,2025-11-11,,Active
H003901,S008229,Founders Hall,308,2024-07-17,2024-12-01,Moved Out
H003902,S004431,Maple Ridge Hall,558,2025-05-01,,Active
H003903,S009369,Lakeside Terrace,186,2025-07-21,,Active
H003904,S003427,Maple Ridge Hall,274,2026-07-03,,Active
H003905,S002535,Riverbend Hall,411,2026-01-23,2026-08-20,Moved Out
H003906,S005650,Maple Ridge Hall,280,2026-06-09,,Active
H003907,S008263,Birchwood Hall,399,2024-10-05,,Active
H003908,S000620,Highland Hall,432,2024-11-29,2025-06-20,Moved Out
H003909,S008140,Willow Creek Hall,371,2025-09-06,,Active
H003910,S001321,Cedar Crest Hall,109,2024-12-29,,Active
H003911,S001710,Riverbend Hall,420,2025-04-17,2025-08-13,Moved Out
H003912,S006212,Lakeside Terrace,118,2024-10-27,,Active
H003913,S000810,Harborview Hall,268,2024-08-08,2025-02-11,Moved Out
H003914,S006613,Willow Creek Hall,500,2025-02-21,,Active
H003915,S008580,Maple Ridge Hall,333,2026-02-18,,Active
H003916,S001482,Harborview Hall,422,2026-05-19,,Pending Assignment
H003917,S006464,Birchwood Hall,341,2025-09-15,2026-03-24,Moved Out
H003918,S007274,Riverbend Hall,515,2026-07-28,,Active
H003919,S009333,Birchwood Hall,245,2026-03-06,,Active
H003920,S005259,Maple Ridge Hall,461,2025-10-17,2026-05-02,Moved Out
H003921,S000557,Cedar Crest Hall,335,2024-07-26,,Pending Assignment
H003922,S006330,Maple Ridge Hall,210,2024-02-14,,Active
H003923,S004847,Highland Hall,595,2024-02-10,,Pending Assignment
H003924,S001760,Founders Hall,437,2025-08-29,2025-12-09,Moved Out
H003925,S004774,Northgate Hall,520,2025-08-06,,Active
H003926,S000275,Northgate Hall,472,2024-07-11,,Active
H003927,S009434,Aspen Court,128,2026-07-09,,Active
H003928,S000676,Riverbend Hall,515,2024-03-30,,Active
H003929,S001552,Highland Hall,328,2023-09-12,,Pending Assignment
H003930,S002293,Willow Creek Hall,553,2025-07-22,,Pending Assignment
H003931,S004585,Summit House,285,2025-02-09,,Active
H003932,S008623,Harborview Hall,284,2026-02-04,,Active
H003933,S007149,Lakeside Terrace,223,2026-03-28,,Active
H003934,S009592,Willow Creek Hall,290,2026-06-01,,Pending Assignment
H003935,S001958,Maple Ridge Hall,524,2026-06-19,,Active
H003936,S005076,Meadowbrook Hall,498,2025-05-23,,Active
H003937,S006297,Northgate Hall,151,2024-10-18,2025-07-06,Moved Out
H003938,S008407,Harborview Hall,315,2024-05-21,,Active
H003939,S007769,Bellview Hall,356,2024-10-03,2025-01-02,Moved Out
H003940,S007201,Lakeside Terrace,119,2024-11-04,2025-07-24,Moved Out
H003941,S004763,Highland Hall,258,2026-04-18,,Active
H003942,S006270,Lakeside Terrace,340,2024-04-30,2025-01-18,Moved Out
H003943,S002196,Meadowbrook Hall,510,2025-09-19,,Active
H003944,S006928,Maple Ridge Hall,468,2026-09-24,,Active
H003945,S007093,Maple Ridge Hall,553,2023-09-22,2024-02-13,Moved Out
H003946,S000472,Cedar Crest Hall,478,2024-02-03,2024-08-01,Moved Out
H003947,S009169,Riverbend Hall,572,2024-08-20,2024-11-22,Moved Out
H003948,S008469,Founders Hall,202,2024-06-09,2024-11-20,Moved Out
H003949,S003845,Highland Hall,162,2025-06-02,,Pending Assignment
H003950,S005773,Northgate Hall,347,2024-08-31,,Active
H003951,S000450,Sunrise Commons,513,2025-12-06,,Active
H003952,S001998,Cedar Crest Hall,381,2025-10-26,,Active
H003953,S003386,Aspen Court,596,2025-07-03,,Active
H003954,S001842,Bellview Hall,388,2023-09-13,,Active
H003955,S004960,Sunrise Commons,252,2025-09-28,,Active
H003956,S005218,Sunrise Commons,495,2024-02-29,,Active
H003957,S005638,Harborview Hall,347,2026-07-18,,Active
H003958,S003609,Lakeside Terrace,304,2024-06-13,,Active
H003959,S002200,Cedar Crest Hall,540,2023-08-28,,Active
H003960,S006505,Bellview Hall,467,2026-08-07,,Active
H003961,S008631,Bellview Hall,445,2024-09-14,,Active
H003962,S008423,Maple Ridge Hall,351,2024-10-13,2025-04-07,Moved Out
H003963,S002935,Sunrise Commons,102,2025-04-02,,Active
H003964,S009675,Cedar Crest Hall,419,2024-01-20,,Active
H003965,S007926,Lakeside Terrace,422,2025-09-05,2025-11-27,Moved Out
H003966,S003175,Lakeside Terrace,402,2024-12-12,,Active
H003967,S002048,Maple Ridge Hall,287,2025-11-13,,Active
H003968,S004713,Founders Hall,428,2025-02-20,,Active
H003969,S000249,Harborview Hall,206,2025-10-22,,Active
H003970,S006113,Riverbend Hall,146,2026-07-11,,Active
H003971,S007834,Bellview Hall,199,2024-03-17,,Active
H003972,S007949,Cedar Crest Hall,558,2025-01-06,,Active
H003973,S007890,Riverbend Hall,200,2025-06-12,,Active
H003974,S007724,Aspen Court,437,2024-11-24,,Active
H003975,S000682,Northgate Hall,584,2025-02-09,,Active
H003976,S005942,Northgate Hall,596,2025-06-15,,Active
H003977,S006684,Founders Hall,422,2024-06-06,,Active
H003978,S003480,Sunrise Commons,519,2025-03-04,,Active
H003979,S003478,Summit House,159,2024-09-22,,Active
H003980,S002464,Sunrise Commons,474,2024-12-30,,Active
H003981,S009415,Maple Ridge Hall,318,2026-03-27,2026-07-28,Moved Out
H003982,S000726,Lakeside Terrace,219,2024-05-30,,Active
H003983,S008232,Summit House,534,2026-02-05,2026-05-07,Moved Out
H003984,S008613,Highland Hall,263,2025-11-30,,Active
H003985,S000330,Maple Ridge Hall,197,2025-11-14,,Active
H003986,S001594,Sunrise Commons,186,2025-06-15,,Active
H003987,S008436,Maple Ridge Hall,267,2025-11-10,,Active
H003988,S007029,Birchwood Hall,431,2024-03-05,,Active
H003989,S004484,Founders Hall,174,2025-11-09,,Active
H003990,S006123,Bellview Hall,294,2023-08-02,,Active
H003991,S007674,Meadowbrook Hall,342,2026-06-25,,Active
H003992,S004658,Sunrise Commons,176,2026-01-18,,Active
H003993,S002445,Bellview Hall,535,2024-10-31,,Active
H003994,S003020,Willow Creek Hall,357,2025-09-20,,Active
H003995,S005441,Northgate Hall,448,2025-06-11,,Active
H003996,S008284,Harborview Hall,234,2025-07-17,,Active
H003997,S004367,Founders Hall,389,2023-11-24,2024-09-15,Moved Out
H003998,S008725,Riverbend Hall,492,2026-06-30,2026-08-20,Moved Out
H003999,S003209,Birchwood Hall,512,2024-05-11,,Active
H004000,S000116,Northgate Hall,277,2023-10-06,,Pending Assignment
H004001,S003381,Birchwood Hall,490,2023-09-23,,Active
H004002,S003354,Lakeside Terrace,574,2023-12-19,2024-09-20,Moved Out
H004003,S002975,Riverbend Hall,581,2025-03-17,,Active
H004004,S001525,Founders Hall,456,2026-06-27,,Active
H004005,S002590,Sunrise Commons,451,2026-02-12,,Active
H004006,S007677,Summit House,501,2024-10-13,2025-04-21,Moved Out
H004007,S003805,Willow Creek Hall,498,2024-01-21,,Active
H004008,S009620,Lakeside Terrace,236,2025-10-23,2026-02-13,Moved Out
H004009,S003062,Willow Creek Hall,491,2023-08-15,,Active
H004010,S001876,Highland Hall,322,2024-05-31,2024-08-19,Moved Out
H004011,S004358,Founders Hall,149,2025-03-24,2025-07-25,Moved Out
H004012,S001325,Harborview Hall,109,2024-09-29,,Active
H004013,S009190,Aspen Court,521,2026-02-05,,Active
H004014,S009374,Maple Ridge Hall,333,2025-12-10,,Active
H004015,S006283,Maple Ridge Hall,396,2025-08-23,,Active
H004016,S002416,Harborview Hall,445,2025-08-01,2025-11-13,Moved Out
H004017,S001520,Aspen Court,222,2023-10-19,,Active
H004018,S006169,Aspen Court,163,2023-10-20,,Active
H004019,S001370,Founders Hall,417,2025-05-08,2026-01-01,Moved Out
H004020,S002533,Maple Ridge Hall,542,2025-12-28,2026-03-07,Moved Out
H004021,S002543,Highland Hall,536,2023-09-26,2024-07-03,Moved Out
H004022,S006754,Meadowbrook Hall,118,2025-01-13,,Active
H004023,S003138,Lakeside Terrace,143,2024-12-21,,Pending Assignment
H004024,S008414,Willow Creek Hall,360,2025-01-16,2025-10-27,Moved Out
H004025,S002799,Riverbend Hall,304,2024-12-16,,Active
H004026,S007060,Bellview Hall,113,2024-10-20,,Active
H004027,S007320,Lakeside Terrace,331,2025-06-23,,Active
H004028,S008138,Northgate Hall,102,2024-03-18,,Active
H004029,S000756,Northgate Hall,388,2025-11-09,,Active
H004030,S001346,Meadowbrook Hall,199,2024-07-14,2024-09-23,Moved Out
H004031,S004507,Willow Creek Hall,573,2024-04-18,,Active
H004032,S002234,Highland Hall,182,2024-08-02,,Active
H004033,S002713,Willow Creek Hall,105,2024-10-21,2025-04-04,Moved Out
H004034,S005726,Aspen Court,274,2026-08-06,2026-08-20,Moved Out
H004035,S008671,Sunrise Commons,148,2024-08-19,,Active
H004036,S009086,Maple Ridge Hall,311,2025-04-20,,Active
H004037,S004672,Sunrise Commons,521,2025-07-28,,Active
H004038,S009738,Riverbend Hall,481,2023-10-24,,Active
H004039,S008074,Lakeside Terrace,391,2025-10-29,2026-06-21,Moved Out
H004040,S008062,Meadowbrook Hall,116,2025-01-06,2025-09-07,Moved Out
H004041,S003736,Lakeside Terrace,162,2026-04-27,,Active
H004042,S000899,Willow Creek Hall,303,2024-02-19,,Active
H004043,S004005,Harborview Hall,285,2025-01-17,,Active
H004044,S007768,Maple Ridge Hall,597,2024-05-02,,Active
H004045,S004139,Sunrise Commons,195,2024-06-27,,Active
H004046,S005472,Cedar Crest Hall,394,2026-02-11,,Active
H004047,S000232,Highland Hall,297,2027-01-01,,Active
H004048,S009650,Maple Ridge Hall,303,2023-12-18,,Active
H004049,S005704,Summit House,317,2024-05-27,2025-01-24,Moved Out
H004050,S000974,Lakeside Terrace,299,2025-11-25,,Active
H004051,S000850,Willow Creek Hall,289,2025-06-14,2025-08-21,Moved Out
H004052,S005113,Bellview Hall,485,2023-09-14,,Active
H004053,S006691,Birchwood Hall,337,2025-07-10,2026-03-21,Moved Out
H004054,S009906,Cedar Crest Hall,149,2024-01-11,2024-04-27,Moved Out
H004055,S004078,Highland Hall,149,2025-09-15,,Active
H004056,S007112,Bellview Hall,570,2026-06-11,,Active
H004057,S004645,Riverbend Hall,369,2024-08-11,2025-05-11,Moved Out
H004058,S004732,Cedar Crest Hall,587,2024-10-28,,Active
H004059,S008064,Birchwood Hall,300,2026-01-19,,Active
H004060,S002503,Summit House,270,2026-02-16,,Active
H004061,S000035,Founders Hall,486,2025-11-13,,Active
H004062,S005454,Aspen Court,494,2025-09-25,2026-04-03,Moved Out
H004063,S006083,Harborview Hall,583,2025-10-27,2026-05-03,Moved Out
H004064,S004905,Birchwood Hall,275,2025-09-28,2026-02-05,Moved Out
H004065,S007409,Harborview Hall,272,2025-09-02,,Active
H004066,S008425,Maple Ridge Hall,376,2025-11-18,,Active
H004067,S006990,Summit House,161,2026-08-18,,Active
H004068,S001344,Sunrise Commons,449,2024-12-04,,Active
H004069,S000916,Lakeside Terrace,217,2023-11-12,,Active
H004070,S009331,Birchwood Hall,551,2024-03-09,2024-10-13,Moved Out
H004071,S000127,Harborview Hall,389,2024-04-24,2024-12-19,Moved Out
H004072,S008554,Cedar Crest Hall,178,2025-12-07,,Active
H004073,S000073,Bellview Hall,388,2026-05-23,,Pending Assignment
H004074,S003402,Birchwood Hall,333,2023-10-31,2024-06-18,Moved Out
H004075,S001730,Bellview Hall,569,2024-07-05,,Active
H004076,S005305,Sunrise Commons,224,2026-01-04,2026-08-20,Moved Out
H004077,S005121,Cedar Crest Hall,341,2024-12-28,2025-05-15,Moved Out
H004078,S004124,Willow Creek Hall,271,2025-07-06,2026-03-05,Moved Out
H004079,S008778,Sunrise Commons,503,2024-05-18,,Active
H004080,S006269,Founders Hall,344,2023-09-12,,Active
H004081,S009275,Summit House,365,2023-12-17,,Active
H004082,S005428,Northgate Hall,112,2025-05-23,2026-01-30,Moved Out
H004083,S003526,Cedar Crest Hall,273,2025-12-20,,Active
H004084,S008596,Bellview Hall,588,2024-01-01,2024-06-09,Moved Out
H004085,S003683,Lakeside Terrace,166,2024-02-23,,Active
H004086,S003017,Summit House,462,2025-09-11,,Active
H004087,S006742,Harborview Hall,318,2024-05-06,,Active
H004088,S005177,Birchwood Hall,220,2024-11-02,,Active
H004089,S004397,Birchwood Hall,127,2023-11-20,2024-04-06,Moved Out
H004090,S001724,Founders Hall,204,2026-04-30,,Active
H004091,S002566,Summit House,325,2026-03-30,2026-07-14,Moved Out
H004092,S002049,Northgate Hall,401,2025-08-07,,Active
H004093,S000603,Bellview Hall,516,2024-07-29,2025-03-07,Moved Out
H004094,S002862,Willow Creek Hall,520,2024-01-27,,Active
H004095,S001588,Aspen Court,436,2024-11-13,,Active
H004096,S003610,Willow Creek Hall,462,2025-02-28,,Active
H004097,S007880,Founders Hall,436,2025-06-10,,Active
H004098,S009205,Willow Creek Hall,362,2024-10-20,2025-03-23,Moved Out
H004099,S008158,Cedar Crest Hall,280,2024-05-17,,Active
H004100,S001057,Riverbend Hall,518,2025-06-02,2025-10-02,Moved Out
H004101,S002633,Riverbend Hall,527,2024-02-23,,Active
H004102,S001977,Sunrise Commons,435,2025-09-07,,Active
H004103,S004804,Meadowbrook Hall,232,2024-02-14,2024-05-29,Moved Out
H004104,S006389,Cedar Crest Hall,551,2026-01-23,2026-04-01,Moved Out
H004105,S004364,Bellview Hall,151,2025-05-17,2025-09-24,Moved Out
H004106,S005555,Maple Ridge Hall,268,2023-08-17,2024-03-15,Moved Out
H004107,S002852,Maple Ridge Hall,138,2025-07-22,,Active
H004108,S005785,Birchwood Hall,117,2025-08-09,,Active
H004109,S006555,Meadowbrook Hall,481,2025-05-16,,Active
H004110,S006496,Bellview Hall,167,2025-07-16,,Active
H004111,S005908,Harborview Hall,495,2024-10-23,2025-03-05,Moved Out
H004112,S000373,Aspen Court,433,2024-03-27,,Active
H004113,S000764,Birchwood Hall,460,2025-06-17,,Active
H004114,S005582,Aspen Court,458,2023-10-04,,Active
H004115,S009829,Lakeside Terrace,522,2025-05-04,2026-02-01,Moved Out
H004116,S006381,Meadowbrook Hall,167,2026-04-14,,Active
H004117,S004518,Aspen Court,455,2023-12-22,2024-08-18,Moved Out
H004118,S009721,Meadowbrook Hall,280,2026-02-15,,Pending Assignment
H004119,S009371,Maple Ridge Hall,350,2024-11-30,,Active
H004120,S005233,Birchwood Hall,338,2023-10-21,,Active
H004121,S004967,Summit House,445,2024-02-12,,Active
H004122,S009992,Maple Ridge Hall,202,2025-04-17,,Active
H004123,S000223,Highland Hall,156,2026-04-03,,Active
H004124,S007542,Bellview Hall,521,2025-02-15,,Active
H004125,S000206,Maple Ridge Hall,204,2024-10-14,2025-05-08,Moved Out
H004126,S009160,Bellview Hall,240,2026-02-15,2026-06-21,Moved Out
H004127,S004589,Willow Creek Hall,212,2025-05-07,,Active
H004128,S004674,Riverbend Hall,112,2024-08-30,,Active
H004129,S005292,Aspen Court,588,2026-03-03,,Active
H004130,S009937,Summit House,233,2025-05-06,,Active
H004131,S008724,Harborview Hall,171,2023-10-05,2024-03-25,Moved Out
H004132,S009297,Willow Creek Hall,406,2025-01-18,,Active
H004133,S009866,Birchwood Hall,205,2026-05-08,,Pending Assignment
H004134,S005777,Aspen Court,198,2025-03-17,2025-11-23,Moved Out
H004135,S006963,Willow Creek Hall,108,2023-10-31,,Active
H004136,S009526,Aspen Court,563,2024-11-16,2025-06-27,Moved Out
H004137,S001528,Meadowbrook Hall,255,2026-07-21,,Active
H004138,S001436,Maple Ridge Hall,273,2024-08-02,2025-05-11,Moved Out
H004139,S000449,Willow Creek Hall,484,2025-04-23,,Active
H004140,S009228,Meadowbrook Hall,374,2026-02-12,,Active
H004141,S007355,Willow Creek Hall,404,2026-02-06,,Active
H004142,S007983,Maple Ridge Hall,259,2026-08-12,,Active
H004143,S001543,Summit House,342,2026-05-22,2026-08-20,Moved Out
H004144,S008764,Summit House,100,2026-02-01,2026-05-22,Moved Out
H004145,S004536,Cedar Crest Hall,391,2025-06-01,2026-02-26,Moved Out
H004146,S003950,Harborview Hall,252,2025-02-12,,Active
H004147,S006349,Summit House,477,2023-09-14,,Active
H004148,S008557,Meadowbrook Hall,108,2024-10-12,,Active
H004149,S008980,Sunrise Commons,583,2024-01-31,,Active
H004150,S001824,Bellview Hall,127,2023-12-02,,Active
H004151,S000235,Northgate Hall,131,2026-04-13,,Active
H004152,S008502,Meadowbrook Hall,565,2026-05-24,,Active
H004153,S001727,Birchwood Hall,256,2025-12-07,,Active
H004154,S000782,Bellview Hall,557,2026-08-06,2026-08-20,Moved Out
H004155,S008815,Northgate Hall,127,2024-09-06,2025-02-28,Moved Out
H004156,S006474,Harborview Hall,465,2024-11-24,,Active
H004157,S007832,Summit House,124,2025-04-25,2025-12-30,Moved Out
H004158,S009003,Northgate Hall,243,2026-02-20,,Active
H004159,S004838,Aspen Court,270,2026-05-05,,Active
H004160,S006678,Highland Hall,423,2025-11-01,,Active
H004161,S000664,Lakeside Terrace,119,2025-11-21,2026-02-04,Moved Out
H004162,S002042,Aspen Court,431,2024-01-26,,Active
H004163,S003211,Maple Ridge Hall,316,2026-07-22,,Active
H004164,S009252,Northgate Hall,595,2024-10-01,2025-06-02,Moved Out
H004165,S009920,Harborview Hall,295,2025-04-24,,Active
H004166,S008603,Birchwood Hall,222,2024-11-09,2025-04-28,Moved Out
H004167,S007438,Lakeside Terrace,511,2024-04-24,2024-11-06,Moved Out
H004168,S009828,Sunrise Commons,453,2024-12-08,,Active
H004169,S000325,Northgate Hall,215,2023-10-26,,Active
H004170,S006582,Harborview Hall,132,2024-03-24,,Active
H004171,S006166,Northgate Hall,378,2024-02-01,,Active
H004172,S003124,Summit House,446,2024-07-27,2024-10-22,Moved Out
H004173,S003125,Birchwood Hall,304,2024-10-03,2025-03-02,Moved Out
H004174,S006292,Maple Ridge Hall,308,2025-11-03,,Active
H004175,S007455,Founders Hall,232,2026-05-18,2026-08-20,Moved Out
H004176,S008286,Maple Ridge Hall,332,2023-08-28,,Active
H004177,S008960,Willow Creek Hall,174,2025-12-13,2026-08-20,Moved Out
H004178,S003909,Bellview Hall,223,2026-06-07,2026-08-20,Moved Out
H004179,S003421,Sunrise Commons,234,2025-08-05,,Active
H004180,S009068,Riverbend Hall,582,2025-09-28,,Active
H004181,S007782,Founders Hall,299,2026-03-12,,Active
H004182,S009229,Maple Ridge Hall,205,2025-09-19,2026-06-21,Moved Out
H004183,S001927,Cedar Crest Hall,287,2023-11-27,,Active
H004184,S007205,Northgate Hall,185,2025-03-26,2025-09-25,Moved Out
H004185,S007752,Bellview Hall,534,2025-04-26,2025-09-06,Moved Out
H004186,S003303,Sunrise Commons,417,2024-03-20,,Active
H004187,S001872,Harborview Hall,384,2024-11-04,,Active
H004188,S008510,Willow Creek Hall,208,2025-10-15,,Active
H004189,S004414,Maple Ridge Hall,467,2025-04-26,,Active
H004190,S007987,Summit House,135,2025-12-02,,Active
H004191,S008493,Maple Ridge Hall,192,2024-02-06,,Active
H004192,S006463,Bellview Hall,535,2024-10-07,2025-04-17,Moved Out
H004193,S004414,Riverbend Hall,419,2025-10-01,,Active
H004194,S007389,Bellview Hall,596,2026-02-18,2026-08-20,Moved Out
H004195,S000836,Meadowbrook Hall,131,2024-08-24,,Active
H004196,S006135,Willow Creek Hall,583,2026-04-23,,Active
H004197,S002333,Founders Hall,282,2023-10-16,2024-05-15,Moved Out
H004198,S005959,Summit House,136,2024-03-05,,Active
H004199,S005443,Northgate Hall,370,2025-05-02,,Active
H004200,S001919,Northgate Hall,116,2024-09-01,,Active
H004201,S004058,Harborview Hall,593,2024-08-31,2024-11-09,Moved Out
H004202,S007114,Aspen Court,417,2025-08-28,2026-05-02,Moved Out
H004203,S000310,Summit House,430,2026-03-10,,Active
H004204,S009544,Northgate Hall,116,2025-11-17,2026-02-17,Moved Out
H004205,S008542,Maple Ridge Hall,306,2025-10-02,,Active
H004206,S009583,Birchwood Hall,277,2023-11-16,,Active
H004207,S007487,Birchwood Hall,383,2025-06-18,,Active
H004208,S005611,Aspen Court,259,2025-07-24,,Active
H004209,S001486,Aspen Court,539,2026-03-22,,Active
H004210,S003360,Meadowbrook Hall,515,2023-12-20,2024-07-08,Moved Out
H004211,S000928,Meadowbrook Hall,306,2025-11-20,,Active
H004212,S005343,Sunrise Commons,188,2027-01-26,2026-08-20,Moved Out
H004213,S000732,Cedar Crest Hall,393,2024-06-12,,Pending Assignment
H004214,S004346,Birchwood Hall,449,2026-02-08,2026-06-27,Moved Out
H004215,S005645,Lakeside Terrace,244,2025-08-26,,Active
H004216,S007193,Lakeside Terrace,330,2026-04-30,,Active
H004217,S000347,Maple Ridge Hall,223,2026-02-25,,Active
H004218,S002689,Northgate Hall,310,2024-11-18,,Active
H004219,S009040,Birchwood Hall,238,2026-02-02,2026-07-22,Moved Out
H004220,S004197,Meadowbrook Hall,564,2025-05-18,,Active
H004221,S004736,Highland Hall,297,2023-11-27,2024-05-18,Moved Out
H004222,S006148,Birchwood Hall,227,2024-10-09,,Active
H004223,S002419,Aspen Court,381,2025-09-07,,Active
H004224,S005483,Birchwood Hall,483,2024-01-28,,Active
H004225,S006923,Riverbend Hall,147,2025-08-12,,Active
H004226,S009596,Aspen Court,204,2023-10-16,,Active
H004227,S008467,Riverbend Hall,582,2025-07-02,,Active
H004228,S001626,Maple Ridge Hall,310,2025-10-17,,Active
H004229,S001928,Cedar Crest Hall,163,2025-06-04,,Active
H004230,S002678,Riverbend Hall,416,2025-01-07,,Active
H004231,S004920,Birchwood Hall,519,2024-08-05,,Pending Assignment
H004232,S000740,Meadowbrook Hall,242,2024-09-11,2025-07-06,Moved Out
H004233,S002252,Meadowbrook Hall,343,2026-04-28,,Active
H004234,S001694,Maple Ridge Hall,499,2024-01-25,2024-09-07,Moved Out
H004235,S003792,Willow Creek Hall,203,2023-09-12,2023-11-16,Moved Out
H004236,S000941,Northgate Hall,131,2025-02-01,,Active
H004237,S004142,Lakeside Terrace,580,2025-01-12,,Active
H004238,S008070,Maple Ridge Hall,575,2024-06-19,,Active
H004239,S006905,Northgate Hall,158,2024-08-13,,Active
H004240,S001165,Lakeside Terrace,425,2024-01-09,2024-06-03,Moved Out
H004241,S006400,Summit House,384,2026-07-10,,Active
H004242,S007290,Willow Creek Hall,285,2024-03-28,2024-11-19,Moved Out
H004243,S004409,Riverbend Hall,570,2024-01-16,,Active
H004244,S007103,Birchwood Hall,364,2026-03-26,,Pending Assignment
H004245,S008259,Summit House,522,2026-08-01,,Active
H004246,S008814,Willow Creek Hall,274,2024-05-30,,Active
H004247,S003725,Riverbend Hall,559,2024-07-28,2025-03-04,Moved Out
H004248,S002623,Sunrise Commons,520,2025-09-11,,Pending Assignment
H004249,S008795,Summit House,145,2026-02-20,,Active
H004250,S007742,Sunrise Commons,502,2025-09-07,,Active
H004251,S002171,Maple Ridge Hall,410,2025-04-15,,Active
H004252,S006580,Bellview Hall,117,2026-07-22,,Active
H004253,S009390,Aspen Court,442,2025-07-02,,Active
H004254,S009757,Summit House,285,2026-01-24,,Active
H004255,S008063,Cedar Crest Hall,122,2026-01-09,,Active
H004256,S001237,Harborview Hall,264,2024-04-05,,Active
H004257,S008515,Birchwood Hall,265,2023-10-20,2024-01-11,Moved Out
H004258,S000030,Birchwood Hall,110,2026-08-07,,Active
H004259,S002060,Lakeside Terrace,369,2024-01-15,,Active
H004260,S000416,Founders Hall,263,2023-12-23,2024-08-04,Moved Out
H004261,S001296,Founders Hall,166,2024-08-01,,Active
H004262,S001629,Cedar Crest Hall,407,2024-07-29,2024-11-12,Moved Out
H004263,S008670,Willow Creek Hall,187,2026-06-14,,Active
H004264,S002478,Riverbend Hall,378,2024-07-22,2025-01-22,Moved Out
H004265,S000355,Lakeside Terrace,139,2024-01-27,,Active
H004266,S006641,Willow Creek Hall,325,2025-01-31,,Active
H004267,S009284,Founders Hall,451,2024-02-15,,Active
H004268,S001861,Willow Creek Hall,506,2023-09-08,2024-03-07,Moved Out
H004269,S008821,Maple Ridge Hall,102,2026-08-06,,Pending Assignment
H004270,S005732,Meadowbrook Hall,224,2025-05-22,,Active
H004271,S006845,Summit House,321,2024-09-15,,Active
H004272,S005031,Lakeside Terrace,280,2023-10-02,2024-06-09,Moved Out
H004273,S007882,Summit House,598,2025-11-06,,Active
H004274,S005621,Aspen Court,205,2025-02-03,,Active
H004275,S008203,Riverbend Hall,467,2026-07-01,,Pending Assignment
H004276,S002606,Cedar Crest Hall,420,2024-11-09,2025-01-08,Moved Out
H004277,S005770,Aspen Court,234,2024-02-12,,Active
H004278,S000057,Meadowbrook Hall,131,2024-01-12,2024-07-24,Moved Out
H004279,S006487,Maple Ridge Hall,596,2025-05-15,,Active
H004280,S000220,Maple Ridge Hall,181,2024-03-31,,Pending Assignment
H004281,S009661,Bellview Hall,523,2026-05-12,,Active
H004282,S002724,Bellview Hall,252,2024-06-16,,Active
H004283,S004852,Birchwood Hall,136,2023-08-25,,Active
H004284,S000604,Harborview Hall,174,2023-10-18,2024-04-14,Moved Out
H004285,S008970,Northgate Hall,569,2025-11-10,,Active
H004286,S002260,Maple Ridge Hall,546,2024-01-31,,Active
H004287,S000085,Highland Hall,260,2025-02-12,,Active
H004288,S004280,Birchwood Hall,461,2026-01-13,,Pending Assignment
H004289,S009702,Aspen Court,279,2023-12-17,,Active
H004290,S009376,Meadowbrook Hall,365,2023-12-30,2024-04-13,Moved Out
H004291,S007560,Meadowbrook Hall,447,2026-08-06,2026-08-20,Moved Out
H004292,S002273,Willow Creek Hall,361,2026-08-14,,Active
H004293,S004415,Birchwood Hall,516,2026-06-25,,Active
H004294,S007423,Sunrise Commons,475,2025-08-24,,Pending Assignment
H004295,S008783,Maple Ridge Hall,520,2026-06-05,,Active
H004296,S007091,Maple Ridge Hall,360,2024-07-23,2025-04-10,Moved Out
H004297,S006600,Meadowbrook Hall,590,2026-02-16,,Active
H004298,S008611,Willow Creek Hall,236,2024-12-07,,Pending Assignment
H004299,S006410,Willow Creek Hall,421,2024-10-30,,Active
H004300,S004029,Cedar Crest Hall,164,2026-03-21,2026-07-03,Moved Out
H004301,S000228,Cedar Crest Hall,146,2023-11-18,2024-05-19,Moved Out
H004302,S004566,Northgate Hall,159,2025-07-09,2025-11-20,Moved Out
H004303,S002270,Maple Ridge Hall,568,2025-07-24,2026-04-12,Moved Out
H004304,S005475,Riverbend Hall,323,2025-10-26,,Active
H004305,S003515,Maple Ridge Hall,436,2023-09-10,2024-05-27,Moved Out
H004306,S000794,Northgate Hall,302,2024-08-30,,Active
H004307,S000241,Riverbend Hall,253,2025-12-21,,Active
H004308,S003574,Bellview Hall,561,2026-02-04,2026-05-08,Moved Out
H004309,S009080,Summit House,159,2024-11-15,,Active
H004310,S005191,Maple Ridge Hall,582,2025-01-14,,Active
H004311,S008020,Lakeside Terrace,339,2023-10-03,,Active
H004312,S009026,Cedar Crest Hall,100,2024-10-07,,Active
H004313,S005335,Maple Ridge Hall,528,2025-10-02,,Active
H004314,S005451,Birchwood Hall,509,2024-02-06,,Active
H004315,S009088,Cedar Crest Hall,318,2026-05-23,2026-08-12,Moved Out
H004316,S006238,Cedar Crest Hall,524,2025-10-01,,Active
H004317,S004971,Willow Creek Hall,230,2025-08-15,2026-03-03,Moved Out
H004318,S003060,Willow Creek Hall,205,2024-11-12,,Active
H004319,S009279,Highland Hall,277,2023-12-07,,Active
H004320,S001291,Highland Hall,428,2024-02-01,,Active
H004321,S000976,Summit House,340,2024-09-16,2025-05-28,Moved Out
H004322,S008278,Birchwood Hall,178,2024-07-30,,Active
H004323,S006788,Harborview Hall,324,2024-07-28,2024-10-31,Moved Out
H004324,S004962,Sunrise Commons,227,2026-06-23,2026-08-20,Moved Out
H004325,S004293,Birchwood Hall,174,2025-05-30,,Active
H004326,S000744,Meadowbrook Hall,384,2026-01-01,2026-05-12,Moved Out
H004327,S009827,Maple Ridge Hall,481,2024-12-30,,Active
H004328,S000580,Sunrise Commons,582,2024-04-12,,Active
H004329,S004948,Founders Hall,529,2026-05-06,,Active
H004330,S005460,Birchwood Hall,331,2024-09-14,,Active
H004331,S006309,Summit House,461,2026-04-04,,Active
H004332,S009072,Willow Creek Hall,238,2024-12-31,,Active
H004333,S008779,Birchwood Hall,188,2023-12-11,,Active
H004334,S009009,Sunrise Commons,456,2023-10-30,2024-02-09,Moved Out
H004335,S008881,Lakeside Terrace,402,2025-02-04,2025-08-12,Moved Out
H004336,S007663,Founders Hall,261,2025-04-27,2026-01-21,Moved Out
H004337,S008309,Riverbend Hall,165,2024-01-07,,Active
H004338,S000615,Harborview Hall,373,2026-06-05,,Active
H004339,S006549,Highland Hall,352,2025-09-28,,Active
H004340,S005129,Summit House,269,2023-09-02,2024-02-06,Moved Out
H004341,S000735,Founders Hall,118,2025-09-22,,Active
H004342,S000870,Harborview Hall,283,2024-11-21,,Active
H004343,S003606,Birchwood Hall,261,2024-07-11,,Active
H004344,S003646,Northgate Hall,477,2024-08-12,,Active
H004345,S003416,Northgate Hall,165,2023-11-05,2024-03-05,Moved Out
H004346,S002877,Sunrise Commons,132,2024-01-01,,Active
H004347,S003440,Harborview Hall,296,2024-05-18,,Active
H004348,S005016,Lakeside Terrace,229,2026-01-14,,Active
H004349,S007996,Bellview Hall,382,2025-11-06,,Active
H004350,S001657,Sunrise Commons,191,2024-07-10,2025-04-19,Moved Out
H004351,S002830,Birchwood Hall,536,2025-02-25,2025-10-24,Moved Out
H004352,S009830,Northgate Hall,541,2025-02-14,,Pending Assignment
H004353,S002786,Willow Creek Hall,390,2023-08-07,2023-12-16,Moved Out
H004354,S007843,Birchwood Hall,145,2024-05-21,2024-11-05,Moved Out
H004355,S007579,Summit House,436,2025-06-23,,Active
H004356,S008357,Birchwood Hall,272,2024-10-17,,Active
H004357,S004270,Bellview Hall,380,2023-09-26,,Active
H004358,S003345,Harborview Hall,327,2026-02-22,,Active
H004359,S002357,Meadowbrook Hall,145,2024-04-23,2024-10-19,Moved Out
H004360,S008802,Willow Creek Hall,381,2025-08-08,,Active
H004361,S001226,Sunrise Commons,307,2023-09-08,,Active
H004362,S000464,Northgate Hall,100,2026-08-12,,Pending Assignment
H004363,S004131,Birchwood Hall,291,2025-08-09,,Active
H004364,S007767,Willow Creek Hall,439,2026-07-26,,Active
H004365,S008082,Highland Hall,367,2024-07-27,,Active
H004366,S000579,Willow Creek Hall,518,2023-08-26,2024-01-30,Moved Out
H004367,S003628,Aspen Court,308,2025-11-11,,Active
H004368,S009847,Riverbend Hall,550,2024-05-18,2024-08-30,Moved Out
H004369,S002656,Aspen Court,539,2025-01-08,,Active
H004370,S002227,Northgate Hall,562,2024-09-25,,Active
H004371,S008537,Summit House,537,2025-05-05,,Pending Assignment
H004372,S009104,Meadowbrook Hall,576,2026-12-08,,Active
H004373,S005911,Aspen Court,381,2026-02-09,,Active
H004374,S006601,Northgate Hall,139,2024-10-30,,Active
H004375,S004688,Harborview Hall,435,2023-08-07,,Active
H004376,S007078,Northgate Hall,247,2026-01-14,,Active
H004377,S008946,Lakeside Terrace,298,2026-07-13,2026-08-20,Moved Out
H004378,S001786,Bellview Hall,517,2026-04-10,,Active
H004379,S001558,Birchwood Hall,119,2025-07-26,2026-02-02,Moved Out
H004380,S002999,Cedar Crest Hall,336,2024-12-04,2025-06-27,Moved Out
H004381,S003765,Harborview Hall,141,2025-10-09,,Pending Assignment
H004382,S000598,Founders Hall,332,2025-11-21,,Active
H004383,S006390,Highland Hall,175,2026-04-02,,Active
H004384,S004383,Highland Hall,129,2024-01-07,,Active
H004385,S004012,Meadowbrook Hall,399,2024-09-15,2025-02-17,Moved Out
H004386,S002810,Birchwood Hall,586,2026-03-04,,Active
H004387,S002109,Summit House,217,2025-03-21,,Active
H004388,S005109,Maple Ridge Hall,348,2025-11-01,,Active
H004389,S003926,Harborview Hall,277,2026-04-01,,Active
H004390,S003414,Meadowbrook Hall,255,2023-10-08,,Active
H004391,S009932,Birchwood Hall,274,2025-08-31,2025-10-31,Moved Out
H004392,S008544,Willow Creek Hall,546,2025-04-20,,Active
H004393,S007830,Meadowbrook Hall,553,2025-06-05,,Active
H004394,S007004,Riverbend Hall,209,2023-11-15,,Active
H004395,S006103,Northgate Hall,494,2024-06-25,,Active
H004396,S005182,Northgate Hall,416,2024-01-18,,Active
H004397,S007372,Summit House,333,2026-03-02,,Active
H004398,S002511,Cedar Crest Hall,227,2026-06-26,,Active
H004399,S003791,Willow Creek Hall,533,2025-08-07,2026-05-26,Moved Out
H004400,S006145,Harborview Hall,115,2025-12-06,,Active
H004401,S002639,Bellview Hall,264,2026-08-10,2026-08-20,Moved Out
H004402,S007835,Bellview Hall,523,2024-05-09,,Active
H004403,S008645,Aspen Court,152,2023-11-22,,Active
H004404,S008791,Birchwood Hall,414,2025-12-07,2026-07-10,Moved Out
H004405,S001233,Maple Ridge Hall,274,2026-05-07,,Active
H004406,S003510,Aspen Court,237,2026-02-25,,Active
H004407,S008846,Aspen Court,230,2024-07-07,,Active
H004408,S001335,Birchwood Hall,578,2026-05-28,,Pending Assignment
H004409,S007411,Willow Creek Hall,303,2023-08-13,,Active
H004410,S005005,Harborview Hall,309,2025-02-25,,Active
H004411,S006178,Harborview Hall,594,2025-02-05,2025-07-18,Moved Out
H004412,S005749,Sunrise Commons,208,2024-11-19,,Active
H004413,S000578,Willow Creek Hall,322,2023-10-29,,Active
H004414,S005465,Northgate Hall,286,2026-06-19,,Active
H004415,S004569,Riverbend Hall,456,2026-05-29,,Active
H004416,S002537,Founders Hall,400,2025-11-10,2026-04-20,Moved Out
H004417,S004705,Cedar Crest Hall,258,2025-01-19,,Active
H004418,S002432,Maple Ridge Hall,279,2026-06-27,,Active
H004419,S006767,Birchwood Hall,425,2024-07-04,2024-11-30,Moved Out
H004420,S009890,Founders Hall,158,2026-03-26,,Active
H004421,S009613,Cedar Crest Hall,531,2024-09-14,2024-11-17,Moved Out
H004422,S005328,Lakeside Terrace,599,2024-08-30,,Active
H004423,S000553,Meadowbrook Hall,137,2024-12-03,,Active
H004424,S003935,Summit House,442,2023-08-19,2023-11-23,Moved Out
H004425,S003388,Northgate Hall,368,2024-03-18,,Active
H004426,S006802,Sunrise Commons,560,2024-09-21,,Active
H004427,S009361,Riverbend Hall,389,2025-03-08,,Active
H004428,S007136,Founders Hall,417,2025-04-26,,Active
H004429,S003052,Harborview Hall,553,2024-12-17,,Active
H004430,S006474,Maple Ridge Hall,500,2024-07-23,2025-01-11,Moved Out
H004431,S004849,Riverbend Hall,190,2026-06-15,,Active
H004432,S001604,Harborview Hall,235,2026-08-09,,Active
H004433,S009316,Founders Hall,353,2026-03-10,2026-08-20,Moved Out
H004434,S007260,Riverbend Hall,500,2024-07-16,,Active
H004435,S008099,Meadowbrook Hall,282,2025-08-13,2025-11-21,Moved Out
H004436,S005683,Birchwood Hall,216,2026-07-10,,Active
H004437,S003344,Riverbend Hall,327,2024-11-22,2025-09-13,Moved Out
H004438,S000172,Lakeside Terrace,233,2024-09-19,,Active
H004439,S009922,Summit House,494,2024-01-12,,Active
H004440,S009495,Willow Creek Hall,149,2024-02-18,,Active
H004441,S008271,Sunrise Commons,310,2025-11-04,,Active
H004442,S009121,Meadowbrook Hall,550,2024-04-15,2024-12-05,Moved Out
H004443,S003178,Founders Hall,129,2026-04-28,2026-07-25,Moved Out
H004444,S008370,Founders Hall,526,2025-11-06,,Active
H004445,S007327,Harborview Hall,446,2025-03-25,,Active
H004446,S004575,Summit House,213,2026-08-01,,Active
H004447,S008440,Northgate Hall,483,2025-06-01,,Active
H004448,S002634,Northgate Hall,126,2026-07-15,,Active
H004449,S004949,Riverbend Hall,340,2025-04-11,,Active
H004450,S000663,Harborview Hall,373,2025-04-09,,Active
H004451,S005242,Willow Creek Hall,364,2023-09-17,,Active
H004452,S005206,Aspen Court,347,2026-06-06,,Active
H004453,S002015,Riverbend Hall,252,2026-07-27,,Active
H004454,S007208,Maple Ridge Hall,251,2026-01-12,,Active
H004455,S007649,Willow Creek Hall,387,2024-07-13,2025-03-05,Moved Out
H004456,S005397,Birchwood Hall,136,2025-11-07,,Active
H004457,S009892,Sunrise Commons,514,2024-05-30,,Active
H004458,S006229,Northgate Hall,410,2024-10-27,,Active
H004459,S001920,Summit House,207,2024-12-01,,Active
H004460,S008760,Maple Ridge Hall,510,2026-04-04,,Active
H004461,S001083,Willow Creek Hall,309,2024-06-20,,Active
H004462,S007124,Aspen Court,393,2025-03-01,,Active
H004463,S008069,Meadowbrook Hall,424,2025-01-05,,Active
H004464,S005835,Lakeside Terrace,414,2026-06-24,,Active
H004465,S006024,Northgate Hall,379,2025-01-24,2025-07-27,Moved Out
H004466,S002584,Summit House,207,2025-06-06,,Active
H004467,S003234,Bellview Hall,318,2025-03-14,,Active
H004468,S002704,Harborview Hall,312,2025-06-05,,Active
H004469,S001033,Sunrise Commons,192,2026-01-04,2026-05-24,Moved Out
H004470,S007636,Riverbend Hall,509,2023-11-26,,Active
H004471,S008338,Lakeside Terrace,466,2026-01-16,,Active
H004472,S003981,Cedar Crest Hall,438,2024-05-22,,Active
H004473,S008954,Willow Creek Hall,350,2024-04-17,,Active
H004474,S004565,Sunrise Commons,555,2026-08-13,,Active
H004475,S008398,Lakeside Terrace,401,2024-08-06,,Pending Assignment
H004476,S003269,Sunrise Commons,223,2026-02-24,,Active
H004477,S004926,Aspen Court,369,2026-06-14,2026-08-20,Moved Out
H004478,S004328,Bellview Hall,293,2024-11-24,,Active
H004479,S002436,Birchwood Hall,588,2026-01-31,,Active
H004480,S002421,Birchwood Hall,106,2025-07-07,2025-09-30,Moved Out
H004481,S000338,Summit House,492,2024-03-17,,Active
H004482,S008434,Cedar Crest Hall,269,2024-12-19,2025-09-27,Moved Out
H004483,S001327,Maple Ridge Hall,381,2024-04-09,2024-08-19,Moved Out
H004484,S008356,Summit House,289,2025-12-21,,Active
H004485,S002583,Meadowbrook Hall,571,2025-01-19,,Active
H004486,S003605,Willow Creek Hall,581,2024-06-27,,Active
H004487,S001333,Aspen Court,293,2025-03-04,,Pending Assignment
H004488,S000273,Aspen Court,584,2024-12-24,2025-05-03,Moved Out
H004489,S009700,Riverbend Hall,137,2024-05-15,,Active
H004490,S000534,Lakeside Terrace,393,2024-02-03,2024-08-30,Moved Out
H004491,S008602,Founders Hall,209,2023-09-13,2024-04-24,Moved Out
H004492,S001146,Northgate Hall,491,2025-09-28,,Active
H004493,S007868,Maple Ridge Hall,599,2024-09-29,,Active
H004494,S007220,Cedar Crest Hall,538,2025-01-30,2025-08-05,Moved Out
H004495,S006575,Aspen Court,576,2024-11-28,,Active
H004496,S000032,Maple Ridge Hall,539,2025-08-08,,Active
H004497,S000748,Lakeside Terrace,421,2024-10-10,,Active
H004498,S000834,Meadowbrook Hall,527,2025-10-17,,Active
H004499,S004832,Cedar Crest Hall,576,2025-08-26,2026-02-03,Moved Out
H004500,S002562,Aspen Court,388,2025-06-22,2025-10-10,Moved Out
H004501,S008482,Cedar Crest Hall,133,2025-04-28,,Active
H004502,S007494,Riverbend Hall,545,2023-10-18,,Active
H004503,S008771,Summit House,359,2025-07-29,,Active
H004504,S003068,Harborview Hall,300,2024-12-14,,Active
H004505,S009138,Summit House,163,2024-05-26,,Active
H004506,S008972,Meadowbrook Hall,247,2025-09-10,2025-11-12,Moved Out
H004507,S004300,Meadowbrook Hall,162,2026-08-13,2026-08-20,Moved Out
H004508,S006072,Maple Ridge Hall,301,2024-03-24,,Active
H004509,S005539,Sunrise Commons,290,2025-12-11,2026-07-28,Moved Out
H004510,S009709,Riverbend Hall,353,2025-02-21,,Active
H004511,S007414,Riverbend Hall,260,2025-10-04,2025-12-08,Moved Out
H004512,S000743,Birchwood Hall,315,2026-01-22,,Active
H004513,S001758,Summit House,273,2024-07-03,,Active
H004514,S004597,Highland Hall,403,2025-03-23,2025-07-12,Moved Out
H004515,S003448,Bellview Hall,375,2024-04-10,,Active
H004516,S007364,Meadowbrook Hall,308,2026-08-08,2026-08-20,Moved Out
H004517,S005937,Birchwood Hall,224,2025-06-23,,Active
H004518,S006793,Founders Hall,514,2026-03-18,,Active
H004519,S002790,Riverbend Hall,380,2024-12-18,,Active
H004520,S001472,Lakeside Terrace,211,2024-12-11,2025-06-14,Moved Out
H004521,S006725,Lakeside Terrace,551,2026-01-21,,Active
H004522,S006453,Riverbend Hall,314,2023-11-29,2024-07-30,Moved Out
H004523,S005009,Maple Ridge Hall,551,2025-03-09,2025-08-23,Moved Out
H004524,S004882,Maple Ridge Hall,548,2023-12-11,,Active
H004525,S005184,Meadowbrook Hall,416,2026-02-17,,Active
H004526,S004468,Maple Ridge Hall,579,2025-11-28,,Active
H004527,S001360,Northgate Hall,260,2025-01-22,,Active
H004528,S000441,Meadowbrook Hall,514,2026-03-23,,Active
H004529,S003406,Bellview Hall,309,2025-08-09,2025-11-11,Moved Out
H004530,S004888,Summit House,204,2025-05-25,2026-02-09,Moved Out
H004531,S008599,Summit House,345,2025-07-06,,Active
H004532,S004799,Harborview Hall,536,2024-04-03,2024-06-30,Moved Out
H004533,S004641,Northgate Hall,276,2024-10-13,,Active
H004534,S007964,Willow Creek Hall,309,2025-11-12,,Active
H004535,S001032,Harborview Hall,563,2025-05-17,2025-10-29,Moved Out
H004536,S000003,Northgate Hall,208,2026-08-16,,Active
H004537,S006555,Bellview Hall,336,2025-09-27,,Active
H004538,S003513,Bellview Hall,171,2026-04-27,,Active
H004539,S007803,Summit House,555,2025-10-03,2026-05-11,Moved Out
H004540,S009151,Highland Hall,198,2024-04-02,,Active
H004541,S003439,Summit House,430,2026-08-03,,Active
H004542,S001119,Lakeside Terrace,387,2024-12-29,2025-06-20,Moved Out
H004543,S005261,Founders Hall,311,2024-07-25,2024-12-05,Moved Out
H004544,S006968,Cedar Crest Hall,271,2025-11-08,2026-08-06,Moved Out
H004545,S003263,Meadowbrook Hall,250,2023-12-13,,Active
H004546,S007471,Founders Hall,588,2026-04-07,,Active
H004547,S000384,Sunrise Commons,507,2025-02-04,,Active
H004548,S001297,Northgate Hall,512,2023-10-23,,Pending Assignment
H004549,S006846,Highland Hall,211,2025-04-29,,Pending Assignment
H004550,S004972,Meadowbrook Hall,181,2026-01-23,2026-06-09,Moved Out
H004551,S003850,Aspen Court,596,2024-08-30,2024-12-17,Moved Out
H004552,S006038,Lakeside Terrace,235,2023-09-28,,Active
H004553,S007477,Founders Hall,551,2023-12-25,,Active
H004554,S003593,Willow Creek Hall,280,2026-01-29,,Active
H004555,S007758,Harborview Hall,259,2023-10-18,,Active
H004556,S009445,Willow Creek Hall,193,2023-08-05,,Active
H004557,S004891,Summit House,237,2025-08-10,2026-01-11,Moved Out
H004558,S008743,Founders Hall,316,2025-04-02,,Active
H004559,S004250,Highland Hall,153,2024-07-06,,Active
H004560,S009489,Cedar Crest Hall,482,2024-01-10,,Active
H004561,S009023,Maple Ridge Hall,158,2023-08-04,,Active
H004562,S002182,Northgate Hall,132,2025-09-16,2026-02-13,Moved Out
H004563,S004069,Highland Hall,164,2024-09-23,2025-01-03,Moved Out
H004564,S004184,Harborview Hall,169,2023-12-30,2024-06-03,Moved Out
H004565,S006461,Founders Hall,236,2026-03-06,,Active
H004566,S003820,Birchwood Hall,274,2023-11-30,,Active
H004567,S009320,Northgate Hall,575,2025-03-31,,Active
H004568,S007840,Highland Hall,116,2026-07-19,,Active
H004569,S001080,Birchwood Hall,519,2023-10-11,2024-03-19,Moved Out
H004570,S007587,Willow Creek Hall,483,2024-11-18,,Pending Assignment
H004571,S004809,Founders Hall,582,2024-02-08,,Active
H004572,S006620,Riverbend Hall,230,2026-04-24,,Active
H004573,S001239,Founders Hall,455,2023-12-06,2024-08-18,Moved Out
H004574,S008759,Aspen Court,492,2026-03-14,,Active
H004575,S005911,Meadowbrook Hall,516,2025-10-04,,Active
H004576,S003460,Founders Hall,541,2025-12-04,,Active
H004577,S002849,Harborview Hall,588,2025-08-09,2026-03-01,Moved Out
H004578,S004335,Maple Ridge Hall,223,2026-07-10,,Active
H004579,S004127,Harborview Hall,542,2023-11-21,2024-05-18,Moved Out
H004580,S001965,Sunrise Commons,164,2026-03-11,,Pending Assignment
H004581,S003071,Northgate Hall,160,2024-05-18,2025-01-22,Moved Out
H004582,S008709,Cedar Crest Hall,197,2024-07-12,,Active
H004583,S003130,Lakeside Terrace,120,2025-07-15,,Active
H004584,S007858,Aspen Court,299,2025-02-26,2025-04-27,Moved Out
H004585,S009259,Birchwood Hall,438,2024-07-25,2025-03-31,Moved Out
H004586,S009136,Bellview Hall,332,2024-02-13,,Active
H004587,S006832,Aspen Court,378,2023-11-28,,Active
H004588,S008435,Meadowbrook Hall,140,2024-08-20,,Active
H004589,S009269,Northgate Hall,205,2025-07-11,,Active
H004590,S005762,Birchwood Hall,108,2026-05-04,,Active
H004591,S007780,Founders Hall,138,2024-06-19,2024-12-07,Moved Out
H004592,S007545,Harborview Hall,463,2023-10-30,,Active
H004593,S004002,Harborview Hall,436,2026-07-19,,Active
H004594,S004210,Aspen Court,468,2025-09-27,2026-05-20,Moved Out
H004595,S002798,Aspen Court,489,2026-02-04,2026-08-20,Moved Out
H004596,S006160,Willow Creek Hall,201,2025-07-10,,Active
H004597,S005236,Aspen Court,402,2024-08-25,2025-02-01,Moved Out
H004598,S002672,Harborview Hall,489,2026-08-13,2026-08-20,Moved Out
H004599,S009623,Sunrise Commons,440,2025-03-08,,Active
H004600,S003849,Founders Hall,314,2026-01-23,2026-08-20,Moved Out
H004601,S008894,Maple Ridge Hall,557,2025-11-04,,Active
H004602,S007097,Birchwood Hall,341,2025-09-05,,Active
H004603,S009694,Northgate Hall,126,2025-08-27,,Active
H004604,S008123,Cedar Crest Hall,470,2024-02-12,,Active
H004605,S003687,Founders Hall,231,2026-04-10,,Active
H004606,S004233,Riverbend Hall,310,2024-12-31,,Active
H004607,S002394,Maple Ridge Hall,201,2024-07-27,,Active
H004608,S003140,Sunrise Commons,228,2024-10-02,2025-04-22,Moved Out
H004609,S006235,Willow Creek Hall,491,2026-04-23,2026-08-20,Moved Out
H004610,S006517,Willow Creek Hall,362,2024-04-09,,Active
H004611,S009312,Lakeside Terrace,372,2024-01-02,,Active
H004612,S007756,Cedar Crest Hall,449,2026-02-05,,Active
H004613,S008699,Riverbend Hall,164,2024-01-26,2024-08-14,Moved Out
H004614,S005517,Founders Hall,107,2025-01-28,,Active
H004615,S004995,Highland Hall,518,2023-10-13,2024-08-06,Moved Out
H004616,S002442,Sunrise Commons,204,2026-03-31,2026-08-20,Moved Out
H004617,S009252,Maple Ridge Hall,327,2025-04-02,,Active
H004618,S009719,Bellview Hall,469,2026-05-29,,Pending Assignment
H004619,S006961,Aspen Court,541,2025-06-23,2026-03-30,Moved Out
H004620,S006404,Founders Hall,463,2026-04-09,2026-08-20,Moved Out
H004621,S003626,Riverbend Hall,544,2024-12-19,2025-03-27,Moved Out
H004622,S007918,Northgate Hall,308,2024-12-14,,Active
H004623,S005562,Willow Creek Hall,312,2026-06-16,2026-08-20,Moved Out
H004624,S006818,Aspen Court,440,2026-06-16,,Active
H004625,S009440,Sunrise Commons,240,2026-02-10,2026-08-20,Moved Out
H004626,S004286,Meadowbrook Hall,390,2024-05-14,,Active
H004627,S009908,Lakeside Terrace,588,2023-10-16,2024-03-12,Moved Out
H004628,S008667,Aspen Court,397,2025-04-27,2025-12-27,Moved Out
H004629,S003508,Highland Hall,300,2025-05-02,2026-02-12,Moved Out
H004630,S009375,Riverbend Hall,497,2025-12-17,,Active
H004631,S006051,Highland Hall,333,2023-10-29,,Pending Assignment
H004632,S005652,Bellview Hall,323,2024-07-15,2024-12-27,Moved Out
H004633,S007903,Meadowbrook Hall,176,2024-01-23,2024-05-28,Moved Out
H004634,S004747,Cedar Crest Hall,468,2025-09-11,,Active
H004635,S005824,Lakeside Terrace,184,2024-02-23,,Active
H004636,S003240,Riverbend Hall,122,2024-06-14,,Active
H004637,S001859,Highland Hall,590,2026-09-21,2026-08-20,Moved Out
H004638,S005294,Harborview Hall,408,2024-11-18,2025-08-31,Moved Out
H004639,S001488,Harborview Hall,126,2024-03-11,,Active
H004640,S009120,Maple Ridge Hall,526,2025-08-05,2026-03-22,Moved Out
H004641,S007961,Aspen Court,249,2025-04-24,,Active
H004642,S008452,Willow Creek Hall,405,2025-07-12,,Active
H004643,S001396,Founders Hall,183,2024-03-25,2024-12-15,Moved Out
H004644,S005693,Maple Ridge Hall,390,2024-12-30,,Active
H004645,S006213,Sunrise Commons,310,2024-03-26,,Active
H004646,S003970,Maple Ridge Hall,490,2025-06-17,2025-10-08,Moved Out
H004647,S003097,Harborview Hall,359,2024-09-06,,Active
H004648,S006149,Maple Ridge Hall,437,2026-03-28,,Active
H004649,S008844,Sunrise Commons,513,2025-03-06,,Active
H004650,S007040,Bellview Hall,556,2024-03-05,,Active
H004651,S007575,Aspen Court,281,2024-07-05,,Active
H004652,S005813,Bellview Hall,564,2024-09-28,,Active
H004653,S000056,Sunrise Commons,496,2026-02-06,2026-05-29,Moved Out
H004654,S002257,Founders Hall,113,2025-02-13,,Active
H004655,S007974,Birchwood Hall,422,2024-11-26,,Active
H004656,S007117,Cedar Crest Hall,283,2024-11-06,,Active
H004657,S001158,Highland Hall,115,2027-01-05,,Active
H004658,S003727,Aspen Court,578,2025-05-15,2025-12-25,Moved Out
H004659,S008553,Summit House,468,2025-01-16,,Active
H004660,S001832,Birchwood Hall,385,2026-02-03,,Active
H004661,S008393,Bellview Hall,477,2024-03-24,2024-10-22,Moved Out
H004662,S002194,Birchwood Hall,506,2024-05-04,2024-07-22,Moved Out
H004663,S009513,Meadowbrook Hall,171,2024-06-21,,Active
H004664,S006692,Maple Ridge Hall,484,2026-07-28,2026-08-20,Moved Out
H004665,S006551,Willow Creek Hall,137,2025-04-15,,Active
H004666,S009921,Riverbend Hall,426,2025-09-28,2026-03-13,Moved Out
H004667,S003519,Aspen Court,124,2024-07-07,,Active
H004668,S008768,Willow Creek Hall,474,2025-10-06,2026-05-21,Moved Out
H004669,S005136,Northgate Hall,480,2024-10-17,2025-01-06,Moved Out
H004670,S008674,Bellview Hall,502,2025-01-18,2025-08-24,Moved Out
H004671,S003141,Highland Hall,581,2026-03-14,,Active
H004672,S009876,Maple Ridge Hall,389,2025-11-02,,Pending Assignment
H004673,S000246,Birchwood Hall,428,2023-11-30,,Active
H004674,S005022,Bellview Hall,582,2023-12-10,,Active
H004675,S001756,Sunrise Commons,262,2025-11-12,,Active
H004676,S009570,Cedar Crest Hall,218,2025-12-26,2026-08-20,Moved Out
H004677,S007991,Maple Ridge Hall,307,2026-06-21,,Active
H004678,S008790,Meadowbrook Hall,354,2026-07-19,,Active
H004679,S002907,Harborview Hall,357,2024-09-18,2025-03-13,Moved Out
H004680,S003233,Birchwood Hall,383,2025-10-16,,Active
H004681,S006337,Founders Hall,219,2024-08-15,,Active
H004682,S001823,Northgate Hall,341,2023-10-24,,Active
H004683,S002296,Riverbend Hall,190,2026-04-23,,Active
H004684,S004929,Lakeside Terrace,493,2024-04-29,,Active
H004685,S002452,Highland Hall,345,2023-10-19,2024-06-14,Moved Out
H004686,S009351,Highland Hall,485,2026-03-17,2026-08-20,Moved Out
H004687,S005542,Bellview Hall,323,2025-08-28,,Pending Assignment
H004688,S009559,Summit House,126,2025-07-08,,Active
H004689,S000436,Meadowbrook Hall,261,2025-07-15,,Pending Assignment
H004690,S004001,Lakeside Terrace,309,2024-09-20,,Active
H004691,S004750,Riverbend Hall,588,2025-07-23,2026-03-16,Moved Out
H004692,S006967,Maple Ridge Hall,338,2023-10-22,2024-07-28,Moved Out
H004693,S001736,Cedar Crest Hall,325,2024-07-16,,Active
H004694,S004126,Harborview Hall,265,2026-05-29,,Active
H004695,S000703,Meadowbrook Hall,295,2025-05-29,,Active
H004696,S006010,Founders Hall,153,2024-07-16,2024-11-09,Moved Out
H004697,S006101,Highland Hall,243,2024-09-15,,Active
H004698,S000801,Riverbend Hall,471,2024-08-31,2025-06-10,Moved Out
H004699,S007081,Willow Creek Hall,153,2024-01-14,,Active
H004700,S009754,Northgate Hall,458,2026-04-24,,Active
H004701,S004815,Maple Ridge Hall,312,2026-08-02,,Active
H004702,S000050,Lakeside Terrace,414,2026-01-09,,Active
H004703,S000538,Cedar Crest Hall,169,2025-04-14,,Active
H004704,S000702,Birchwood Hall,136,2026-03-30,,Active
H004705,S005980,Cedar Crest Hall,453,2026-04-08,,Active
H004706,S001458,Bellview Hall,592,2025-04-25,2025-08-13,Moved Out
H004707,S001862,Summit House,227,2026-03-27,2026-07-17,Moved Out
H004708,S002422,Sunrise Commons,296,2026-07-11,,Active
H004709,S003018,Highland Hall,466,2026-01-28,,Active
H004710,S004828,Highland Hall,320,2024-07-28,,Active
H004711,S007280,Summit House,445,2026-05-06,,Active
H004712,S004654,Maple Ridge Hall,375,2025-10-18,2026-02-21,Moved Out
H004713,S002607,Northgate Hall,405,2024-09-17,,Active
H004714,S006661,Sunrise Commons,370,2026-05-22,,Active
H004715,S002578,Northgate Hall,175,2024-03-09,2024-06-30,Moved Out
H004716,S005605,Lakeside Terrace,149,2024-01-11,,Active
H004717,S001228,Maple Ridge Hall,292,2023-12-06,2024-06-28,Moved Out
H004718,S001565,Meadowbrook Hall,305,2026-01-12,2026-05-15,Moved Out
H004719,S004150,Harborview Hall,444,2026-02-28,,Active
H004720,S008204,Aspen Court,489,2024-06-12,,Active
H004721,S007944,Meadowbrook Hall,342,2024-01-11,2024-07-23,Moved Out
H004722,S002664,Lakeside Terrace,483,2024-12-01,,Active
H004723,S008976,Founders Hall,215,2025-04-27,2025-10-22,Moved Out
H004724,S003396,Birchwood Hall,457,2025-11-22,2026-06-04,Moved Out
H004725,S000647,Harborview Hall,328,2026-04-06,,Active
H004726,S000717,Willow Creek Hall,222,2025-08-17,,Active
H004727,S008037,Willow Creek Hall,544,2023-12-08,,Active
H004728,S007071,Bellview Hall,103,2027-01-13,,Active
H004729,S008545,Summit House,323,2025-08-20,,Active
H004730,S008761,Meadowbrook Hall,574,2024-09-17,,Active
H004731,S005807,Founders Hall,531,2024-04-06,,Pending Assignment
H004732,S000221,Highland Hall,162,2024-05-14,,Active
H004733,S006317,Riverbend Hall,377,2026-07-01,,Active
H004734,S006593,Lakeside Terrace,487,2023-11-20,2024-01-25,Moved Out
H004735,S004109,Birchwood Hall,319,2026-05-05,,Active
H004736,S002775,Birchwood Hall,491,2026-11-21,2026-08-20,Moved Out
H004737,S007982,Lakeside Terrace,263,2024-12-28,,Active
H004738,S007212,Birchwood Hall,460,2024-11-22,2025-06-14,Moved Out
H004739,S005308,Riverbend Hall,233,2025-12-06,,Active
H004740,S007622,Aspen Court,589,2024-12-18,2025-08-05,Moved Out
H004741,S004691,Sunrise Commons,113,2024-05-14,,Active
H004742,S002046,Willow Creek Hall,476,2026-04-16,,Active
H004743,S002009,Lakeside Terrace,388,2026-04-15,,Active
H004744,S003203,Aspen Court,210,2024-06-28,,Active
H004745,S003454,Bellview Hall,457,2023-09-13,,Active
H004746,S000394,Harborview Hall,538,2024-03-29,,Active
H004747,S001191,Cedar Crest Hall,183,2025-03-08,,Active
H004748,S000189,Highland Hall,448,2025-06-03,2025-09-10,Moved Out
H004749,S000720,Highland Hall,266,2025-04-11,,Active
H004750,S002181,Cedar Crest Hall,105,2024-07-27,,Pending Assignment
H004751,S007522,Highland Hall,535,2025-05-11,2026-03-04,Moved Out
H004752,S002554,Riverbend Hall,157,2025-04-02,2025-06-26,Moved Out
H004753,S008229,Meadowbrook Hall,312,2025-02-01,,Active
H004754,S007195,Harborview Hall,414,2024-07-21,,Active
H004755,S002287,Sunrise Commons,430,2024-04-18,2024-06-17,Moved Out
H004756,S004663,Willow Creek Hall,106,2025-09-21,2025-12-28,Moved Out
H004757,S006764,Lakeside Terrace,432,2023-09-14,,Active
H004758,S008379,Cedar Crest Hall,489,2025-05-06,,Active
H004759,S004863,Meadowbrook Hall,274,2026-03-03,,Active
H004760,S006071,Bellview Hall,137,2024-07-20,,Active
H004761,S002797,Harborview Hall,117,2023-12-07,,Active
H004762,S001822,Founders Hall,305,2026-06-24,2026-08-20,Moved Out
H004763,S000752,Harborview Hall,460,2025-11-01,2026-03-27,Moved Out
H004764,S009349,Aspen Court,130,2025-05-20,,Active
H004765,S005808,Meadowbrook Hall,460,2025-09-12,2026-04-03,Moved Out
H004766,S004582,Sunrise Commons,448,2023-09-23,,Pending Assignment
H004767,S006797,Sunrise Commons,554,2025-03-27,,Active
H004768,S000516,Harborview Hall,319,2024-05-12,,Active
H004769,S004694,Sunrise Commons,344,2024-08-17,2025-04-08,Moved Out
H004770,S003028,Lakeside Terrace,277,2025-09-26,,Active
H004771,S006619,Summit House,528,2024-07-02,2024-11-18,Moved Out
H004772,S008153,Sunrise Commons,189,2023-11-15,,Active
H004773,S002465,Willow Creek Hall,334,2025-12-17,,Active
H004774,S009662,Founders Hall,400,2024-09-09,2024-11-17,Moved Out
H004775,S001692,Meadowbrook Hall,465,2025-05-06,2026-01-19,Moved Out
H004776,S000883,Highland Hall,122,2025-12-21,,Active
H004777,S008758,Founders Hall,462,2023-08-30,2024-03-18,Moved Out
H004778,S008543,Founders Hall,221,2026-04-21,,Active
H004779,S001891,Aspen Court,209,2025-03-28,,Active
H004780,S006907,Cedar Crest Hall,542,2024-07-05,2025-02-13,Moved Out
H004781,S009456,Cedar Crest Hall,121,2024-02-11,2024-05-12,Moved Out
H004782,S003039,Maple Ridge Hall,417,2025-04-16,2025-12-04,Moved Out
H004783,S007053,Summit House,483,2026-08-07,,Pending Assignment
H004784,S005806,Sunrise Commons,514,2025-01-27,2025-11-23,Moved Out
H004785,S005213,Harborview Hall,103,2023-12-23,2024-05-29,Moved Out
H004786,S000492,Lakeside Terrace,540,2025-06-12,,Pending Assignment
H004787,S007117,Birchwood Hall,489,2025-04-10,,Active
H004788,S008262,Aspen Court,481,2024-09-20,,Active
H004789,S002107,Highland Hall,337,2023-08-01,,Active
H004790,S004102,Highland Hall,186,2025-04-13,2025-09-09,Moved Out
H004791,S006174,Bellview Hall,469,2024-09-02,,Active
H004792,S004846,Sunrise Commons,463,2025-09-20,,Active
H004793,S005674,Meadowbrook Hall,595,2026-04-16,,Active
H004794,S005965,Northgate Hall,197,2023-11-02,,Active
H004795,S003818,Highland Hall,442,2026-06-25,,Active
H004796,S005174,Bellview Hall,412,2024-08-06,2025-04-27,Moved Out
H004797,S001285,Bellview Hall,417,2024-09-10,2024-12-30,Moved Out
H004798,S008234,Lakeside Terrace,109,2026-08-12,2026-08-20,Moved Out
H004799,S004765,Summit House,493,2024-04-14,2024-10-06,Moved Out
H004800,S007913,Aspen Court,530,2026-04-29,,Active
H004801,S004712,Riverbend Hall,370,2026-07-29,,Active
H004802,S002596,Northgate Hall,386,2024-03-01,,Active
H004803,S002262,Harborview Hall,576,2025-10-11,,Active
H004804,S008583,Meadowbrook Hall,237,2025-02-16,,Active
H004805,S005668,Harborview Hall,428,2024-11-21,2025-03-19,Moved Out
H004806,S000828,Harborview Hall,250,2026-07-18,,Active
H004807,S006489,Cedar Crest Hall,519,2026-07-13,,Active
H004808,S008218,Highland Hall,100,2024-10-20,,Active
H004809,S003086,Cedar Crest Hall,129,2024-04-05,2024-09-30,Moved Out
H004810,S005349,Meadowbrook Hall,390,2024-08-08,,Active
H004811,S006329,Bellview Hall,424,2024-10-21,,Active
H004812,S003296,Founders Hall,574,2023-11-03,,Pending Assignment
H004813,S006225,Founders Hall,549,2025-03-15,2025-09-29,Moved Out
H004814,S003446,Bellview Hall,407,2024-04-06,,Active
H004815,S007508,Founders Hall,163,2026-03-21,,Active
H004816,S002540,Riverbend Hall,117,2025-10-22,,Active
H004817,S003385,Sunrise Commons,578,2026-05-14,,Active
H004818,S000956,Maple Ridge Hall,542,2025-07-11,2025-12-17,Moved Out
H004819,S006154,Meadowbrook Hall,294,2026-04-27,2026-08-20,Moved Out
H004820,S008501,Highland Hall,409,2025-02-17,,Active
H004821,S003776,Willow Creek Hall,154,2023-08-04,,Active
H004822,S001846,Sunrise Commons,297,2026-02-09,2026-08-20,Moved Out
H004823,S000590,Summit House,573,2026-04-22,2026-07-29,Moved Out
H004824,S006560,Lakeside Terrace,220,2025-10-06,2026-01-17,Moved Out
H004825,S003350,Northgate Hall,483,2023-08-05,,Active
H004826,S004130,Riverbend Hall,511,2024-07-29,2025-04-19,Moved Out
H004827,S006900,Birchwood Hall,260,2024-10-04,2025-05-07,Moved Out
H004828,S002336,Founders Hall,333,2024-01-01,,Active
H004829,S006249,Cedar Crest Hall,466,2025-12-20,,Active
H004830,S005166,Lakeside Terrace,196,2024-10-24,,Active
H004831,S006204,Riverbend Hall,250,2026-07-09,,Active
H004832,S000255,Northgate Hall,497,2024-09-21,,Active
H004833,S008444,Maple Ridge Hall,496,2026-06-06,,Active
H004834,S001179,Willow Creek Hall,267,2024-09-01,,Active
H004835,S003074,Sunrise Commons,418,2025-12-14,,Active
H004836,S002793,Founders Hall,575,2025-12-03,,Active
H004837,S002141,Bellview Hall,242,2025-04-12,,Active
H004838,S009858,Meadowbrook Hall,131,2026-03-30,,Active
H004839,S008291,Founders Hall,434,2025-06-02,2025-08-05,Moved Out
H004840,S005393,Lakeside Terrace,439,2024-05-28,,Active
H004841,S004257,Summit House,150,2024-03-10,,Active
H004842,S009588,Sunrise Commons,265,2024-08-27,2025-01-02,Moved Out
H004843,S005108,Cedar Crest Hall,525,2026-06-14,,Active
H004844,S003777,Willow Creek Hall,289,2024-04-26,2025-02-02,Moved Out
H004845,S001324,Founders Hall,437,2024-10-24,,Active
H004846,S009309,Highland Hall,132,2025-03-31,,Active
H004847,S000636,Harborview Hall,434,2024-01-16,,Active
H004848,S002796,Bellview Hall,323,2025-09-21,,Active
H004849,S007207,Sunrise Commons,386,2024-09-15,2025-03-28,Moved Out
H004850,S003677,Riverbend Hall,486,2023-11-01,,Active
H004851,S003592,Birchwood Hall,340,2024-10-12,,Active
H004852,S009785,Maple Ridge Hall,472,2025-02-28,,Active
H004853,S007096,Birchwood Hall,477,2026-06-27,2026-08-20,Moved Out
H004854,S002045,Lakeside Terrace,548,2023-09-15,,Active
H004855,S007627,Northgate Hall,370,2024-07-09,2024-11-20,Moved Out
H004856,S009868,Founders Hall,283,2025-05-27,2026-01-18,Moved Out
H004857,S000193,Harborview Hall,457,2024-11-07,,Active
H004858,S007956,Lakeside Terrace,566,2024-03-05,,Active
H004859,S003839,Highland Hall,238,2024-12-26,2025-08-14,Moved Out
H004860,S009704,Lakeside Terrace,497,2025-09-30,2026-05-31,Moved Out
H004861,S005048,Riverbend Hall,149,2027-01-02,2026-08-20,Moved Out
H004862,S004727,Aspen Court,267,2025-04-21,,Active
H004863,S002064,Highland Hall,304,2025-06-09,,Active
H004864,S002254,Northgate Hall,240,2025-11-20,2026-07-09,Moved Out
H004865,S005387,Willow Creek Hall,520,2024-08-03,,Active
H004866,S001621,Meadowbrook Hall,147,2026-04-07,,Active
H004867,S000679,Riverbend Hall,146,2025-12-09,,Active
H004868,S005630,Cedar Crest Hall,474,2024-10-05,,Active
H004869,S002667,Aspen Court,164,2025-03-01,2025-07-08,Moved Out
H004870,S001058,Riverbend Hall,122,2026-08-13,,Active
H004871,S007666,Northgate Hall,200,2023-08-15,2023-10-27,Moved Out
H004872,S006520,Birchwood Hall,495,2025-04-13,,Active
H004873,S007390,Founders Hall,521,2024-02-24,,Active
H004874,S003208,Aspen Court,161,2024-03-18,,Active
H004875,S002716,Willow Creek Hall,394,2023-12-27,2024-06-15,Moved Out
H004876,S008496,Aspen Court,556,2024-03-06,2024-10-30,Moved Out
H004877,S003431,Lakeside Terrace,253,2025-04-21,,Active
H004878,S006514,Birchwood Hall,318,2025-08-10,,Active
H004879,S002571,Maple Ridge Hall,160,2026-06-06,,Active
H004880,S001413,Meadowbrook Hall,597,2025-01-29,,Active
H004881,S001950,Highland Hall,170,2026-02-13,,Active
H004882,S009712,Sunrise Commons,133,2026-03-23,,Pending Assignment
H004883,S002962,Founders Hall,475,2024-03-04,,Active
H004884,S005070,Maple Ridge Hall,322,2025-07-05,,Active
H004885,S003022,Riverbend Hall,425,2024-04-30,,Active
H004886,S007633,Cedar Crest Hall,242,2025-04-28,,Active
H004887,S004033,Riverbend Hall,539,2026-03-27,,Active
H004888,S003506,Founders Hall,267,2025-04-27,,Active
H004889,S007981,Meadowbrook Hall,138,2025-04-23,,Active
H004890,S002855,Lakeside Terrace,447,2024-01-29,2024-06-15,Moved Out
H004891,S003933,Meadowbrook Hall,167,2025-12-21,2026-03-06,Moved Out
H004892,S006985,Bellview Hall,123,2024-11-22,,Active
H004893,S006271,Sunrise Commons,400,2024-04-25,,Active
H004894,S000274,Sunrise Commons,216,2024-07-08,2024-09-07,Moved Out
H004895,S005114,Highland Hall,218,2025-06-24,2025-11-08,Moved Out
H004896,S003657,Maple Ridge Hall,464,2025-09-02,,Active
H004897,S005511,Lakeside Terrace,588,2024-07-03,,Active
H004898,S002982,Meadowbrook Hall,192,2025-08-10,,Active
H004899,S000829,Summit House,185,2026-07-31,,Active
H004900,S005775,Riverbend Hall,584,2024-10-26,,Active
H004901,S004633,Bellview Hall,347,2026-03-09,,Active
H004902,S001797,Harborview Hall,463,2026-01-02,,Pending Assignment
H004903,S001986,Harborview Hall,226,2025-09-08,,Active
H004904,S008683,Cedar Crest Hall,277,2026-06-30,,Active
H004905,S000324,Summit House,249,2025-08-01,2025-11-14,Moved Out
H004906,S005793,Willow Creek Hall,325,2025-12-19,,Active
H004907,S009804,Cedar Crest Hall,212,2025-03-10,,Active
H004908,S007855,Birchwood Hall,280,2025-04-12,,Active
H004909,S005261,Highland Hall,218,2024-03-03,,Active
H004910,S000467,Birchwood Hall,317,2025-10-17,,Active
H004911,S003317,Bellview Hall,312,2025-07-27,,Active
H004912,S004393,Willow Creek Hall,327,2024-08-19,,Pending Assignment
H004913,S004848,Harborview Hall,492,2024-05-21,,Active
H004914,S007288,Meadowbrook Hall,228,2026-05-29,,Active
H004915,S001314,Maple Ridge Hall,120,2025-03-11,,Active
H004916,S004935,Harborview Hall,288,2024-05-21,,Active
H004917,S001219,Harborview Hall,484,2025-09-20,,Active
H004918,S005879,Maple Ridge Hall,478,2025-05-07,2025-07-15,Moved Out
H004919,S002297,Riverbend Hall,448,2026-04-15,2026-07-02,Moved Out
H004920,S005030,Summit House,428,2024-07-14,2024-11-12,Moved Out
H004921,S007696,Aspen Court,549,2024-10-02,2025-07-24,Moved Out
H004922,S000327,Summit House,233,2026-05-12,2026-08-20,Moved Out
H004923,S007789,Summit House,462,2025-10-13,,Active
H004924,S005884,Cedar Crest Hall,540,2025-01-10,,Active
H004925,S005776,Birchwood Hall,458,2026-12-17,,Active
H004926,S003419,Lakeside Terrace,375,2026-05-13,,Active
H004927,S001811,Riverbend Hall,227,2025-04-16,2025-08-25,Moved Out
H004928,S003318,Maple Ridge Hall,199,2025-08-02,,Active
H004929,S004743,Aspen Court,440,2023-12-28,,Active
H004930,S004824,Harborview Hall,140,2026-06-28,,Active
H004931,S000922,Aspen Court,582,2026-06-04,2026-08-20,Moved Out
H004932,S007626,Meadowbrook Hall,544,2024-01-22,,Active
H004933,S005425,Maple Ridge Hall,490,2025-07-23,,Active
H004934,S003070,Cedar Crest Hall,454,2023-12-20,2024-09-24,Moved Out
H004935,S004216,Riverbend Hall,509,2025-12-17,,Active
H004936,S009007,Summit House,498,2025-03-25,2026-01-14,Moved Out
H004937,S009399,Willow Creek Hall,396,2023-11-27,2024-05-31,Moved Out
H004938,S001540,Harborview Hall,310,2025-05-24,,Active
H004939,S009904,Sunrise Commons,467,2025-12-03,,Active
H004940,S001994,Willow Creek Hall,466,2025-05-09,,Active
H004941,S007654,Aspen Court,549,2026-03-07,2026-08-20,Moved Out
H004942,S004591,Meadowbrook Hall,109,2024-09-30,,Active
H004943,S003938,Cedar Crest Hall,598,2024-01-09,2024-04-19,Moved Out
H004944,S005568,Bellview Hall,101,2024-05-07,2025-01-18,Moved Out
H004945,S004465,Summit House,562,2024-06-02,,Active
H004946,S007693,Cedar Crest Hall,182,2024-12-03,,Active
H004947,S008054,Sunrise Commons,144,2026-06-20,,Active
H004948,S007313,Lakeside Terrace,315,2026-04-04,2026-06-13,Moved Out
H004949,S008175,Aspen Court,147,2024-01-24,,Active
H004950,S003548,Founders Hall,458,2025-08-09,,Active
H004951,S003147,Maple Ridge Hall,538,2026-08-08,2026-08-20,Moved Out
H004952,S003843,Riverbend Hall,391,2025-02-27,2025-06-26,Moved Out
H004953,S001448,Aspen Court,438,2024-01-31,2024-07-25,Moved Out
H004954,S003306,Lakeside Terrace,303,2025-03-22,2025-05-26,Moved Out
H004955,S008641,Lakeside Terrace,521,2026-02-08,2026-07-27,Moved Out
H004956,S005671,Cedar Crest Hall,447,2025-07-31,,Active
H004957,S009574,Aspen Court,260,2025-08-03,2025-12-20,Moved Out
H004958,S002128,Northgate Hall,453,2023-12-24,2024-06-22,Moved Out
H004959,S001602,Aspen Court,445,2023-10-29,,Active
H004960,S008402,Bellview Hall,427,2025-01-08,,Active
H004961,S007605,Willow Creek Hall,366,2024-02-22,,Active
H004962,S008888,Willow Creek Hall,392,2025-11-25,,Active
H004963,S002682,Summit House,444,2026-04-07,2026-07-27,Moved Out
H004964,S008332,Willow Creek Hall,464,2026-07-20,,Active
H004965,S001320,Bellview Hall,561,2025-12-23,,Active
H004966,S000159,Lakeside Terrace,494,2026-01-11,,Active
H004967,S005396,Sunrise Commons,548,2025-09-30,,Active
H004968,S004024,Riverbend Hall,407,2024-02-04,2024-09-04,Moved Out
H004969,S007993,Riverbend Hall,110,2025-12-21,,Active
H004970,S001671,Highland Hall,511,2023-11-08,,Active
H004971,S009974,Sunrise Commons,178,2025-08-31,,Active
H004972,S004125,Maple Ridge Hall,568,2025-10-20,,Active
H004973,S006717,Willow Creek Hall,315,2025-07-23,,Active
H004974,S006236,Maple Ridge Hall,147,2025-07-02,,Active
H004975,S009339,Meadowbrook Hall,348,2024-12-15,,Pending Assignment
H004976,S003989,Harborview Hall,228,2025-01-13,2025-06-09,Moved Out
H004977,S008393,Bellview Hall,313,2024-08-24,,Active
H004978,S006157,Cedar Crest Hall,207,2026-05-01,,Pending Assignment
H004979,S008155,Sunrise Commons,531,2026-04-06,2026-08-20,Moved Out
H004980,S002272,Sunrise Commons,247,2024-08-22,,Active
H004981,S005219,Aspen Court,220,2023-11-30,2024-06-09,Moved Out
H004982,S009989,Lakeside Terrace,198,2025-09-23,,Active
H004983,S001469,Bellview Hall,364,2024-11-29,2025-06-20,Moved Out
H004984,S000011,Riverbend Hall,192,2025-02-18,,Active
H004985,S005450,Maple Ridge Hall,394,2024-06-17,,Active
H004986,S006735,Bellview Hall,429,2024-08-20,2025-06-08,Moved Out
H004987,S006346,Bellview Hall,497,2024-04-23,2025-01-14,Moved Out
H004988,S003511,Summit House,315,2025-12-31,,Active
H004989,S001778,Willow Creek Hall,266,2025-08-25,,Active
H004990,S009372,Sunrise Commons,414,2023-08-03,2024-02-16,Moved Out
H004991,S009766,Sunrise Commons,105,2024-03-12,,Active
H004992,S008577,Bellview Hall,237,2025-07-18,2026-01-03,Moved Out
H004993,S008258,Summit House,497,2026-08-17,,Active
H004994,S005087,Willow Creek Hall,197,2025-03-23,2025-10-16,Moved Out
H004995,S006702,Summit House,520,2024-09-16,,Active
H004996,S007424,Lakeside Terrace,249,2024-09-15,,Active
H004997,S009568,Riverbend Hall,464,2024-11-18,,Active
H004998,S001524,Maple Ridge Hall,577,2025-10-24,,Pending Assignment
H004999,S005033,Founders Hall,201,2024-03-15,2024-11-30,Moved Out
H005000,S003601,Willow Creek Hall,388,2024-06-12,2025-03-15,Moved Out
H005001,S003876,Northgate Hall,553,2023-09-19,2024-04-09,Moved Out
H005002,S005903,Bellview Hall,292,2024-07-06,,Active
H005003,S006477,Riverbend Hall,399,2026-04-01,2026-08-20,Moved Out
H005004,S004801,Riverbend Hall,261,2024-08-14,,Active
H005005,S005509,Bellview Hall,558,2023-09-20,,Active
H005006,S004334,Cedar Crest Hall,297,2026-05-03,,Active
H005007,S004999,Cedar Crest Hall,272,2024-02-03,,Active
H005008,S005262,Willow Creek Hall,387,2024-06-30,,Active
H005009,S008184,Sunrise Commons,516,2025-10-16,2026-07-11,Moved Out
H005010,S000178,Sunrise Commons,261,2025-01-02,,Active
H005011,S002739,Harborview Hall,101,2023-12-25,2024-10-12,Moved Out
H005012,S009060,Cedar Crest Hall,422,2025-06-21,,Active
H005013,S003161,Sunrise Commons,521,2024-01-09,2024-10-31,Moved Out
H005014,S008893,Sunrise Commons,545,2025-01-07,,Active
H005015,S001921,Maple Ridge Hall,147,2024-06-25,2024-10-19,Moved Out
H005016,S006101,Founders Hall,582,2025-03-18,,Active
H005017,S003568,Lakeside Terrace,514,2025-10-06,2026-02-23,Moved Out
H005018,S000468,Willow Creek Hall,236,2026-02-14,,Active
H005019,S006485,Summit House,388,2025-03-01,,Active
H005020,S008112,Summit House,309,2024-02-05,2024-10-18,Moved Out
H005021,S009455,Lakeside Terrace,136,2024-07-01,,Active
H005022,S004894,Aspen Court,343,2025-03-09,,Pending Assignment
H005023,S007268,Meadowbrook Hall,318,2023-12-27,,Pending Assignment
H005024,S004112,Sunrise Commons,425,2024-01-15,2024-06-04,Moved Out
H005025,S008938,Sunrise Commons,186,2025-05-17,,Active
H005026,S002139,Riverbend Hall,391,2025-09-12,,Active
H005027,S002497,Maple Ridge Hall,135,2026-06-14,,Active
H005028,S003594,Birchwood Hall,271,2023-09-04,2024-01-15,Moved Out
H005029,S000631,Highland Hall,168,2023-08-03,,Active
H005030,S002804,Willow Creek Hall,310,2023-11-12,,Pending Assignment
H005031,S008022,Maple Ridge Hall,396,2025-04-20,,Active
H005032,S004655,Lakeside Terrace,233,2026-09-16,2026-08-20,Moved Out
H005033,S001561,Willow Creek Hall,305,2025-10-14,,Active
H005034,S004168,Lakeside Terrace,448,2025-03-17,,Active
H005035,S003187,Highland Hall,411,2024-02-04,,Active
H005036,S001258,Lakeside Terrace,370,2024-03-13,,Active
H005037,S009138,Bellview Hall,491,2024-12-06,,Active
H005038,S006410,Cedar Crest Hall,428,2025-03-18,,Active
H005039,S000166,Sunrise Commons,288,2025-12-17,,Active
H005040,S005847,Sunrise Commons,358,2025-02-08,,Active
H005041,S008236,Sunrise Commons,307,2024-11-01,,Active
H005042,S001484,Maple Ridge Hall,158,2025-09-06,2026-03-01,Moved Out
H005043,S008473,Founders Hall,572,2026-07-16,2026-08-20,Moved Out
H005044,S001618,Northgate Hall,584,2025-03-28,2025-12-24,Moved Out
H005045,S003580,Summit House,263,2023-11-17,2024-04-27,Moved Out
H005046,S003479,Highland Hall,515,2024-03-02,,Active
H005047,S001785,Highland Hall,503,2024-02-24,,Active
H005048,S007761,Riverbend Hall,568,2024-09-09,,Active
H005049,S000689,Harborview Hall,102,2025-02-25,2025-06-02,Moved Out
H005050,S006925,Birchwood Hall,501,2025-09-26,,Active
H005051,S001206,Bellview Hall,360,2024-11-28,,Active
H005052,S008442,Founders Hall,483,2026-05-07,,Active
H005053,S000975,Lakeside Terrace,213,2025-08-20,,Active
H005054,S002087,Highland Hall,548,2025-07-27,,Active
H005055,S006873,Lakeside Terrace,155,2026-06-22,,Active
H005056,S002872,Lakeside Terrace,482,2024-10-07,,Active
H005057,S000844,Founders Hall,415,2025-03-16,,Active
H005058,S008084,Riverbend Hall,299,2024-02-20,,Active
H005059,S003383,Highland Hall,551,2025-08-18,,Active
H005060,S008337,Cedar Crest Hall,324,2023-11-10,2024-02-08,Moved Out
H005061,S002472,Willow Creek Hall,320,2026-03-16,2026-08-20,Moved Out
H005062,S003853,Meadowbrook Hall,519,2024-09-03,,Active
H005063,S002631,Willow Creek Hall,225,2024-07-31,,Active
H005064,S006303,Willow Creek Hall,175,2025-05-15,,Pending Assignment
H005065,S004590,Cedar Crest Hall,447,2023-10-30,,Active
H005066,S002185,Highland Hall,584,2025-09-23,,Active
H005067,S003267,Founders Hall,356,2024-06-18,2025-01-09,Moved Out
H005068,S000305,Aspen Court,348,2024-02-16,,Active
H005069,S000876,Harborview Hall,410,2025-06-19,,Active
H005070,S001137,Cedar Crest Hall,103,2026-05-25,,Active
H005071,S002755,Highland Hall,489,2025-01-03,2025-08-18,Moved Out
H005072,S007518,Willow Creek Hall,172,2025-08-04,,Pending Assignment
H005073,S006737,Harborview Hall,365,2024-05-26,,Active
H005074,S003401,Cedar Crest Hall,369,2025-01-09,,Active
H005075,S001051,Highland Hall,110,2025-01-22,,Active
H005076,S002385,Sunrise Commons,359,2026-03-26,2026-08-20,Moved Out
H005077,S008165,Northgate Hall,479,2025-10-01,,Active
H005078,S000988,Summit House,377,2024-05-10,,Active
H005079,S000136,Northgate Hall,120,2025-08-11,2025-10-17,Moved Out
H005080,S000014,Aspen Court,234,2026-08-13,2026-08-20,Moved Out
H005081,S007416,Meadowbrook Hall,225,2023-10-15,,Active
H005082,S007376,Harborview Hall,388,2026-07-25,,Active
H005083,S006997,Highland Hall,188,2025-12-11,,Active
H005084,S000262,Cedar Crest Hall,158,2024-11-09,2025-05-31,Moved Out
H005085,S008273,Summit House,190,2024-12-05,,Active
H005086,S008666,Northgate Hall,339,2026-07-13,2026-08-20,Moved Out
H005087,S007986,Founders Hall,185,2025-09-10,2026-04-22,Moved Out
H005088,S002204,Willow Creek Hall,473,2024-03-01,,Active
H005089,S008413,Meadowbrook Hall,344,2024-09-05,2025-01-08,Moved Out
H005090,S009948,Cedar Crest Hall,266,2024-07-25,,Active
H005091,S007412,Bellview Hall,444,2024-07-19,2025-03-08,Moved Out
H005092,S008104,Birchwood Hall,274,2026-06-20,,Pending Assignment
H005093,S002230,Birchwood Hall,378,2023-10-16,2024-02-13,Moved Out
H005094,S005753,Riverbend Hall,505,2024-06-16,,Active
H005095,S003690,Sunrise Commons,295,2025-03-20,,Active
H005096,S006389,Sunrise Commons,451,2026-07-20,,Pending Assignment
H005097,S009741,Bellview Hall,284,2023-11-18,,Active
H005098,S005486,Aspen Court,203,2024-12-09,2025-10-04,Moved Out
H005099,S009179,Harborview Hall,539,2025-07-16,,Active
H005100,S002593,Highland Hall,140,2026-05-05,,Active
H005101,S001491,Summit House,321,2024-06-18,,Active
H005102,S000551,Bellview Hall,568,2025-08-15,,Active
H005103,S006208,Maple Ridge Hall,282,2026-04-29,,Active
H005104,S007737,Birchwood Hall,583,2025-03-24,,Active
H005105,S005641,Sunrise Commons,497,2025-06-14,,Active
H005106,S008289,Cedar Crest Hall,587,2024-01-04,2024-06-06,Moved Out
H005107,S005190,Founders Hall,260,2025-12-15,,Active
H005108,S005230,Harborview Hall,450,2025-04-26,,Active
H005109,S007785,Northgate Hall,348,2026-02-19,2026-04-24,Moved Out
H005110,S002920,Harborview Hall,507,2023-11-13,2024-04-10,Moved Out
H005111,S002867,Founders Hall,422,2024-11-08,,Active
H005112,S002970,Summit House,571,2026-05-01,,Active
H005113,S001097,Northgate Hall,568,2024-06-02,,Active
H005114,S006422,Aspen Court,596,2025-11-15,2026-08-06,Moved Out
H005115,S004729,Founders Hall,243,2026-04-15,,Active
H005116,S007675,Bellview Hall,230,2026-04-20,2026-06-25,Moved Out
H005117,S001183,Bellview Hall,284,2025-02-01,,Pending Assignment
H005118,S005860,Harborview Hall,496,2023-10-09,,Active
H005119,S002387,Maple Ridge Hall,303,2023-11-01,,Active
H005120,S005872,Founders Hall,309,2025-08-10,2025-12-16,Moved Out
H005121,S003563,Highland Hall,455,2025-10-29,,Active
H005122,S003556,Birchwood Hall,324,2024-01-31,,Active
H005123,S006224,Northgate Hall,544,2026-04-23,,Active
H005124,S004879,Sunrise Commons,159,2023-08-10,2024-01-28,Moved Out
H005125,S006929,Aspen Court,125,2026-07-23,,Active
H005126,S004405,Maple Ridge Hall,575,2025-02-14,,Active
H005127,S007625,Bellview Hall,123,2024-10-09,2025-07-22,Moved Out
H005128,S007719,Bellview Hall,469,2025-02-04,,Active
H005129,S008815,Aspen Court,423,2024-04-02,,Active
H005130,S007623,Maple Ridge Hall,384,2025-10-23,,Active
H005131,S003452,Birchwood Hall,469,2024-01-07,2024-03-26,Moved Out
H005132,S004310,Meadowbrook Hall,441,2025-05-29,,Active
H005133,S007599,Maple Ridge Hall,509,2024-07-17,,Active
H005134,S007345,Northgate Hall,426,2025-11-17,2026-02-25,Moved Out
H005135,S007404,Sunrise Commons,258,2026-05-08,2026-07-29,Moved Out
H005136,S004296,Riverbend Hall,500,2025-09-02,,Active
H005137,S001625,Summit House,181,2025-03-21,,Active
H005138,S008210,Meadowbrook Hall,359,2024-01-27,2024-10-10,Moved Out
H005139,S008014,Highland Hall,517,2025-08-03,,Active
H005140,S004058,Lakeside Terrace,187,2025-01-20,2025-05-16,Moved Out
H005141,S009728,Bellview Hall,578,2024-11-14,,Active
H005142,S008753,Summit House,143,2025-01-15,2025-10-05,Moved Out
H005143,S006979,Maple Ridge Hall,114,2025-03-04,,Active
H005144,S004857,Riverbend Hall,495,2026-05-07,,Active
H005145,S009383,Aspen Court,398,2024-01-27,2024-07-01,Moved Out
H005146,S002081,Cedar Crest Hall,340,2025-07-31,,Active
H005147,S007007,Maple Ridge Hall,336,2024-05-20,,Active
H005148,S000070,Highland Hall,558,2025-06-12,,Active
H005149,S000775,Lakeside Terrace,414,2025-10-21,,Pending Assignment
H005150,S007570,Birchwood Hall,486,2024-04-26,2024-10-18,Moved Out
H005151,S008564,Cedar Crest Hall,167,2026-05-15,,Active
H005152,S005223,Sunrise Commons,572,2026-03-30,,Active
H005153,S003316,Founders Hall,233,2023-08-06,,Active
H005154,S004081,Bellview Hall,458,2026-07-14,,Active
H005155,S006203,Bellview Hall,143,2023-10-11,2024-04-14,Moved Out
H005156,S000947,Meadowbrook Hall,198,2024-07-07,,Active
H005157,S000653,Founders Hall,247,2023-11-26,,Active
H005158,S007659,Aspen Court,174,2023-08-02,,Active
H005159,S006674,Maple Ridge Hall,243,2023-12-03,2024-04-29,Moved Out
H005160,S001847,Harborview Hall,259,2023-10-06,,Active
H005161,S009896,Cedar Crest Hall,346,2024-11-21,,Active
H005162,S008034,Sunrise Commons,132,2025-08-25,2026-04-03,Moved Out
H005163,S000207,Lakeside Terrace,162,2023-12-13,2024-08-19,Moved Out
H005164,S004914,Willow Creek Hall,179,2024-01-31,,Active
H005165,S000764,Willow Creek Hall,457,2025-11-20,,Active
H005166,S003320,Cedar Crest Hall,325,2025-07-27,,Pending Assignment
H005167,S004387,Aspen Court,184,2023-11-23,,Active
H005168,S003374,Highland Hall,163,2026-04-06,,Pending Assignment
H005169,S002502,Riverbend Hall,381,2025-05-23,2025-10-03,Moved Out
H005170,S007287,Aspen Court,171,2024-02-09,,Active
H005171,S006888,Founders Hall,197,2026-04-30,,Active
H005172,S001542,Lakeside Terrace,216,2025-09-26,,Active
H005173,S006221,Founders Hall,103,2025-06-22,2025-10-09,Moved Out
H005174,S002379,Highland Hall,146,2023-08-21,,Active
H005175,S000093,Maple Ridge Hall,450,2024-03-08,,Active
H005176,S004198,Sunrise Commons,365,2025-07-21,2025-10-05,Moved Out
H005177,S006771,Lakeside Terrace,221,2025-08-15,2025-11-01,Moved Out
H005178,S000882,Birchwood Hall,534,2024-11-09,,Active
H005179,S007520,Northgate Hall,481,2026-03-03,,Active
H005180,S007256,Maple Ridge Hall,266,2023-08-31,2024-01-18,Moved Out
H005181,S006530,Highland Hall,258,2024-07-23,2024-12-21,Moved Out
H005182,S009020,Meadowbrook Hall,432,2024-09-24,,Active
H005183,S008182,Aspen Court,462,2024-09-23,,Active
H005184,S006086,Meadowbrook Hall,430,2024-07-19,,Active
H005185,S003022,Willow Creek Hall,215,2023-12-02,2024-03-14,Moved Out
H005186,S003635,Cedar Crest Hall,270,2025-05-20,,Active
H005187,S000419,Aspen Court,535,2024-07-12,2024-10-01,Moved Out
H005188,S000421,Lakeside Terrace,224,2024-11-11,2025-02-26,Moved Out
H005189,S001379,Summit House,500,2025-01-22,2025-03-28,Moved Out
H005190,S001111,Willow Creek Hall,222,2026-08-20,2026-08-20,Moved Out
H005191,S002840,Summit House,173,2026-05-15,2026-08-20,Moved Out
H005192,S008955,Harborview Hall,172,2025-05-11,,Active
H005193,S004793,Bellview Hall,532,2025-08-16,,Active
H005194,S000381,Riverbend Hall,465,2025-04-22,,Active
H005195,S007534,Birchwood Hall,324,2026-05-05,,Active
H005196,S009103,Northgate Hall,293,2025-01-10,,Active
H005197,S003059,Birchwood Hall,189,2025-01-21,2025-09-18,Moved Out
H005198,S007291,Northgate Hall,339,2026-05-03,,Active
H005199,S005578,Aspen Court,145,2023-10-03,,Active
H005200,S008371,Harborview Hall,454,2025-09-20,,Active
H005201,S004677,Founders Hall,393,2023-09-19,,Pending Assignment
H005202,S005467,Northgate Hall,532,2023-12-07,2024-08-19,Moved Out
H005203,S005238,Willow Creek Hall,298,2026-06-06,,Active
H005204,S008102,Cedar Crest Hall,228,2026-05-12,2026-07-15,Moved Out
H005205,S009936,Riverbend Hall,523,2025-05-09,,Active
H005206,S009821,Riverbend Hall,269,2024-08-27,,Active
H005207,S004544,Harborview Hall,224,2026-07-02,2026-08-20,Moved Out
H005208,S003450,Lakeside Terrace,318,2025-12-27,,Active
H005209,S005409,Northgate Hall,279,2025-02-05,,Active
H005210,S004735,Bellview Hall,598,2026-12-18,2026-08-20,Moved Out
H005211,S007792,Aspen Court,316,2024-08-25,,Active
H005212,S009314,Willow Creek Hall,147,2023-12-13,2024-07-05,Moved Out
H005213,S009461,Founders Hall,341,2025-05-03,,Pending Assignment
H005214,S008854,Aspen Court,548,2026-02-17,2026-06-29,Moved Out
H005215,S003023,Harborview Hall,179,2025-07-21,,Active
H005216,S002004,Northgate Hall,540,2026-04-30,2026-08-20,Moved Out
H005217,S007658,Lakeside Terrace,272,2024-11-18,,Active
H005218,S004906,Meadowbrook Hall,293,2025-07-09,2025-12-02,Moved Out
H005219,S005904,Willow Creek Hall,302,2025-03-02,2025-12-15,Moved Out
H005220,S001852,Northgate Hall,385,2026-05-04,,Active
H005221,S000321,Meadowbrook Hall,413,2025-11-18,2026-08-20,Moved Out
H005222,S003338,Cedar Crest Hall,309,2023-10-20,2024-06-07,Moved Out
H005223,S008875,Highland Hall,537,2023-09-13,,Active
H005224,S000712,Sunrise Commons,476,2025-10-22,,Pending Assignment
H005225,S009240,Summit House,493,2024-02-09,2024-11-29,Moved Out
H005226,S003295,Lakeside Terrace,599,2024-01-15,,Active
H005227,S005970,Bellview Hall,414,2024-02-21,,Active
H005228,S004744,Summit House,344,2025-08-28,,Active
H005229,S002225,Meadowbrook Hall,534,2023-11-25,,Active
H005230,S003436,Harborview Hall,150,2024-02-06,,Active
H005231,S002602,Harborview Hall,534,2025-03-24,,Active
H005232,S009994,Bellview Hall,492,2023-11-10,,Active
H005233,S005572,Harborview Hall,196,2024-06-24,,Active
H005234,S003248,Aspen Court,549,2026-01-17,,Active
H005235,S007405,Sunrise Commons,475,2026-03-27,,Active
H005236,S002718,Birchwood Hall,505,2025-02-05,2025-10-14,Moved Out
H005237,S005858,Lakeside Terrace,571,2024-12-30,,Active
H005238,S004571,Lakeside Terrace,420,2024-12-19,2025-10-09,Moved Out
H005239,S006565,Summit House,204,2024-05-14,,Pending Assignment
H005240,S008662,Bellview Hall,418,2026-01-18,,Active
H005241,S003959,Maple Ridge Hall,248,2023-09-26,,Active
H005242,S001014,Meadowbrook Hall,518,2025-01-02,,Active
H005243,S003983,Highland Hall,564,2025-12-28,,Active
H005244,S002721,Harborview Hall,311,2026-06-05,,Active
H005245,S005466,Harborview Hall,447,2024-01-10,,Active
H005246,S007449,Willow Creek Hall,486,2025-02-25,,Active
H005247,S003619,Riverbend Hall,596,2026-05-14,,Active
H005248,S009973,Harborview Hall,166,2024-12-03,,Active
H005249,S003444,Sunrise Commons,273,2024-02-23,,Active
H005250,S002526,Willow Creek Hall,454,2023-08-17,,Active
H005251,S007597,Riverbend Hall,138,2025-12-17,,Active
H005252,S007975,Birchwood Hall,207,2024-06-19,2024-11-21,Moved Out
H005253,S005544,Aspen Court,226,2026-06-25,,Active
H005254,S002307,Highland Hall,586,2024-07-30,,Pending Assignment
H005255,S000902,Willow Creek Hall,380,2025-11-14,,Active
H005256,S002096,Founders Hall,430,2026-06-10,,Active
H005257,S002127,Bellview Hall,528,2026-08-09,,Active
H005258,S009601,Maple Ridge Hall,118,2024-10-27,2025-01-12,Moved Out
H005259,S006030,Bellview Hall,159,2023-12-11,,Active
H005260,S004474,Birchwood Hall,437,2024-04-10,2024-09-21,Moved Out
H005261,S009626,Founders Hall,444,2024-03-08,,Active
H005262,S007263,Highland Hall,268,2025-09-16,2026-06-25,Moved Out
H005263,S003968,Meadowbrook Hall,394,2023-10-12,,Active
H005264,S000134,Cedar Crest Hall,460,2023-10-22,2024-08-03,Moved Out
H005265,S008794,Riverbend Hall,532,2025-02-10,2025-04-22,Moved Out
H005266,S002657,Maple Ridge Hall,338,2025-03-12,2025-12-09,Moved Out
H005267,S002443,Riverbend Hall,328,2026-08-05,2026-08-20,Moved Out
H005268,S005694,Cedar Crest Hall,483,2025-05-02,,Active
H005269,S000443,Maple Ridge Hall,242,2025-09-27,2026-07-08,Moved Out
H005270,S006385,Bellview Hall,330,2026-12-31,,Active
H005271,S009755,Northgate Hall,449,2026-06-09,2026-08-20,Moved Out
H005272,S003026,Sunrise Commons,358,2026-03-21,2026-07-13,Moved Out
H005273,S000380,Maple Ridge Hall,362,2025-05-28,,Active
H005274,S000286,Willow Creek Hall,392,2025-08-17,2026-02-15,Moved Out
H005275,S000429,Northgate Hall,320,2024-10-19,,Active
H005276,S006357,Sunrise Commons,445,2025-05-24,,Active
H005277,S009413,Cedar Crest Hall,249,2025-08-21,,Active
H005278,S003157,Riverbend Hall,484,2024-07-21,2024-09-28,Moved Out
H005279,S005347,Harborview Hall,578,2025-09-28,,Active
H005280,S007215,Founders Hall,579,2023-12-29,,Active
H005281,S008036,Harborview Hall,308,2025-07-28,,Pending Assignment
H005282,S004932,Highland Hall,480,2023-10-06,,Active
H005283,S003093,Lakeside Terrace,204,2023-09-19,,Active
H005284,S008411,Cedar Crest Hall,223,2026-08-15,,Active
H005285,S009819,Aspen Court,366,2024-07-12,,Active
H005286,S002595,Meadowbrook Hall,283,2025-12-14,,Active
H005287,S008591,Summit House,412,2025-04-22,2026-01-21,Moved Out
H005288,S000164,Willow Creek Hall,120,2026-03-15,,Active
H005289,S004625,Maple Ridge Hall,226,2025-06-10,,Active
H005290,S002617,Founders Hall,287,2025-12-11,2026-05-25,Moved Out
H005291,S005669,Willow Creek Hall,420,2026-03-12,,Active
H005292,S008782,Highland Hall,589,2024-03-17,,Active
H005293,S005557,Willow Creek Hall,436,2024-10-03,,Active
H005294,S007535,Maple Ridge Hall,506,2026-04-22,2026-08-20,Moved Out
H005295,S003310,Riverbend Hall,300,2024-02-25,2024-05-21,Moved Out
H005296,S005828,Lakeside Terrace,370,2024-03-11,,Active
H005297,S009998,Highland Hall,593,2024-08-18,2025-03-13,Moved Out
H005298,S008418,Sunrise Commons,303,2026-03-21,2026-08-04,Moved Out
H005299,S004933,Highland Hall,149,2024-06-24,,Active
H005300,S005010,Founders Hall,482,2024-10-26,,Active
H005301,S005051,Meadowbrook Hall,546,2025-07-25,2026-01-12,Moved Out
H005302,S006552,Cedar Crest Hall,379,2026-07-04,2026-08-20,Moved Out
H005303,S004145,Sunrise Commons,512,2023-11-29,,Active
H005304,S007323,Birchwood Hall,371,2024-02-24,,Active
H005305,S004740,Sunrise Commons,274,2024-10-12,,Active
H005306,S001714,Cedar Crest Hall,107,2025-02-05,2025-11-27,Moved Out
H005307,S005996,Cedar Crest Hall,541,2026-04-19,,Active
H005308,S005284,Birchwood Hall,247,2025-12-20,2026-08-20,Moved Out
H005309,S003359,Highland Hall,350,2025-03-31,,Active
H005310,S002068,Willow Creek Hall,128,2025-10-26,,Active
H005311,S007740,Cedar Crest Hall,516,2024-03-28,2025-01-18,Moved Out
H005312,S002558,Summit House,112,2025-09-26,,Active
H005313,S007336,Harborview Hall,340,2023-12-18,,Active
H005314,S008585,Riverbend Hall,396,2024-03-05,,Active
H005315,S004612,Highland Hall,494,2026-07-13,2026-08-20,Moved Out
H005316,S007884,Meadowbrook Hall,196,2026-05-01,,Active
H005317,S008952,Willow Creek Hall,417,2024-11-22,2025-08-18,Moved Out
H005318,S003679,Highland Hall,556,2024-09-09,,Active
H005319,S009448,Aspen Court,523,2024-08-01,2025-04-02,Moved Out
H005320,S003307,Meadowbrook Hall,269,2023-09-06,,Active
H005321,S002860,Summit House,421,2024-09-20,,Pending Assignment
H005322,S000424,Bellview Hall,409,2026-08-12,,Active
H005323,S005750,Highland Hall,582,2024-06-19,2024-12-21,Moved Out
H005324,S009225,Meadowbrook Hall,239,2024-11-26,,Active
H005325,S000376,Summit House,466,2023-08-11,,Active
H005326,S002353,Founders Hall,509,2024-11-28,2025-05-27,Moved Out
H005327,S002930,Meadowbrook Hall,348,2024-10-24,,Active
H005328,S003536,Founders Hall,273,2026-05-20,,Active
H005329,S006884,Maple Ridge Hall,383,2024-04-28,,Active
H005330,S006216,Birchwood Hall,593,2025-05-15,,Active
H005331,S002624,Northgate Hall,123,2025-09-04,,Active
H005332,S007804,Maple Ridge Hall,446,2026-05-13,,Active
H005333,S001171,Summit House,564,2026-04-29,,Active
H005334,S009657,Riverbend Hall,456,2024-04-13,,Active
H005335,S008182,Riverbend Hall,433,2025-01-24,,Active
H005336,S006958,Founders Hall,246,2024-01-15,,Active
H005337,S008737,Summit House,437,2024-12-25,,Active
H005338,S001002,Aspen Court,339,2024-06-23,,Pending Assignment
H005339,S001422,Aspen Court,403,2025-04-06,,Active
H005340,S007143,Meadowbrook Hall,570,2025-05-25,,Active
H005341,S001128,Willow Creek Hall,506,2026-03-11,,Active
H005342,S008051,Aspen Court,335,2024-04-26,2024-11-12,Moved Out
H005343,S005758,Meadowbrook Hall,484,2024-06-17,,Active
H005344,S006834,Aspen Court,569,2026-05-26,,Pending Assignment
H005345,S007854,Sunrise Commons,512,2025-12-25,,Active
H005346,S005577,Sunrise Commons,475,2026-08-06,2026-08-20,Moved Out
H005347,S000523,Northgate Hall,485,2026-07-02,,Active
H005348,S009801,Meadowbrook Hall,302,2024-10-09,,Active
H005349,S008644,Cedar Crest Hall,205,2024-03-06,,Active
H005350,S009185,Lakeside Terrace,160,2024-12-27,,Active
H005351,S006476,Cedar Crest Hall,119,2023-09-23,2024-03-12,Moved Out
H005352,S001905,Cedar Crest Hall,299,2024-08-08,,Active
H005353,S002384,Meadowbrook Hall,134,2026-05-23,,Active
H005354,S002619,Summit House,580,2024-07-02,2024-10-06,Moved Out
H005355,S009767,Riverbend Hall,539,2023-09-06,,Active
H005356,S009652,Meadowbrook Hall,355,2024-02-19,2024-05-11,Moved Out
H005357,S002325,Birchwood Hall,253,2024-08-07,,Pending Assignment
H005358,S003969,Highland Hall,446,2024-05-28,,Active
H005359,S005128,Sunrise Commons,362,2024-12-28,,Active
H005360,S003182,Summit House,245,2023-12-01,,Active
H005361,S003287,Sunrise Commons,317,2024-05-22,,Pending Assignment
H005362,S004806,Meadowbrook Hall,266,2026-06-20,2026-08-20,Moved Out
H005363,S003168,Aspen Court,321,2025-07-29,,Active
H005364,S006664,Founders Hall,438,2023-11-27,,Active
H005365,S002052,Maple Ridge Hall,475,2025-06-02,,Active
H005366,S002077,Cedar Crest Hall,509,2025-04-05,2025-11-17,Moved Out
H005367,S004970,Sunrise Commons,537,2024-10-17,2025-04-28,Moved Out
H005368,S007711,Sunrise Commons,170,2026-05-30,,Active
H005369,S007947,Willow Creek Hall,367,2024-03-20,,Active
H005370,S001677,Lakeside Terrace,115,2026-07-05,,Active
H005371,S003895,Highland Hall,579,2025-06-13,2025-12-14,Moved Out
H005372,S009674,Riverbend Hall,106,2026-01-05,,Active
H005373,S004371,Summit House,265,2026-02-20,,Active
H005374,S009091,Harborview Hall,462,2024-04-16,2024-12-04,Moved Out
H005375,S004045,Bellview Hall,513,2026-04-01,,Active
H005376,S001665,Summit House,348,2024-12-10,,Active
H005377,S009049,Harborview Hall,100,2026-04-16,,Active
H005378,S000147,Willow Creek Hall,139,2025-01-19,,Active
H005379,S008361,Founders Hall,463,2024-01-11,,Active
H005380,S004496,Harborview Hall,108,2025-12-29,,Active
H005381,S002003,Northgate Hall,529,2024-08-17,,Active
H005382,S002717,Riverbend Hall,312,2025-08-22,2025-12-01,Moved Out
H005383,S009692,Willow Creek Hall,193,2024-08-23,2025-02-11,Moved Out
H005384,S005763,Highland Hall,283,2025-04-01,,Active
H005385,S002205,Cedar Crest Hall,497,2024-09-10,,Active
H005386,S004923,Meadowbrook Hall,450,2024-03-31,,Active
H005387,S008256,Aspen Court,355,2025-01-12,,Active
H005388,S002210,Birchwood Hall,132,2025-12-19,2026-08-20,Moved Out
H005389,S007659,Bellview Hall,283,2024-01-26,,Active
H005390,S003348,Willow Creek Hall,173,2024-04-07,2024-06-18,Moved Out
H005391,S004147,Birchwood Hall,508,2025-11-08,2026-07-25,Moved Out
H005392,S001326,Northgate Hall,308,2023-09-09,,Pending Assignment
H005393,S004065,Birchwood Hall,415,2025-04-23,,Active
H005394,S006819,Highland Hall,335,2023-09-05,2024-03-04,Moved Out
H005395,S001624,Harborview Hall,436,2026-05-17,,Active
H005396,S001383,Cedar Crest Hall,594,2025-09-10,,Active
H005397,S000670,Northgate Hall,444,2026-03-25,,Active
H005398,S009155,Summit House,526,2024-01-08,2024-03-18,Moved Out
H005399,S007910,Meadowbrook Hall,350,2025-10-31,,Active
H005400,S007876,Harborview Hall,447,2024-11-05,,Active
H005401,S009160,Summit House,464,2026-08-15,2026-08-20,Moved Out
H005402,S006240,Summit House,192,2025-01-14,,Active
H005403,S000163,Willow Creek Hall,319,2025-06-03,,Active
H005404,S002698,Summit House,507,2025-06-24,,Pending Assignment
H005405,S007425,Lakeside Terrace,133,2025-12-16,,Active
H005406,S000191,Cedar Crest Hall,238,2024-05-25,,Active
H005407,S001127,Highland Hall,554,2024-05-21,,Active
H005408,S001585,Highland Hall,384,2024-05-21,,Active
H005409,S008581,Riverbend Hall,354,2025-02-03,,Active
H005410,S005112,Harborview Hall,503,2024-10-14,2025-07-11,Moved Out
H005411,S004653,Summit House,293,2024-09-27,,Active
H005412,S001411,Maple Ridge Hall,160,2023-08-18,,Active
H005413,S002271,Willow Creek Hall,344,2023-10-01,,Active
H005414,S008571,Founders Hall,112,2025-01-23,,Active
H005415,S007539,Cedar Crest Hall,430,2024-05-09,,Active
H005416,S007008,Cedar Crest Hall,163,2023-10-18,2024-01-18,Moved Out
H005417,S003064,Maple Ridge Hall,101,2026-02-01,,Active
H005418,S004260,Maple Ridge Hall,112,2026-07-24,,Active
H005419,S000440,Northgate Hall,393,2026-05-01,2026-08-20,Moved Out
H005420,S004199,Bellview Hall,485,2027-01-25,,Active
H005421,S003936,Riverbend Hall,254,2025-12-01,2026-07-20,Moved Out
H005422,S007839,Sunrise Commons,182,2025-12-10,,Active
H005423,S000036,Birchwood Hall,199,2024-10-01,,Active
H005424,S009271,Lakeside Terrace,255,2025-03-19,,Active
H005425,S009985,Willow Creek Hall,241,2024-10-20,,Active
H005426,S009265,Harborview Hall,414,2024-10-27,,Active
H005427,S002290,Aspen Court,475,2026-06-13,2026-08-20,Moved Out
H005428,S000482,Riverbend Hall,243,2025-01-05,,Active
H005429,S002198,Aspen Court,437,2024-07-16,,Active
H005430,S007383,Aspen Court,193,2024-09-16,,Active
H005431,S003796,Highland Hall,463,2025-02-11,,Active
H005432,S007443,Meadowbrook Hall,482,2023-09-30,,Active
H005433,S004220,Willow Creek Hall,421,2025-06-09,,Active
H005434,S002166,Sunrise Commons,424,2024-11-16,,Active
H005435,S009221,Highland Hall,509,2024-08-01,2025-02-21,Moved Out
H005436,S002516,Lakeside Terrace,392,2024-12-06,,Active
H005437,S005178,Lakeside Terrace,331,2024-05-25,,Active
H005438,S006880,Sunrise Commons,562,2023-09-01,,Active
H005439,S009400,Bellview Hall,142,2024-03-21,,Active
H005440,S003979,Founders Hall,367,2025-07-07,2025-09-14,Moved Out
H005441,S006972,Meadowbrook Hall,451,2024-10-20,,Active
H005442,S005819,Founders Hall,469,2025-06-03,,Pending Assignment
H005443,S008088,Aspen Court,185,2026-08-18,,Active
H005444,S007581,Bellview Hall,241,2023-12-23,,Active
H005445,S002226,Bellview Hall,548,2026-04-03,,Active
H005446,S004661,Founders Hall,492,2024-04-26,,Active
H005447,S006245,Meadowbrook Hall,263,2026-04-23,,Active
H005448,S005529,Birchwood Hall,159,2023-11-04,,Active
H005449,S002650,Riverbend Hall,558,2024-03-10,2024-05-28,Moved Out
H005450,S003457,Aspen Court,371,2024-06-03,,Pending Assignment
H005451,S005430,Maple Ridge Hall,589,2023-09-14,,Active
H005452,S004695,Maple Ridge Hall,113,2023-09-06,2024-06-14,Moved Out
H005453,S009791,Northgate Hall,478,2026-04-26,,Active
H005454,S005027,Highland Hall,115,2025-08-20,,Active
H005455,S007886,Aspen Court,147,2024-01-02,2024-03-28,Moved Out
H005456,S000768,Cedar Crest Hall,325,2023-12-10,2024-08-24,Moved Out
H005457,S009711,Founders Hall,280,2024-05-11,,Active
H005458,S004984,Highland Hall,319,2024-03-21,,Active
H005459,S006403,Northgate Hall,507,2025-01-03,,Active
H005460,S002501,Harborview Hall,558,2025-11-21,,Active
H005461,S000109,Northgate Hall,282,2025-07-07,,Active
H005462,S003654,Maple Ridge Hall,116,2025-02-24,,Active
H005463,S006995,Birchwood Hall,577,2023-12-25,2024-09-29,Moved Out
H005464,S009311,Lakeside Terrace,442,2026-08-19,,Active
H005465,S002397,Lakeside Terrace,101,2026-03-04,,Active
H005466,S008933,Birchwood Hall,339,2026-04-18,,Active
H005467,S000433,Cedar Crest Hall,349,2023-12-24,,Active
H005468,S000825,Willow Creek Hall,196,2026-04-07,2026-07-22,Moved Out
H005469,S004750,Riverbend Hall,128,2026-02-02,2026-08-20,Moved Out
H005470,S001496,Summit House,513,2026-04-30,,Active
H005471,S005693,Aspen Court,485,2024-07-02,,Active
H005472,S008824,Sunrise Commons,286,2023-09-01,,Active
H005473,S008216,Birchwood Hall,161,2023-12-26,,Active
H005474,S000049,Meadowbrook Hall,350,2024-04-12,2024-11-02,Moved Out
H005475,S009577,Bellview Hall,590,2025-07-03,2026-02-06,Moved Out
H005476,S000776,Bellview Hall,278,2024-05-10,,Active
H005477,S007896,Maple Ridge Hall,111,2025-04-14,,Active
H005478,S006724,Highland Hall,487,2026-08-04,2026-08-20,Moved Out
H005479,S009607,Founders Hall,181,2023-12-17,,Active
H005480,S002041,Northgate Hall,316,2024-12-25,,Active
H005481,S006982,Harborview Hall,297,2024-12-28,,Active
H005482,S003978,Highland Hall,525,2026-06-26,,Active
H005483,S005640,Sunrise Commons,522,2023-09-11,,Active
H005484,S003361,Highland Hall,121,2024-03-29,2024-09-19,Moved Out
H005485,S005002,Harborview Hall,368,2025-01-24,,Active
H005486,S000621,Highland Hall,242,2025-09-15,,Active
H005487,S009739,Founders Hall,353,2025-07-17,2025-12-14,Moved Out
H005488,S001332,Maple Ridge Hall,329,2024-03-21,,Active
H005489,S007827,Sunrise Commons,301,2025-09-14,,Active
H005490,S006306,Harborview Hall,282,2023-11-27,2024-03-30,Moved Out
H005491,S002491,Lakeside Terrace,411,2024-03-13,,Active
H005492,S001331,Aspen Court,571,2024-10-02,,Active
H005493,S007867,Riverbend Hall,244,2026-03-28,2026-05-29,Moved Out
H005494,S008588,Maple Ridge Hall,216,2026-08-06,,Active
H005495,S002453,Lakeside Terrace,529,2025-04-10,,Active
H005496,S001006,Birchwood Hall,333,2023-11-24,,Active
H005497,S005816,Cedar Crest Hall,365,2026-03-25,2026-08-20,Moved Out
H005498,S001512,Northgate Hall,544,2024-07-31,,Active
H005499,S006854,Summit House,191,2025-07-06,,Active
H005500,S002504,Highland Hall,585,2025-01-20,,Active
H005501,S006232,Maple Ridge Hall,102,2023-08-22,,Active
H005502,S005221,Maple Ridge Hall,163,2026-07-15,,Active
H005503,S003852,Riverbend Hall,592,2024-09-14,2025-02-20,Moved Out
H005504,S006190,Maple Ridge Hall,108,2026-02-24,,Pending Assignment
H005505,S007757,Aspen Court,230,2025-09-11,,Active
H005506,S000677,Founders Hall,204,2024-07-15,,Active
H005507,S005691,Harborview Hall,547,2025-06-21,2026-04-09,Moved Out
H005508,S004833,Meadowbrook Hall,229,2025-07-05,2026-01-16,Moved Out
H005509,S002235,Sunrise Commons,326,2024-05-10,,Active
H005510,S007568,Founders Hall,528,2023-10-17,,Active
H005511,S007106,Willow Creek Hall,447,2024-07-22,,Active
H005512,S008649,Aspen Court,211,2023-12-31,2024-10-25,Moved Out
H005513,S001863,Sunrise Commons,229,2024-04-19,,Active
H005514,S003803,Aspen Court,485,2025-11-24,2026-05-05,Moved Out
H005515,S003932,Lakeside Terrace,431,2026-05-22,,Active
H005516,S004297,Lakeside Terrace,482,2024-06-22,,Active
H005517,S007584,Summit House,319,2024-07-03,2024-12-08,Moved Out
H005518,S008492,Bellview Hall,193,2025-11-29,,Active
H005519,S008883,Summit House,209,2025-03-19,,Active
H005520,S000321,Summit House,528,2026-05-22,2026-08-20,Moved Out
H005521,S006196,Northgate Hall,422,2026-01-10,2026-06-16,Moved Out
H005522,S002791,Birchwood Hall,581,2024-09-29,2025-06-29,Moved Out
H005523,S000196,Riverbend Hall,114,2023-09-14,,Active
H005524,S007479,Summit House,217,2025-12-20,2026-07-28,Moved Out
H005525,S001024,Meadowbrook Hall,387,2024-08-10,2025-01-06,Moved Out
H005526,S000463,Lakeside Terrace,486,2025-02-16,2025-05-13,Moved Out
H005527,S001606,Maple Ridge Hall,303,2026-03-25,,Active
H005528,S006286,Riverbend Hall,376,2025-03-19,,Active
H005529,S003537,Meadowbrook Hall,496,2026-01-19,2026-08-20,Moved Out
H005530,S005491,Cedar Crest Hall,307,2025-03-21,,Active
H005531,S007826,Lakeside Terrace,271,2025-10-22,,Active
H005532,S004881,Sunrise Commons,409,2024-04-08,,Active
H005533,S009126,Highland Hall,138,2024-01-26,,Active
H005534,S000692,Sunrise Commons,469,2025-01-02,,Active
H005535,S006084,Aspen Court,546,2025-11-05,,Active
H005536,S006992,Riverbend Hall,430,2023-10-02,,Active
H005537,S006617,Aspen Court,367,2024-02-01,,Active
H005538,S000842,Birchwood Hall,251,2024-12-19,2025-05-07,Moved Out
H005539,S005890,Meadowbrook Hall,396,2025-05-05,,Active
H005540,S005792,Birchwood Hall,468,2023-12-26,,Active
H005541,S001431,Cedar Crest Hall,125,2024-07-23,,Active
H005542,S003659,Bellview Hall,523,2026-06-06,2026-08-20,Moved Out
H005543,S002905,Meadowbrook Hall,456,2025-12-09,,Active
H005544,S004222,Aspen Court,179,2023-08-24,2024-01-29,Moved Out
H005545,S006001,Summit House,523,2026-12-03,2026-08-20,Moved Out
H005546,S000995,Maple Ridge Hall,539,2026-04-10,,Active
H005547,S002492,Lakeside Terrace,115,2025-05-15,,Active
H005548,S004608,Bellview Hall,301,2026-03-20,2026-08-20,Moved Out
H005549,S001145,Northgate Hall,231,2025-12-25,,Active
H005550,S009298,Sunrise Commons,229,2026-01-19,2026-08-20,Moved Out
H005551,S007302,Sunrise Commons,514,2026-08-06,,Active
H005552,S001952,Lakeside Terrace,496,2023-12-11,,Active
H005553,S009950,Birchwood Hall,391,2025-02-28,2025-07-12,Moved Out
H005554,S006277,Northgate Hall,318,2024-12-23,,Active
H005555,S004559,Cedar Crest Hall,442,2025-09-01,,Active
H005556,S008027,Meadowbrook Hall,309,2025-02-10,,Active
H005557,S001978,Birchwood Hall,507,2025-07-15,2026-01-30,Moved Out
H005558,S004726,Harborview Hall,236,2024-05-01,,Pending Assignment
H005559,S006347,Northgate Hall,321,2024-01-27,,Active
H005560,S002950,Meadowbrook Hall,257,2025-11-10,,Active
H005561,S009278,Cedar Crest Hall,530,2026-04-06,,Active
H005562,S007392,Riverbend Hall,336,2025-06-16,2025-08-17,Moved Out
H005563,S007292,Sunrise Commons,286,2025-12-28,,Active
H005564,S001979,Highland Hall,331,2025-04-21,,Active
H005565,S000314,Harborview Hall,546,2025-10-29,,Active
H005566,S002510,Willow Creek Hall,475,2026-02-20,,Active
H005567,S003964,Willow Creek Hall,347,2025-04-13,,Active
H005568,S008235,Maple Ridge Hall,552,2025-02-18,,Active
H005569,S007121,Summit House,481,2025-06-17,,Active
H005570,S002512,Northgate Hall,254,2024-07-11,2024-10-18,Moved Out
H005571,S002948,Lakeside Terrace,245,2025-02-26,,Active
H005572,S009055,Summit House,404,2025-07-10,,Active
H005573,S005869,Harborview Hall,300,2024-01-02,2024-06-21,Moved Out
H005574,S007501,Aspen Court,513,2024-01-01,2024-09-27,Moved Out
H005575,S004158,Founders Hall,469,2026-06-27,2026-08-20,Moved Out
H005576,S002917,Highland Hall,416,2025-10-06,,Active
H005577,S009514,Lakeside Terrace,466,2023-11-11,,Active
H005578,S006850,Aspen Court,481,2025-07-11,,Active
H005579,S009453,Summit House,362,2025-05-30,,Active
H005580,S003726,Meadowbrook Hall,588,2025-05-30,,Active
H005581,S000505,Lakeside Terrace,371,2025-08-14,2026-03-20,Moved Out
H005582,S004202,Harborview Hall,173,2025-06-21,,Pending Assignment
H005583,S000129,Lakeside Terrace,227,2024-08-29,2025-02-24,Moved Out
H005584,S002366,Harborview Hall,464,2024-06-18,,Active
H005585,S009251,Birchwood Hall,179,2023-10-30,2024-02-02,Moved Out
H005586,S005371,Lakeside Terrace,484,2025-01-17,,Active
H005587,S007304,Birchwood Hall,318,2024-08-25,,Active
H005588,S005161,Bellview Hall,300,2023-12-12,,Active
H005589,S001600,Cedar Crest Hall,441,2025-04-18,,Active
H005590,S004786,Harborview Hall,254,2026-02-09,2026-05-16,Moved Out
H005591,S004623,Lakeside Terrace,443,2024-10-05,2025-03-18,Moved Out
H005592,S001903,Northgate Hall,393,2025-02-17,2025-09-08,Moved Out
H005593,S004603,Northgate Hall,597,2024-10-14,2025-08-03,Moved Out
H005594,S003077,Bellview Hall,392,2024-06-28,,Active
H005595,S007039,Sunrise Commons,241,2025-05-14,,Active
H005596,S004311,Willow Creek Hall,231,2025-10-20,2026-04-09,Moved Out
H005597,S006750,Northgate Hall,416,2026-04-08,2026-06-30,Moved Out
H005598,S000679,Riverbend Hall,532,2026-05-02,2026-08-20,Moved Out
H005599,S008586,Birchwood Hall,178,2024-05-17,2024-11-24,Moved Out
H005600,S002688,Willow Creek Hall,292,2026-05-04,2026-08-20,Moved Out
H005601,S009993,Meadowbrook Hall,296,2026-05-27,,Active
H005602,S004860,Lakeside Terrace,378,2024-05-03,,Active
H005603,S000137,Sunrise Commons,219,2025-01-30,,Active
H005604,S005353,Highland Hall,206,2024-08-08,2024-11-27,Moved Out
H005605,S009572,Meadowbrook Hall,331,2024-01-26,,Active
H005606,S009532,Aspen Court,180,2025-03-01,,Active
H005607,S006244,Meadowbrook Hall,496,2023-08-27,,Active
H005608,S007549,Founders Hall,593,2024-01-07,,Active
H005609,S001825,Highland Hall,178,2025-11-27,,Active
H005610,S005945,Northgate Hall,385,2025-04-30,,Active
H005611,S006512,Birchwood Hall,201,2024-05-12,2024-10-08,Moved Out
H005612,S004738,Founders Hall,499,2026-07-22,,Active
H005613,S003894,Sunrise Commons,454,2025-09-18,2026-01-16,Moved Out
H005614,S001194,Founders Hall,277,2026-01-07,2026-04-24,Moved Out
H005615,S003744,Sunrise Commons,214,2024-09-27,2025-03-27,Moved Out
H005616,S004025,Meadowbrook Hall,178,2024-09-20,,Active
H005617,S004435,Lakeside Terrace,386,2025-07-27,,Active
H005618,S007879,Bellview Hall,162,2025-06-11,,Active
H005619,S000250,Harborview Hall,491,2024-11-11,,Active
H005620,S003730,Northgate Hall,483,2024-09-10,2025-05-26,Moved Out
H005621,S002007,Lakeside Terrace,225,2024-04-14,,Active
H005622,S009466,Maple Ridge Hall,390,2024-04-02,,Active
H005623,S003282,Riverbend Hall,567,2024-11-18,,Pending Assignment
H005624,S009691,Northgate Hall,533,2026-06-02,,Active
H005625,S007889,Willow Creek Hall,411,2024-02-07,,Active
H005626,S001930,Lakeside Terrace,266,2024-07-15,2024-12-28,Moved Out
H005627,S004533,Northgate Hall,520,2026-04-05,,Active
H005628,S001800,Lakeside Terrace,150,2024-07-12,,Active
H005629,S001390,Lakeside Terrace,336,2025-12-25,,Active
H005630,S006100,Founders Hall,270,2024-12-12,2025-06-25,Moved Out
H005631,S005580,Founders Hall,471,2026-04-27,,Active
H005632,S002714,Maple Ridge Hall,510,2024-06-13,,Active
H005633,S009646,Meadowbrook Hall,412,2024-09-09,,Active
H005634,S009350,Highland Hall,237,2026-07-05,,Active
H005635,S006371,Aspen Court,206,2026-05-27,2026-08-20,Moved Out
H005636,S000104,Northgate Hall,286,2024-08-15,,Active
H005637,S000133,Summit House,184,2023-09-26,2024-05-16,Moved Out
H005638,S006279,Summit House,458,2026-03-30,,Active
H005639,S002370,Aspen Court,252,2026-05-02,2026-08-17,Moved Out
H005640,S004268,Meadowbrook Hall,175,2024-04-01,,Active
H005641,S005454,Summit House,185,2025-04-20,,Active
H005642,S001357,Sunrise Commons,575,2024-12-02,,Active
H005643,S001442,Founders Hall,325,2025-04-17,2025-09-28,Moved Out
H005644,S005971,Cedar Crest Hall,189,2023-11-14,2024-09-09,Moved Out
H005645,S000159,Harborview Hall,194,2025-07-29,,Active
H005646,S004607,Summit House,572,2025-04-01,,Active
H005647,S009381,Aspen Court,204,2025-08-19,2025-12-16,Moved Out
H005648,S000690,Highland Hall,118,2024-12-30,,Active
H005649,S009426,Harborview Hall,556,2026-01-17,2026-04-24,Moved Out
H005650,S005661,Highland Hall,488,2026-05-19,2026-08-20,Moved Out
H005651,S001487,Meadowbrook Hall,586,2026-02-02,2026-04-03,Moved Out
H005652,S008944,Cedar Crest Hall,455,2024-09-07,2025-04-25,Moved Out
H005653,S001746,Harborview Hall,204,2025-06-23,,Active
H005654,S007467,Summit House,559,2025-11-16,2026-06-14,Moved Out
H005655,S006611,Sunrise Commons,320,2025-02-25,2025-09-03,Moved Out
H005656,S009089,Riverbend Hall,428,2024-04-16,2024-12-02,Moved Out
H005657,S007116,Meadowbrook Hall,133,2024-06-20,2025-01-07,Moved Out
H005658,S006808,Riverbend Hall,414,2026-03-29,,Active
H005659,S008626,Riverbend Hall,465,2026-02-20,2026-04-26,Moved Out
H005660,S003416,Birchwood Hall,518,2024-04-10,,Active
H005661,S003908,Meadowbrook Hall,433,2025-01-28,,Active
H005662,S002832,Aspen Court,299,2026-04-05,,Active
H005663,S000155,Birchwood Hall,358,2024-09-26,2025-04-02,Moved Out
H005664,S008765,Highland Hall,291,2025-12-10,2026-02-11,Moved Out
H005665,S002732,Aspen Court,341,2024-05-11,,Active
H005666,S007973,Summit House,588,2026-06-03,2026-08-20,Moved Out
H005667,S002859,Lakeside Terrace,288,2025-09-16,,Active
H005668,S002454,Northgate Hall,450,2025-06-08,2025-10-11,Moved Out
H005669,S005550,Willow Creek Hall,130,2024-02-18,,Active
H005670,S007200,Highland Hall,507,2024-12-08,,Active
H005671,S008246,Lakeside Terrace,243,2026-08-17,,Active
H005672,S000888,Willow Creek Hall,107,2024-03-24,,Active
H005673,S007010,Bellview Hall,350,2026-02-15,,Active
H005674,S000778,Summit House,141,2025-12-07,,Pending Assignment
H005675,S007771,Harborview Hall,438,2026-02-23,,Pending Assignment
H005676,S001735,Riverbend Hall,187,2026-11-02,,Active
H005677,S003829,Maple Ridge Hall,413,2026-02-10,,Active
H005678,S006646,Birchwood Hall,539,2025-04-04,,Active
H005679,S002529,Sunrise Commons,217,2024-08-07,2025-01-01,Moved Out
H005680,S003425,Sunrise Commons,380,2026-08-15,,Active
H005681,S000333,Founders Hall,449,2025-01-17,,Active
H005682,S005709,Willow Creek Hall,391,2026-03-09,,Active
H005683,S005464,Maple Ridge Hall,366,2025-06-06,,Active
H005684,S000100,Harborview Hall,150,2024-06-14,,Active
H005685,S005886,Birchwood Hall,373,2024-04-16,2024-08-23,Moved Out
H005686,S005935,Riverbend Hall,492,2025-06-11,,Active
H005687,S003456,Founders Hall,134,2024-10-18,,Active
H005688,S009108,Aspen Court,101,2024-11-19,,Active
H005689,S009076,Founders Hall,295,2026-05-10,2026-08-20,Moved Out
H005690,S009640,Harborview Hall,431,2025-11-05,,Active
H005691,S000514,Meadowbrook Hall,193,2023-08-07,,Active
H005692,S008711,Harborview Hall,338,2024-07-20,,Active
H005693,S006081,Bellview Hall,340,2024-10-15,,Active
H005694,S003760,Highland Hall,182,2024-06-30,,Active
H005695,S004493,Birchwood Hall,516,2025-01-03,,Active
H005696,S003302,Summit House,546,2025-02-13,2025-11-28,Moved Out
H005697,S006984,Maple Ridge Hall,187,2023-10-27,2024-02-25,Moved Out
H005698,S009006,Birchwood Hall,518,2026-04-04,,Active
H005699,S001447,Northgate Hall,286,2026-05-19,,Active
H005700,S008321,Harborview Hall,274,2024-10-19,,Pending Assignment
H005701,S006871,Sunrise Commons,358,2023-08-09,,Active
H005702,S003620,Willow Creek Hall,458,2026-06-21,2026-08-20,Moved Out
H005703,S008111,Bellview Hall,148,2025-10-22,,Active
H005704,S000020,Harborview Hall,390,2023-11-13,,Active
H005705,S004555,Cedar Crest Hall,590,2026-03-11,,Active
H005706,S001705,Cedar Crest Hall,595,2025-09-29,2026-06-07,Moved Out
H005707,S004312,Bellview Hall,352,2025-08-22,2025-11-24,Moved Out
H005708,S003283,Birchwood Hall,142,2024-12-16,2025-07-25,Moved Out
H005709,S008297,Riverbend Hall,206,2024-10-28,,Active
H005710,S009187,Sunrise Commons,229,2024-08-18,,Pending Assignment
H005711,S002741,Riverbend Hall,212,2023-12-26,2024-10-21,Moved Out
H005712,S007160,Cedar Crest Hall,454,2026-02-11,,Active
H005713,S005952,Sunrise Commons,179,2023-10-02,,Active
H005714,S007753,Summit House,596,2024-04-08,2024-11-17,Moved Out
H005715,S009133,Bellview Hall,333,2026-03-19,2026-07-08,Moved Out
H005716,S009564,Birchwood Hall,382,2024-09-26,,Active
H005717,S007160,Willow Creek Hall,227,2026-06-12,2026-08-20,Moved Out
H005718,S003098,Cedar Crest Hall,365,2024-03-20,,Active
H005719,S003924,Founders Hall,130,2025-11-04,,Active
H005720,S007799,Cedar Crest Hall,527,2025-06-15,2026-03-16,Moved Out
H005721,S005115,Birchwood Hall,289,2025-08-09,2026-01-07,Moved Out
H005722,S006005,Summit House,279,2026-03-21,2026-08-20,Moved Out
H005723,S009841,Aspen Court,511,2025-03-11,,Active
H005724,S000257,Meadowbrook Hall,493,2024-07-05,,Active
H005725,S009457,Birchwood Hall,543,2025-09-25,2026-07-02,Moved Out
H005726,S002926,Cedar Crest Hall,245,2024-08-09,2024-12-23,Moved Out
H005727,S002467,Meadowbrook Hall,518,2026-01-22,2026-08-20,Moved Out
H005728,S009878,Lakeside Terrace,437,2024-11-25,,Pending Assignment
H005729,S004829,Highland Hall,578,2026-02-14,,Active
H005730,S002684,Bellview Hall,141,2025-07-12,,Active
H005731,S002866,Harborview Hall,329,2025-03-22,,Active
H005732,S008021,Cedar Crest Hall,503,2026-05-31,2026-08-20,Moved Out
H005733,S008311,Summit House,505,2026-05-19,2026-08-20,Moved Out
H005734,S005856,Highland Hall,167,2024-11-03,,Active
H005735,S002328,Bellview Hall,392,2024-05-04,2024-09-04,Moved Out
H005736,S000337,Cedar Crest Hall,204,2023-12-09,,Active
H005737,S004692,Aspen Court,441,2026-03-02,,Active
H005738,S003994,Birchwood Hall,420,2024-04-10,,Active
H005739,S008406,Cedar Crest Hall,193,2023-12-08,,Active
H005740,S000465,Riverbend Hall,569,2023-11-13,,Active
H005741,S002282,Birchwood Hall,457,2025-07-07,,Active
H005742,S009732,Summit House,291,2025-07-19,,Active
H005743,S003329,Meadowbrook Hall,328,2025-06-23,,Active
H005744,S000823,Founders Hall,598,2024-04-21,,Active
H005745,S002632,Summit House,412,2026-01-18,,Active
H005746,S009604,Founders Hall,405,2025-05-20,2026-01-30,Moved Out
H005747,S007825,Birchwood Hall,595,2024-12-13,,Active
H005748,S006939,Riverbend Hall,415,2026-03-05,,Active
H005749,S006822,Meadowbrook Hall,498,2026-01-09,,Active
H005750,S009343,Lakeside Terrace,264,2024-03-05,,Active
H005751,S009303,Riverbend Hall,474,2025-10-20,,Active
H005752,S003916,Willow Creek Hall,526,2024-05-02,2024-11-07,Moved Out
H005753,S007499,Aspen Court,404,2025-11-02,,Active
H005754,S004889,Riverbend Hall,235,2026-07-30,,Active
H005755,S001490,Aspen Court,512,2024-05-23,,Active
H005756,S000245,Birchwood Hall,265,2024-01-14,,Active
H005757,S003923,Founders Hall,558,2024-04-07,2024-07-21,Moved Out
H005758,S004230,Willow Creek Hall,221,2025-08-27,,Active
H005759,S008858,Meadowbrook Hall,592,2023-09-20,2023-12-04,Moved Out
H005760,S006776,Riverbend Hall,309,2025-04-02,,Active
H005761,S004851,Birchwood Hall,127,2024-07-17,,Active
H005762,S008873,Lakeside Terrace,409,2024-03-21,2024-08-19,Moved Out
H005763,S007257,Birchwood Hall,114,2025-01-07,,Pending Assignment
H005764,S001816,Lakeside Terrace,111,2025-11-26,,Active
H005765,S003042,Harborview Hall,503,2025-04-30,2025-12-07,Moved Out
H005766,S005524,Sunrise Commons,100,2023-10-07,2023-12-22,Moved Out
H005767,S005434,Maple Ridge Hall,314,2024-06-06,,Active
H005768,S004709,Northgate Hall,331,2025-05-31,,Active
H005769,S008091,Bellview Hall,179,2026-02-05,,Active
H005770,S000837,Meadowbrook Hall,558,2023-11-23,,Active
H005771,S008326,Lakeside Terrace,479,2026-02-28,,Active
H005772,S009826,Lakeside Terrace,437,2025-07-08,,Active
H005773,S004491,Riverbend Hall,149,2025-06-05,,Active
H005774,S008472,Summit House,112,2025-06-19,2026-02-03,Moved Out
H005775,S007335,Northgate Hall,431,2024-01-21,2024-07-10,Moved Out
H005776,S000139,Harborview Hall,488,2024-05-24,2024-09-13,Moved Out
H005777,S008343,Willow Creek Hall,401,2024-12-24,,Active
H005778,S003705,Founders Hall,109,2024-01-19,,Pending Assignment
H005779,S004586,Bellview Hall,476,2024-02-03,,Active
H005780,S000830,Northgate Hall,215,2024-07-01,,Active
H005781,S009442,Maple Ridge Hall,131,2024-09-18,,Active
H005782,S003625,Sunrise Commons,155,2025-07-17,,Active
H005783,S003712,Riverbend Hall,314,2025-12-06,,Pending Assignment
H005784,S000071,Harborview Hall,101,2025-12-25,,Active
H005785,S008016,Bellview Hall,410,2024-01-06,,Active
H005786,S005105,Meadowbrook Hall,203,2024-05-12,2024-08-30,Moved Out
H005787,S009567,Founders Hall,146,2024-05-11,,Active
H005788,S007045,Summit House,103,2026-01-18,,Active
H005789,S009883,Meadowbrook Hall,338,2024-02-28,2024-06-11,Moved Out
H005790,S004266,Summit House,133,2024-03-18,,Active
H005791,S002031,Meadowbrook Hall,312,2024-06-22,2025-03-15,Moved Out
H005792,S007202,Willow Creek Hall,288,2024-07-02,,Active
H005793,S007171,Lakeside Terrace,212,2025-12-18,,Active
H005794,S003113,Sunrise Commons,211,2024-09-06,,Active
H005795,S003493,Aspen Court,463,2023-08-16,2024-01-15,Moved Out
H005796,S003229,Riverbend Hall,488,2023-10-11,2023-12-26,Moved Out
H005797,S003874,Cedar Crest Hall,123,2025-11-18,,Active
H005798,S003966,Cedar Crest Hall,164,2023-08-06,2023-10-10,Moved Out
H005799,S002546,Sunrise Commons,532,2024-02-15,,Active
H005800,S005802,Birchwood Hall,458,2024-06-17,,Active
H005801,S006180,Maple Ridge Hall,172,2024-12-27,,Active
H005802,S006955,Willow Creek Hall,393,2023-08-19,2024-01-23,Moved Out
H005803,S006934,Sunrise Commons,422,2024-04-03,,Active
H005804,S005854,Birchwood Hall,595,2024-11-28,,Active
H005805,S000678,Sunrise Commons,488,2025-09-02,,Active
H005806,S006844,Aspen Court,499,2025-09-11,,Active
H005807,S008057,Aspen Court,307,2025-07-09,,Active
H005808,S001623,Birchwood Hall,583,2026-05-30,2026-08-20,Moved Out
H005809,S007027,Aspen Court,213,2024-08-18,,Active
H005810,S004227,Bellview Hall,228,2025-07-10,,Active
H005811,S006209,Summit House,395,2024-05-08,,Active
H005812,S001587,Sunrise Commons,119,2026-06-10,,Active
H005813,S008417,Summit House,389,2025-12-14,,Active
H005814,S003882,Northgate Hall,113,2026-01-25,,Active
H005815,S000619,Lakeside Terrace,389,2025-12-01,,Active
H005816,S006120,Meadowbrook Hall,535,2024-04-16,,Active
H005817,S008499,Aspen Court,340,2025-03-19,,Active
H005818,S007991,Maple Ridge Hall,484,2026-01-05,2026-08-19,Moved Out
H005819,S006773,Summit House,537,2023-08-26,,Active
H005820,S001045,Birchwood Hall,529,2025-04-19,2025-07-07,Moved Out
H005821,S006579,Cedar Crest Hall,409,2023-08-26,,Active
H005822,S006214,Highland Hall,386,2024-05-03,,Active
H005823,S008483,Cedar Crest Hall,535,2025-04-06,,Active
H005824,S009926,Bellview Hall,419,2025-12-17,,Active
H005825,S008443,Birchwood Hall,242,2024-09-14,,Active
H005826,S006448,Meadowbrook Hall,384,2023-11-11,,Active
H005827,S004087,Birchwood Hall,130,2026-03-16,,Active
H005828,S002819,Founders Hall,165,2025-09-17,2026-07-02,Moved Out
H005829,S005828,Cedar Crest Hall,389,2023-11-01,2024-05-28,Moved Out
H005830,S008295,Highland Hall,122,2025-07-02,,Active
H005831,S008702,Meadowbrook Hall,115,2024-05-15,,Active
H005832,S008285,Northgate Hall,544,2025-01-07,,Active
H005833,S002214,Harborview Hall,242,2024-02-25,2024-08-18,Moved Out
H005834,S001485,Willow Creek Hall,529,2024-02-06,,Active
H005835,S000215,Meadowbrook Hall,259,2024-11-12,2025-08-10,Moved Out
H005836,S007068,Aspen Court,577,2023-09-14,2024-01-26,Moved Out
H005837,S000550,Cedar Crest Hall,304,2024-06-20,,Active
H005838,S007638,Birchwood Hall,368,2024-10-06,2025-01-05,Moved Out
H005839,S005153,Founders Hall,277,2024-06-24,,Active
H005840,S001493,Birchwood Hall,258,2025-02-12,,Active
H005841,S007242,Highland Hall,218,2025-03-13,,Active
H005842,S009395,Lakeside Terrace,225,2025-08-29,2026-01-09,Moved Out
H005843,S004489,Meadowbrook Hall,552,2025-08-29,,Active
H005844,S007176,Birchwood Hall,456,2025-01-07,2025-04-06,Moved Out
H005845,S003618,Birchwood Hall,223,2024-08-19,2024-11-13,Moved Out
H005846,S007090,Willow Creek Hall,441,2024-02-17,,Active
H005847,S007489,Maple Ridge Hall,550,2024-04-05,,Active
H005848,S002775,Northgate Hall,156,2026-05-23,,Active
H005849,S009716,Northgate Hall,184,2023-08-18,,Active
H005850,S000906,Harborview Hall,304,2025-03-09,,Active
H005851,S002573,Summit House,326,2024-04-03,,Active
H005852,S005862,Highland Hall,419,2025-11-07,,Active
H005853,S000852,Sunrise Commons,366,2024-06-01,,Active
H005854,S003740,Birchwood Hall,178,2026-07-11,,Active
H005855,S002727,Birchwood Hall,325,2025-04-16,,Active
H005856,S002323,Lakeside Terrace,473,2024-08-05,,Active
H005857,S003123,Aspen Court,518,2026-08-20,,Active
H005858,S004097,Meadowbrook Hall,395,2025-08-05,,Active
H005859,S005897,Northgate Hall,304,2026-05-08,2026-08-20,Moved Out
H005860,S006899,Meadowbrook Hall,554,2024-10-06,2025-06-01,Moved Out
H005861,S003163,Northgate Hall,143,2024-07-08,,Active
H005862,S003470,Bellview Hall,212,2025-06-08,,Active
H005863,S004093,Willow Creek Hall,257,2025-11-18,,Active
H005864,S003312,Aspen Court,286,2023-12-27,2024-06-29,Moved Out
H005865,S009562,Bellview Hall,560,2026-04-10,,Active
H005866,S003634,Birchwood Hall,215,2024-09-02,,Active
H005867,S003273,Lakeside Terrace,479,2025-02-05,2025-05-06,Moved Out
H005868,S000293,Bellview Hall,448,2024-05-22,,Active
H005869,S005253,Harborview Hall,187,2024-08-26,2025-01-03,Moved Out
H005870,S006996,Harborview Hall,558,2025-02-04,,Active
H005871,S007684,Northgate Hall,503,2024-08-09,2024-12-06,Moved Out
H005872,S005046,Aspen Court,494,2026-08-14,,Active
H005873,S005367,Bellview Hall,273,2023-08-30,2023-12-16,Moved Out
H005874,S004211,Harborview Hall,241,2024-09-01,,Pending Assignment
H005875,S004160,Lakeside Terrace,139,2026-07-03,2026-08-20,Moved Out
H005876,S000965,Lakeside Terrace,474,2023-11-15,,Active
H005877,S007796,Aspen Court,318,2026-07-25,2026-08-20,Moved Out
H005878,S004071,Meadowbrook Hall,543,2024-11-25,2025-07-04,Moved Out
H005879,S008120,Highland Hall,246,2024-11-05,,Active
H005880,S001877,Birchwood Hall,419,2023-11-13,,Active
H005881,S009391,Birchwood Hall,314,2023-10-08,2024-05-01,Moved Out
H005882,S002816,Lakeside Terrace,362,2025-08-10,,Active
H005883,S002895,Birchwood Hall,509,2024-10-06,2025-03-31,Moved Out
H005884,S008538,Harborview Hall,103,2024-06-24,,Pending Assignment
H005885,S007682,Cedar Crest Hall,217,2025-07-25,,Active
H005886,S000382,Sunrise Commons,386,2026-05-16,,Active
H005887,S008237,Summit House,169,2024-08-13,,Active
H005888,S007614,Meadowbrook Hall,125,2024-10-09,,Active
H005889,S009469,Willow Creek Hall,155,2024-07-29,,Active
H005890,S004102,Harborview Hall,581,2025-08-21,2026-05-13,Moved Out
H005891,S005644,Meadowbrook Hall,166,2025-10-16,,Active
H005892,S005313,Cedar Crest Hall,510,2024-01-13,,Active
H005893,S001207,Summit House,465,2025-02-01,,Pending Assignment
H005894,S008494,Birchwood Hall,404,2026-05-11,2026-08-20,Moved Out
H005895,S005144,Founders Hall,414,2024-04-27,,Active
H005896,S004925,Willow Creek Hall,202,2025-01-05,2025-03-31,Moved Out
H005897,S006114,Sunrise Commons,160,2025-08-26,,Active
H005898,S003862,Highland Hall,344,2024-05-02,2025-01-02,Moved Out
H005899,S000370,Meadowbrook Hall,252,2025-01-07,,Active
H005900,S004482,Summit House,495,2025-10-23,2026-02-12,Moved Out
H005901,S004684,Summit House,427,2025-04-10,2025-11-02,Moved Out
H005902,S002944,Maple Ridge Hall,484,2024-07-12,,Active
H005903,S001984,Sunrise Commons,527,2023-12-07,,Active
H005904,S000296,Highland Hall,319,2026-06-18,,Active
H005905,S006716,Sunrise Commons,553,2023-10-26,2024-07-26,Moved Out
H005906,S005534,Founders Hall,433,2025-01-11,,Active
H005907,S009204,Willow Creek Hall,377,2026-06-25,2026-08-20,Moved Out
H005908,S003639,Maple Ridge Hall,415,2024-09-16,,Active
H005909,S007807,Highland Hall,469,2023-11-04,,Active
H005910,S000962,Birchwood Hall,113,2023-09-01,,Active
H005911,S009330,Summit House,183,2026-02-28,,Active
H005912,S009382,Founders Hall,495,2025-02-04,,Active
H005913,S008647,Maple Ridge Hall,328,2025-03-01,,Active
H005914,S003293,Highland Hall,513,2025-10-26,,Active
H005915,S003491,Highland Hall,502,2024-03-19,2024-08-20,Moved Out
H005916,S005183,Riverbend Hall,241,2025-10-17,,Active
H005917,S000864,Bellview Hall,484,2024-09-12,2025-01-31,Moved Out
H005918,S006987,Maple Ridge Hall,289,2024-07-06,,Active
H005919,S007147,Riverbend Hall,248,2025-08-03,,Active
H005920,S006928,Meadowbrook Hall,247,2026-05-16,2026-08-20,Moved Out
H005921,S005583,Sunrise Commons,251,2024-07-23,,Active
H005922,S007660,Birchwood Hall,536,2024-09-05,,Active
H005923,S002457,Aspen Court,486,2024-04-11,2024-06-24,Moved Out
H005924,S001703,Sunrise Commons,308,2026-05-05,,Pending Assignment
H005925,S001873,Cedar Crest Hall,429,2026-02-17,,Active
H005926,S003067,Lakeside Terrace,407,2024-09-12,,Active
H005927,S002326,Aspen Court,184,2023-12-15,2024-10-05,Moved Out
H005928,S004402,Aspen Court,181,2026-03-11,,Active
H005929,S005735,Willow Creek Hall,330,2026-02-09,2026-04-12,Moved Out
H005930,S002955,Riverbend Hall,252,2025-02-18,,Active
H005931,S004522,Summit House,245,2024-10-31,,Active
H005932,S002145,Highland Hall,315,2024-11-28,,Active
H005933,S005591,Riverbend Hall,104,2024-04-06,,Pending Assignment
H005934,S006744,Cedar Crest Hall,525,2026-04-06,2026-08-20,Moved Out
H005935,S007185,Willow Creek Hall,212,2023-10-08,2024-06-23,Moved Out
H005936,S005562,Bellview Hall,538,2025-11-30,,Pending Assignment
H005937,S003645,Founders Hall,256,2024-04-14,,Active
H005938,S008630,Northgate Hall,156,2024-02-13,,Active
H005939,S004185,Meadowbrook Hall,577,2024-02-02,2024-11-15,Moved Out
H005940,S006603,Sunrise Commons,280,2024-12-13,,Active
H005941,S008105,Harborview Hall,504,2026-06-29,,Active
H005942,S004343,Aspen Court,522,2026-12-04,,Pending Assignment
H005943,S001732,Cedar Crest Hall,168,2025-09-16,2026-04-03,Moved Out
H005944,S000821,Northgate Hall,157,2024-10-15,2025-07-10,Moved Out
H005945,S001738,Aspen Court,230,2024-01-06,,Active
H005946,S008176,Birchwood Hall,518,2024-11-13,,Active
H005947,S008322,Sunrise Commons,434,2024-12-21,,Active
H005948,S000378,Lakeside Terrace,557,2024-01-24,2024-09-01,Moved Out
H005949,S006597,Cedar Crest Hall,484,2024-09-01,,Active
H005950,S003286,Cedar Crest Hall,525,2024-10-22,2025-05-07,Moved Out
H005951,S006109,Northgate Hall,452,2025-03-21,2025-07-31,Moved Out
H005952,S003905,Founders Hall,283,2025-07-10,,Active
H005953,S003152,Willow Creek Hall,315,2025-10-20,,Active
H005954,S005037,Northgate Hall,495,2025-11-25,2026-06-24,Moved Out
H005955,S009835,Founders Hall,575,2026-04-21,,Active
H005956,S003237,Riverbend Hall,305,2025-02-14,,Active
H005957,S001735,Meadowbrook Hall,489,2026-06-12,,Active
H005958,S001681,Cedar Crest Hall,484,2023-11-15,2024-08-01,Moved Out
H005959,S001055,Riverbend Hall,170,2025-11-04,,Active
H005960,S007519,Birchwood Hall,254,2025-10-04,2025-12-05,Moved Out
H005961,S007762,Sunrise Commons,403,2024-02-14,,Active
H005962,S006573,Sunrise Commons,529,2023-11-11,2024-07-11,Moved Out
H005963,S007721,Riverbend Hall,324,2024-07-01,2025-03-01,Moved Out
H005964,S003131,Riverbend Hall,281,2024-10-08,,Active
H005965,S008803,Meadowbrook Hall,249,2025-06-06,,Active
H005966,S004542,Birchwood Hall,372,2023-12-13,,Active
H005967,S004183,Maple Ridge Hall,314,2023-09-29,,Active
H005968,S005891,Highland Hall,576,2023-12-23,,Active
H005969,S008456,Cedar Crest Hall,170,2026-06-11,2026-08-20,Moved Out
H005970,S001781,Maple Ridge Hall,377,2025-12-09,,Pending Assignment
H005971,S001932,Northgate Hall,195,2024-09-10,,Active
H005972,S003367,Sunrise Commons,474,2025-11-22,2026-07-31,Moved Out
H005973,S000239,Summit House,525,2024-06-21,,Active
H005974,S006358,Lakeside Terrace,510,2026-02-15,,Active
H005975,S005354,Willow Creek Hall,229,2026-03-17,,Active
H005976,S004766,Highland Hall,300,2026-07-26,2026-08-20,Moved Out
H005977,S009348,Highland Hall,270,2025-09-26,2026-06-27,Moved Out
H005978,S001172,Lakeside Terrace,227,2025-07-18,,Active
H005979,S005956,Founders Hall,575,2026-06-09,,Active
H005980,S007946,Bellview Hall,159,2025-04-16,,Active
H005981,S000284,Riverbend Hall,508,2025-04-28,,Pending Assignment
H005982,S007406,Northgate Hall,172,2026-02-02,,Active
H005983,S000659,Northgate Hall,234,2026-01-03,,Active
H005984,S007271,Riverbend Hall,251,2025-02-19,2025-07-16,Moved Out
H005985,S006300,Aspen Court,598,2025-11-08,,Active
H005986,S009671,Lakeside Terrace,216,2023-12-09,,Active
H005987,S006813,Willow Creek Hall,464,2026-03-22,,Active
H005988,S003134,Birchwood Hall,574,2024-03-24,2025-01-16,Moved Out
H005989,S006545,Northgate Hall,572,2025-10-29,2026-05-25,Moved Out
H005990,S001250,Willow Creek Hall,119,2024-01-10,2024-04-15,Moved Out
H005991,S008043,Bellview Hall,101,2024-05-17,,Pending Assignment
H005992,S000312,Founders Hall,433,2024-04-21,2024-06-29,Moved Out
H005993,S008723,Willow Creek Hall,440,2024-01-03,2024-09-07,Moved Out
H005994,S005510,Highland Hall,114,2026-06-14,,Active
H005995,S009447,Founders Hall,299,2024-03-16,,Active
H005996,S003583,Maple Ridge Hall,523,2025-10-30,,Active
H005997,S003571,Northgate Hall,133,2025-02-21,2025-06-10,Moved Out
H005998,S001428,Harborview Hall,419,2024-02-05,,Active
H005999,S005273,Harborview Hall,353,2025-12-03,,Active
H006000,S008636,Summit House,181,2023-08-18,,Active
H006001,S004136,Willow Creek Hall,259,2024-05-24,2024-10-31,Moved Out
H006002,S007701,Sunrise Commons,475,2023-08-08,2024-05-05,Moved Out
H006003,S000822,Harborview Hall,143,2025-08-16,,Pending Assignment
H006004,S008850,Maple Ridge Hall,209,2025-09-25,,Active
H006005,S007911,Lakeside Terrace,156,2025-07-24,,Active
H006006,S005137,Sunrise Commons,141,2024-09-15,,Active
H006007,S009650,Cedar Crest Hall,305,2024-06-26,,Active
H006008,S006932,Riverbend Hall,111,2026-08-03,,Active
H006009,S001817,Summit House,438,2025-09-07,2026-04-28,Moved Out
H006010,S001510,Highland Hall,407,2024-04-20,,Active
H006011,S000150,Riverbend Hall,262,2026-02-24,2026-08-15,Moved Out
H006012,S004375,Cedar Crest Hall,250,2025-06-29,2026-04-16,Moved Out
H006013,S005232,Aspen Court,536,2025-01-02,2025-04-29,Moved Out
H006014,S008887,Summit House,117,2026-07-21,,Active
H006015,S008127,Summit House,450,2026-01-23,,Active
H006016,S009409,Meadowbrook Hall,582,2025-12-06,,Active
H006017,S006454,Maple Ridge Hall,191,2026-07-29,,Active
H006018,S004252,Meadowbrook Hall,321,2024-07-04,2025-03-09,Moved Out
H006019,S007168,Maple Ridge Hall,571,2025-09-10,,Active
H006020,S005585,Harborview Hall,496,2026-03-01,,Active
H006021,S004770,Cedar Crest Hall,291,2026-03-21,,Active
H006022,S002412,Northgate Hall,192,2026-04-21,,Active
H006023,S006988,Maple Ridge Hall,475,2024-06-09,,Pending Assignment
H006024,S004807,Northgate Hall,247,2026-02-02,,Active
H006025,S006416,Riverbend Hall,375,2023-10-26,,Active
H006026,S001857,Bellview Hall,149,2025-09-24,,Active
H006027,S003279,Founders Hall,367,2026-06-17,2026-08-20,Moved Out
H006028,S001409,Northgate Hall,533,2025-09-26,,Active
H006029,S000471,Lakeside Terrace,357,2025-01-18,,Active
H006030,S003561,Founders Hall,232,2026-01-05,,Active
H006031,S008163,Northgate Hall,104,2026-01-29,2026-08-20,Moved Out
H006032,S009045,Founders Hall,317,2025-10-31,,Active
H006033,S003741,Riverbend Hall,540,2025-02-10,,Active
H006034,S003128,Harborview Hall,341,2025-10-26,,Active
H006035,S009609,Willow Creek Hall,430,2024-02-12,,Active
H006036,S003830,Founders Hall,150,2025-08-22,,Active
H006037,S001352,Aspen Court,100,2025-09-09,2026-03-07,Moved Out
H006038,S007997,Maple Ridge Hall,498,2024-05-18,,Active
H006039,S006178,Sunrise Commons,360,2024-08-09,,Pending Assignment
H006040,S008979,Highland Hall,231,2025-11-26,,Active
H006041,S004864,Founders Hall,461,2025-01-29,,Active
H006042,S006980,Maple Ridge Hall,256,2025-09-12,,Active
H006043,S002858,Aspen Court,390,2025-10-03,,Active
H006044,S003604,Riverbend Hall,558,2025-07-31,,Active
H006045,S001134,Maple Ridge Hall,452,2025-11-29,2026-01-29,Moved Out
H006046,S002080,Cedar Crest Hall,251,2025-12-17,,Active
H006047,S005933,Harborview Hall,475,2025-01-28,2025-10-15,Moved Out
H006048,S005345,Maple Ridge Hall,594,2026-07-04,,Active
H006049,S004238,Birchwood Hall,201,2025-10-10,,Active
H006050,S008076,Highland Hall,251,2026-03-20,2026-08-20,Moved Out
H006051,S008917,Northgate Hall,135,2024-03-17,,Active
H006052,S004148,Harborview Hall,542,2026-06-10,,Active
H006053,S001645,Founders Hall,563,2026-01-10,,Active
H006054,S002337,Meadowbrook Hall,534,2025-04-03,2025-10-09,Moved Out
H006055,S000016,Birchwood Hall,380,2026-08-12,2026-08-20,Moved Out
H006056,S008860,Aspen Court,494,2026-05-14,,Active
H006057,S000081,Harborview Hall,113,2024-12-14,,Active
H006058,S004941,Founders Hall,396,2025-09-20,2026-03-24,Moved Out
H006059,S006469,Summit House,317,2024-11-24,2025-04-14,Moved Out
H006060,S000403,Aspen Court,281,2025-07-03,,Active
H006061,S001997,Harborview Hall,529,2026-06-19,,Active
H006062,S006356,Aspen Court,333,2026-03-20,,Active
H006063,S008477,Lakeside Terrace,301,2026-04-25,2026-08-08,Moved Out
H006064,S000023,Maple Ridge Hall,495,2024-01-29,2024-04-21,Moved Out
H006065,S006026,Sunrise Commons,315,2024-08-30,,Active
H006066,S004503,Birchwood Hall,285,2024-09-29,2025-02-07,Moved Out
H006067,S004834,Lakeside Terrace,244,2024-02-23,,Active
H006068,S000708,Summit House,423,2025-08-18,,Active
H006069,S001672,Sunrise Commons,464,2025-04-28,,Active
H006070,S004236,Summit House,257,2025-07-15,,Active
H006071,S009682,Cedar Crest Hall,533,2025-05-01,2025-08-18,Moved Out
H006072,S004681,Lakeside Terrace,526,2025-01-16,2025-09-09,Moved Out
H006073,S001122,Harborview Hall,452,2025-06-05,2026-02-02,Moved Out
H006074,S004587,Summit House,383,2025-06-30,,Pending Assignment
H006075,S006399,Meadowbrook Hall,248,2023-08-29,,Active
H006076,S007580,Northgate Hall,309,2024-12-20,2025-09-28,Moved Out
H006077,S007528,Northgate Hall,295,2025-01-08,,Active
H006078,S007714,Bellview Hall,173,2024-02-23,,Active
H006079,S000680,Lakeside Terrace,519,2024-12-28,2025-06-13,Moved Out
H006080,S006922,Lakeside Terrace,558,2024-11-30,2025-02-23,Moved Out
H006081,S008436,Highland Hall,409,2026-03-14,,Active
H006082,S007016,Meadowbrook Hall,559,2025-02-14,,Active
H006083,S008346,Riverbend Hall,484,2024-01-20,,Active
H006084,S009167,Riverbend Hall,221,2024-10-11,2025-02-17,Moved Out
H006085,S009488,Willow Creek Hall,279,2026-06-10,,Active
H006086,S000054,Harborview Hall,231,2026-04-15,,Active
H006087,S006501,Aspen Court,164,2025-10-30,,Active
H006088,S003105,Founders Hall,271,2023-11-11,,Active
H006089,S004629,Summit House,178,2026-03-13,,Active
H006090,S004874,Birchwood Hall,495,2026-05-05,2026-08-20,Moved Out
H006091,S003937,Riverbend Hall,226,2024-06-06,,Active
H006092,S001625,Maple Ridge Hall,380,2025-10-01,2026-05-31,Moved Out
H006093,S002197,Birchwood Hall,239,2024-02-10,,Pending Assignment
H006094,S008998,Maple Ridge Hall,433,2026-01-06,2026-06-12,Moved Out
H006095,S007253,Aspen Court,462,2025-07-22,,Pending Assignment
H006096,S008511,Highland Hall,401,2025-05-19,,Pending Assignment
H006097,S004175,Sunrise Commons,519,2024-06-14,2025-01-11,Moved Out
H006098,S004385,Bellview Hall,575,2025-08-26,,Active
H006099,S002075,Willow Creek Hall,263,2024-11-03,,Active
H006100,S005049,Maple Ridge Hall,374,2024-01-14,,Active
H006101,S000238,Bellview Hall,509,2025-07-30,,Active
H006102,S003739,Birchwood Hall,397,2026-04-20,,Active
H006103,S009474,Cedar Crest Hall,499,2026-07-17,2026-08-20,Moved Out
H006104,S001388,Riverbend Hall,130,2024-09-26,,Active
H006105,S004073,Riverbend Hall,102,2025-10-06,,Active
H006106,S003801,Harborview Hall,216,2024-09-29,,Active
H006107,S006404,Harborview Hall,211,2026-08-18,,Active
H006108,S008710,Riverbend Hall,441,2025-02-11,2025-11-06,Moved Out
H006109,S002388,Birchwood Hall,458,2025-06-24,2025-12-30,Moved Out
H006110,S001871,Lakeside Terrace,371,2024-04-06,,Active
H006111,S002647,Cedar Crest Hall,183,2024-03-14,,Active
H006112,S005871,Willow Creek Hall,193,2026-02-23,2026-06-08,Moved Out
H006113,S005364,Meadowbrook Hall,475,2024-07-25,,Active
H006114,S002609,Willow Creek Hall,165,2025-01-12,2025-08-29,Moved Out
H006115,S003448,Harborview Hall,226,2023-09-24,,Pending Assignment
H006116,S008415,Harborview Hall,382,2026-03-19,2026-06-14,Moved Out
H006117,S007036,Birchwood Hall,183,2026-04-08,2026-08-20,Moved Out
H006118,S009010,Riverbend Hall,443,2024-01-19,2024-08-08,Moved Out
H006119,S004190,Bellview Hall,401,2023-11-30,2024-02-10,Moved Out
H006120,S008867,Bellview Hall,185,2025-02-05,,Active
H006121,S003407,Highland Hall,334,2025-11-20,,Active
H006122,S002461,Birchwood Hall,407,2026-01-19,,Active
H006123,S003290,Riverbend Hall,412,2025-08-23,,Active
H006124,S005158,Founders Hall,139,2026-08-14,,Active
H006125,S001854,Riverbend Hall,363,2024-05-09,,Active
H006126,S003300,Highland Hall,581,2027-01-17,,Active
H006127,S006800,Aspen Court,194,2026-07-06,,Active
H006128,S008715,Harborview Hall,530,2024-12-07,,Active
H006129,S006304,Founders Hall,299,2026-08-19,,Active
H006130,S003774,Bellview Hall,466,2025-11-30,2026-07-10,Moved Out
H006131,S004241,Summit House,174,2027-01-23,,Active
H006132,S003384,Bellview Hall,144,2024-04-15,2024-12-05,Moved Out
H006133,S003332,Maple Ridge Hall,491,2025-04-22,,Active
H006134,S007251,Northgate Hall,272,2026-02-03,,Active
H006135,S004138,Sunrise Commons,471,2026-03-15,2026-08-20,Moved Out
H006136,S004921,Northgate Hall,411,2024-02-02,,Active
H006137,S002002,Sunrise Commons,497,2026-07-09,2026-08-20,Moved Out
H006138,S004154,Birchwood Hall,364,2024-02-25,2024-11-13,Moved Out
H006139,S009569,Harborview Hall,533,2024-11-08,,Active
H006140,S000801,Birchwood Hall,463,2024-04-14,,Active
H006141,S009326,Meadowbrook Hall,268,2026-06-25,,Active
H006142,S009224,Meadowbrook Hall,187,2025-04-02,,Active
H006143,S005336,Harborview Hall,153,2024-04-07,,Active
H006144,S008457,Summit House,438,2023-12-26,,Active
H006145,S001864,Meadowbrook Hall,382,2026-05-02,2026-08-01,Moved Out
H006146,S009131,Cedar Crest Hall,105,2024-07-10,,Active
H006147,S008445,Riverbend Hall,164,2024-07-12,,Active
H006148,S003461,Riverbend Hall,362,2024-11-28,,Pending Assignment
H006149,S009749,Sunrise Commons,518,2023-09-24,2024-06-10,Moved Out
H006150,S000229,Meadowbrook Hall,430,2024-11-21,,Active
H006151,S002781,Sunrise Commons,488,2023-11-12,2024-08-15,Moved Out
H006152,S002366,Northgate Hall,158,2023-12-19,,Active
H006153,S000042,Highland Hall,482,2025-04-26,,Pending Assignment
H006154,S004819,Cedar Crest Hall,200,2025-11-05,,Active
H006155,S005528,Aspen Court,462,2025-04-24,2025-08-25,Moved Out
H006156,S009980,Lakeside Terrace,372,2026-06-06,,Active
H006157,S009593,Harborview Hall,546,2024-06-13,2025-02-14,Moved Out
H006158,S000634,Cedar Crest Hall,522,2024-11-05,,Active
H006159,S001410,Sunrise Commons,487,2025-04-24,,Pending Assignment
H006160,S004406,Willow Creek Hall,547,2026-07-16,2026-08-20,Moved Out
H006161,S003104,Northgate Hall,546,2026-06-05,,Pending Assignment
H006162,S000913,Bellview Hall,506,2025-03-20,,Active
H006163,S003023,Harborview Hall,215,2025-12-24,2026-03-16,Moved Out
H006164,S008097,Birchwood Hall,545,2026-03-04,,Active
H006165,S002160,Highland Hall,108,2026-06-18,,Active
H006166,S008213,Founders Hall,431,2025-01-07,,Active
H006167,S009595,Founders Hall,587,2024-08-14,2024-11-01,Moved Out
H006168,S006807,Lakeside Terrace,379,2024-07-22,2025-04-12,Moved Out
H006169,S006513,Meadowbrook Hall,575,2023-08-24,2024-06-15,Moved Out
H006170,S001099,Cedar Crest Hall,446,2025-05-19,,Active
H006171,S006745,Birchwood Hall,186,2024-07-08,,Active
H006172,S009188,Birchwood Hall,327,2026-06-19,,Active
H006173,S007988,Cedar Crest Hall,348,2024-06-18,,Active
H006174,S000272,Harborview Hall,115,2025-08-07,,Active
H006175,S008353,Founders Hall,204,2026-01-01,,Active
H006176,S009237,Sunrise Commons,245,2025-03-08,2025-09-07,Moved Out
H006177,S000656,Lakeside Terrace,139,2025-08-03,,Active
H006178,S008628,Maple Ridge Hall,126,2024-04-09,,Active
H006179,S005013,Bellview Hall,261,2026-03-11,2026-08-20,Moved Out
H006180,S007816,Riverbend Hall,486,2024-05-18,,Active
H006181,S000048,Meadowbrook Hall,369,2026-01-17,,Active
H006182,S001155,Bellview Hall,472,2026-07-08,2026-08-20,Moved Out
H006183,S001742,Bellview Hall,137,2026-03-21,2026-08-20,Moved Out
H006184,S004543,Northgate Hall,173,2025-02-23,2025-08-04,Moved Out
H006185,S003365,Summit House,264,2024-11-11,,Active
H006186,S002675,Northgate Hall,327,2025-01-23,,Active
H006187,S003600,Birchwood Hall,513,2024-04-02,,Active
H006188,S009073,Northgate Hall,275,2025-04-12,2025-10-29,Moved Out
H006189,S004836,Northgate Hall,376,2024-09-02,2025-02-19,Moved Out
H006190,S001148,Lakeside Terrace,254,2025-08-15,,Active
H006191,S009589,Birchwood Hall,366,2023-12-15,,Active
H006192,S004535,Riverbend Hall,390,2025-07-22,,Active
H006193,S009644,Summit House,165,2024-07-16,,Active
H006194,S001693,Meadowbrook Hall,129,2025-01-24,2025-11-10,Moved Out
H006195,S003990,Birchwood Hall,328,2026-05-08,,Active
H006196,S009149,Birchwood Hall,550,2023-08-11,2023-10-15,Moved Out
H006197,S000031,Northgate Hall,441,2024-07-15,,Active
H006198,S009875,Sunrise Commons,300,2024-09-27,2025-05-25,Moved Out
H006199,S003334,Willow Creek Hall,488,2024-09-24,2025-07-16,Moved Out
H006200,S003108,Bellview Hall,456,2024-05-16,2024-11-27,Moved Out
H006201,S006889,Birchwood Hall,492,2024-05-03,2024-10-30,Moved Out
H006202,S008685,Harborview Hall,286,2025-11-06,,Active
H006203,S003132,Meadowbrook Hall,148,2025-01-18,,Active
H006204,S007341,Cedar Crest Hall,488,2026-03-09,,Active
H006205,S009036,Founders Hall,593,2024-01-02,2024-07-29,Moved Out
H006206,S008713,Aspen Court,342,2026-07-04,2026-08-20,Moved Out
H006207,S000358,Riverbend Hall,135,2024-12-21,,Active
H006208,S005575,Highland Hall,113,2024-11-05,2025-07-27,Moved Out
H006209,S009595,Summit House,489,2024-03-28,,Active
H006210,S007063,Bellview Hall,450,2024-01-08,,Active
H006211,S001459,Meadowbrook Hall,144,2023-11-24,2024-04-01,Moved Out
H006212,S001554,Birchwood Hall,178,2026-03-24,,Active
H006213,S007741,Highland Hall,128,2026-02-17,,Active
H006214,S004300,Maple Ridge Hall,574,2027-02-10,,Active
H006215,S003998,Summit House,554,2024-04-18,,Active
H006216,S004423,Meadowbrook Hall,245,2026-07-30,,Active
H006217,S000591,Sunrise Commons,377,2024-11-04,2025-02-12,Moved Out
H006218,S000496,Harborview Hall,359,2024-05-14,,Active
H006219,S009589,Highland Hall,591,2024-05-31,2025-02-20,Moved Out
H006220,S009510,Harborview Hall,352,2026-05-14,,Pending Assignment
H006221,S001274,Summit House,594,2024-08-11,2025-01-01,Moved Out
H006222,S007604,Meadowbrook Hall,417,2024-02-20,,Active
H006223,S003689,Bellview Hall,327,2024-09-20,,Active
H006224,S006896,Aspen Court,311,2026-03-06,,Active
H006225,S003549,Cedar Crest Hall,248,2023-11-12,2024-08-08,Moved Out
H006226,S002281,Riverbend Hall,303,2024-06-04,,Active
H006227,S000423,Riverbend Hall,163,2025-04-18,,Active
H006228,S009046,Highland Hall,179,2024-11-16,,Active
H006229,S007094,Sunrise Commons,339,2025-03-14,,Active
H006230,S007802,Cedar Crest Hall,211,2024-01-05,2024-05-13,Moved Out
H006231,S004675,Sunrise Commons,507,2024-04-11,,Active
H006232,S002850,Birchwood Hall,318,2024-11-06,2025-08-15,Moved Out
H006233,S008391,Cedar Crest Hall,306,2024-07-15,,Active
H006234,S008137,Riverbend Hall,334,2025-01-31,2025-06-09,Moved Out
H006235,S007225,Cedar Crest Hall,106,2025-07-09,,Active
H006236,S008682,Sunrise Commons,551,2026-02-13,2026-08-20,Moved Out
H006237,S006361,Willow Creek Hall,167,2026-01-01,,Active
H006238,S000860,Summit House,186,2023-10-09,2023-12-09,Moved Out
H006239,S003765,Sunrise Commons,168,2025-05-12,2026-01-11,Moved Out
H006240,S007178,Maple Ridge Hall,330,2026-05-23,,Active
H006241,S007473,Highland Hall,303,2026-02-08,2026-06-04,Moved Out
H006242,S006354,Founders Hall,200,2026-02-23,,Active
H006243,S004382,Harborview Hall,437,2026-03-12,,Active
H006244,S007130,Northgate Hall,530,2024-04-27,2024-10-23,Moved Out
H006245,S000933,Maple Ridge Hall,372,2026-04-12,,Active
H006246,S008146,Riverbend Hall,229,2026-04-16,2026-08-20,Moved Out
H006247,S009416,Summit House,349,2024-09-09,2025-04-23,Moved Out
H006248,S001658,Willow Creek Hall,415,2025-10-06,2026-03-21,Moved Out
H006249,S001269,Aspen Court,386,2026-05-02,,Pending Assignment
H006250,S003424,Aspen Court,187,2025-12-07,,Active
H006251,S006466,Birchwood Hall,416,2024-11-14,,Active
H006252,S004282,Aspen Court,334,2024-08-21,2025-01-14,Moved Out
H006253,S007941,Birchwood Hall,292,2024-04-22,,Pending Assignment
H006254,S001255,Harborview Hall,539,2024-08-13,,Active
H006255,S001386,Cedar Crest Hall,594,2025-04-08,2025-08-03,Moved Out
H006256,S006615,Founders Hall,167,2026-05-29,,Active
H006257,S000712,Willow Creek Hall,384,2026-04-04,2026-08-20,Moved Out
H006258,S002396,Harborview Hall,592,2024-12-30,,Active
H006259,S008512,Maple Ridge Hall,202,2026-06-18,,Pending Assignment
H006260,S009871,Harborview Hall,555,2025-09-25,,Active
H006261,S005738,Meadowbrook Hall,505,2026-04-17,,Active
H006262,S008665,Maple Ridge Hall,588,2024-11-14,,Active
H006263,S005957,Bellview Hall,150,2026-04-21,2026-08-20,Moved Out
H006264,S000192,Founders Hall,183,2024-10-01,,Active
H006265,S003232,Meadowbrook Hall,396,2025-04-27,,Active
H006266,S005248,Aspen Court,168,2023-08-08,,Active
H006267,S004366,Maple Ridge Hall,532,2024-05-09,,Active
H006268,S005870,Maple Ridge Hall,290,2023-12-25,2024-08-28,Moved Out
H006269,S008638,Riverbend Hall,133,2025-08-02,2026-02-02,Moved Out
H006270,S007348,Highland Hall,375,2026-03-25,2026-06-15,Moved Out
H006271,S001159,Birchwood Hall,308,2024-04-01,2024-11-26,Moved Out
H006272,S000602,Meadowbrook Hall,547,2024-03-08,,Active
H006273,S009509,Founders Hall,478,2024-03-09,,Active
H006274,S008519,Maple Ridge Hall,198,2025-01-25,2025-06-08,Moved Out
H006275,S007647,Aspen Court,173,2025-06-21,,Active
H006276,S001833,Riverbend Hall,234,2024-02-12,,Active
H006277,S006415,Cedar Crest Hall,417,2024-12-01,,Active
H006278,S003330,Founders Hall,591,2025-09-14,,Active
H006279,S000291,Sunrise Commons,442,2023-09-10,,Active
H006280,S000341,Aspen Court,446,2023-11-11,2024-07-06,Moved Out
H006281,S002908,Willow Creek Hall,497,2023-11-25,,Active
H006282,S003670,Maple Ridge Hall,316,2025-03-20,,Active
H006283,S003001,Willow Creek Hall,439,2024-11-06,,Active
H006284,S005484,Founders Hall,425,2024-06-03,,Active
H006285,S004223,Maple Ridge Hall,205,2025-08-17,2026-06-04,Moved Out
H006286,S005363,Sunrise Commons,330,2025-07-22,2026-02-16,Moved Out
H006287,S005760,Maple Ridge Hall,505,2025-09-24,,Active
H006288,S009186,Northgate Hall,280,2026-06-26,2026-08-20,Moved Out
H006289,S000564,Maple Ridge Hall,326,2023-12-19,,Pending Assignment
H006290,S003828,Founders Hall,189,2024-02-23,,Active
H006291,S008352,Founders Hall,192,2026-01-16,2026-05-25,Moved Out
H006292,S004027,Cedar Crest Hall,529,2024-09-10,,Active
H006293,S006282,Meadowbrook Hall,580,2026-01-10,,Active
H006294,S002256,Maple Ridge Hall,176,2025-04-29,,Active
H006295,S001650,Founders Hall,399,2023-08-05,,Pending Assignment
H006296,S008827,Aspen Court,490,2024-04-02,,Active
H006297,S000345,Northgate Hall,167,2026-07-11,2026-08-20,Moved Out
H006298,S009000,Aspen Court,329,2024-08-11,,Active
H006299,S008468,Aspen Court,145,2023-10-28,,Active
H006300,S006428,Northgate Hall,304,2025-10-03,,Active
H006301,S003846,Sunrise Commons,160,2026-04-19,,Active
H006302,S005606,Riverbend Hall,354,2025-06-02,2025-09-30,Moved Out
H006303,S009281,Birchwood Hall,271,2025-02-11,,Active
H006304,S003584,Harborview Hall,475,2024-05-22,2025-01-13,Moved Out
H006305,S007942,Birchwood Hall,354,2026-01-11,,Active
H006306,S002291,Highland Hall,268,2024-12-08,,Active
H006307,S004618,Meadowbrook Hall,181,2025-05-14,,Pending Assignment
H006308,S002159,Lakeside Terrace,371,2024-06-23,2025-04-08,Moved Out
H006309,S003270,Northgate Hall,569,2026-08-08,,Active
H006310,S006257,Riverbend Hall,456,2023-10-22,2024-03-28,Moved Out
H006311,S001865,Harborview Hall,305,2023-08-14,,Pending Assignment
H006312,S008001,Riverbend Hall,401,2025-04-06,2025-12-17,Moved Out
H006313,S008963,Birchwood Hall,104,2024-05-17,,Active
H006314,S004043,Willow Creek Hall,447,2026-05-18,,Active
H006315,S005150,Northgate Hall,542,2024-01-21,2024-03-21,Moved Out
H006316,S000586,Highland Hall,213,2025-10-08,2026-07-28,Moved Out
H006317,S008389,Cedar Crest Hall,541,2025-07-10,,Active
H006318,S005501,Maple Ridge Hall,192,2023-09-16,,Active
H006319,S009786,Bellview Hall,144,2025-04-01,,Active
H006320,S003033,Meadowbrook Hall,447,2026-07-16,,Active
H006321,S002495,Northgate Hall,279,2025-08-05,,Active
H006322,S005074,Lakeside Terrace,144,2024-02-20,2024-07-08,Moved Out
H006323,S008335,Aspen Court,290,2025-11-13,2026-05-16,Moved Out
H006324,S000773,Meadowbrook Hall,523,2026-08-02,2026-08-20,Moved Out
H006325,S004772,Riverbend Hall,354,2023-09-17,,Active
H006326,S009537,Highland Hall,106,2026-07-04,,Active
H006327,S003727,Bellview Hall,102,2025-11-13,,Active
H006328,S003694,Cedar Crest Hall,127,2026-06-06,,Active
H006329,S001023,Maple Ridge Hall,107,2023-11-16,,Active
H006330,S009015,Lakeside Terrace,289,2024-12-02,,Active
H006331,S005848,Lakeside Terrace,194,2024-07-10,,Pending Assignment
H006332,S007240,Maple Ridge Hall,319,2025-12-11,2026-02-20,Moved Out
H006333,S008138,Bellview Hall,448,2023-11-19,,Pending Assignment
H006334,S004339,Aspen Court,310,2023-12-15,,Active
H006335,S002904,Maple Ridge Hall,250,2023-08-11,,Active
H006336,S009401,Maple Ridge Hall,247,2025-10-23,2026-01-08,Moved Out
H006337,S001890,Highland Hall,197,2024-11-07,,Active
H006338,S007970,Riverbend Hall,150,2026-03-23,,Active
H006339,S000236,Northgate Hall,598,2025-03-15,,Active
H006340,S001138,Founders Hall,401,2025-04-03,,Active
H006341,S007783,Aspen Court,475,2025-12-12,,Active
H006342,S007808,Harborview Hall,459,2024-02-23,2024-05-05,Moved Out
H006343,S000158,Meadowbrook Hall,254,2023-10-17,,Active
H006344,S004790,Maple Ridge Hall,237,2026-03-22,,Active
H006345,S004267,Willow Creek Hall,559,2024-12-24,,Active
H006346,S000435,Willow Creek Hall,566,2024-06-02,2024-11-12,Moved Out
H006347,S000626,Riverbend Hall,255,2025-12-21,2026-07-07,Moved Out
H006348,S006537,Founders Hall,325,2024-03-08,2024-05-23,Moved Out
H006349,S009524,Birchwood Hall,430,2026-04-06,,Active
H006350,S007683,Harborview Hall,270,2026-08-27,,Active
H006351,S002646,Highland Hall,491,2024-07-24,,Active
H006352,S000306,Birchwood Hall,508,2024-03-08,,Active
H006353,S001241,Northgate Hall,316,2024-12-06,2025-07-13,Moved Out
H006354,S002012,Sunrise Commons,573,2024-06-03,,Active
H006355,S001681,Willow Creek Hall,540,2024-04-08,,Active
H006356,S002044,Sunrise Commons,455,2026-03-05,,Active
H006357,S008394,Maple Ridge Hall,541,2024-09-01,,Active
H006358,S007924,Meadowbrook Hall,426,2025-11-09,2026-06-09,Moved Out
H006359,S000637,Cedar Crest Hall,472,2023-09-04,2024-03-29,Moved Out
H006360,S002929,Cedar Crest Hall,181,2025-10-04,,Active
H006361,S002983,Cedar Crest Hall,462,2025-10-22,,Active
H006362,S004974,Highland Hall,594,2024-04-15,,Active
H006363,S004671,Sunrise Commons,178,2025-09-09,,Active
H006364,S008248,Harborview Hall,193,2024-09-19,,Active
H006365,S009069,Summit House,144,2023-09-18,2024-04-30,Moved Out
H006366,S006305,Riverbend Hall,506,2026-01-10,,Pending Assignment
H006367,S001084,Lakeside Terrace,149,2026-08-09,,Active
H006368,S008011,Bellview Hall,373,2025-05-16,,Pending Assignment
H006369,S009219,Riverbend Hall,173,2024-10-10,2024-12-17,Moved Out
H006370,S004567,Northgate Hall,121,2027-01-19,,Active
H006371,S000639,Meadowbrook Hall,494,2024-11-27,2025-07-16,Moved Out
H006372,S001818,Aspen Court,471,2026-08-20,,Active
H006373,S000869,Sunrise Commons,501,2024-06-07,,Active
H006374,S000928,Sunrise Commons,364,2025-06-09,,Pending Assignment
H006375,S008939,Sunrise Commons,471,2025-02-08,2025-10-01,Moved Out
H006376,S008077,Willow Creek Hall,147,2025-12-30,2026-04-19,Moved Out
H006377,S005384,Harborview Hall,132,2025-09-25,,Active
H006378,S005492,Sunrise Commons,330,2024-11-08,,Active
H006379,S006582,Birchwood Hall,269,2023-10-13,,Active
H006380,S006543,Northgate Hall,163,2024-09-14,,Active
H006381,S008804,Riverbend Hall,423,2026-04-21,2026-08-20,Moved Out
H006382,S002141,Lakeside Terrace,115,2025-10-22,2026-03-27,Moved Out
H006383,S004697,Founders Hall,511,2024-12-18,,Active
H006384,S008316,Maple Ridge Hall,319,2026-07-08,2026-08-20,Moved Out
H006385,S002597,Harborview Hall,123,2025-01-13,,Active
H006386,S008446,Aspen Court,564,2026-03-10,,Active
H006387,S002769,Aspen Court,450,2024-06-01,,Active
H006388,S008327,Willow Creek Hall,490,2025-07-21,,Active
H006389,S008328,Founders Hall,519,2024-09-28,,Active
H006390,S005211,Meadowbrook Hall,334,2024-10-08,,Active
H006391,S005902,Sunrise Commons,491,2024-07-20,,Active
H006392,S002512,Riverbend Hall,227,2024-01-23,,Active
H006393,S004445,Summit House,199,2026-05-17,,Active
H006394,S009050,Riverbend Hall,131,2025-01-31,,Active
H006395,S000585,Cedar Crest Hall,591,2024-07-14,,Active
H006396,S005855,Birchwood Hall,478,2024-05-24,,Active
H006397,S000952,Riverbend Hall,355,2024-12-31,,Active
H006398,S008775,Lakeside Terrace,228,2024-08-03,,Active
H006399,S003963,Meadowbrook Hall,275,2024-12-05,,Active
H006400,S002061,Lakeside Terrace,166,2023-11-30,2024-08-06,Moved Out
H006401,S004410,Highland Hall,352,2024-12-28,,Active
H006402,S005215,Cedar Crest Hall,289,2023-11-20,2024-02-01,Moved Out
H006403,S006820,Northgate Hall,408,2024-01-24,2024-04-05,Moved Out
H006404,S008762,Cedar Crest Hall,135,2026-01-09,,Active
H006405,S002313,Willow Creek Hall,512,2024-02-28,,Pending Assignment
H006406,S000479,Riverbend Hall,369,2024-03-16,,Active
H006407,S004771,Aspen Court,259,2024-01-02,,Active
H006408,S006042,Highland Hall,158,2025-04-26,2025-12-07,Moved Out
H006409,S002059,Founders Hall,517,2024-01-31,,Pending Assignment
H006410,S000612,Sunrise Commons,133,2023-08-02,,Pending Assignment
H006411,S001194,Bellview Hall,117,2025-08-30,2026-06-14,Moved Out
H006412,S000635,Lakeside Terrace,554,2024-09-07,,Active
H006413,S004030,Summit House,187,2026-06-15,,Active
H006414,S004611,Meadowbrook Hall,341,2024-06-11,,Active
H006415,S009261,Lakeside Terrace,480,2025-02-26,,Active
H006416,S008656,Meadowbrook Hall,438,2025-11-16,2026-02-22,Moved Out
H006417,S001978,Lakeside Terrace,277,2025-02-07,,Active
H006418,S000288,Cedar Crest Hall,449,2024-04-25,,Active
H006419,S009950,Riverbend Hall,175,2024-08-22,,Pending Assignment
H006420,S008056,Lakeside Terrace,447,2024-09-23,,Active
H006421,S004060,Lakeside Terrace,564,2024-02-16,,Active
H006422,S003395,Riverbend Hall,229,2023-09-26,,Active
H006423,S001200,Northgate Hall,201,2023-10-02,2024-02-12,Moved Out
H006424,S006028,Birchwood Hall,311,2026-06-08,,Active
H006425,S001929,Summit House,375,2024-02-05,,Active
H006426,S003191,Bellview Hall,541,2023-08-22,,Active
H006427,S004177,Bellview Hall,456,2024-12-12,,Active
H006428,S009490,Northgate Hall,565,2024-11-02,,Active
H006429,S009795,Bellview Hall,455,2024-03-01,,Active
H006430,S008199,Lakeside Terrace,533,2025-02-28,,Active
H006431,S001453,Northgate Hall,300,2025-08-13,2025-11-06,Moved Out
H006432,S007901,Sunrise Commons,397,2024-05-07,2024-11-30,Moved Out
H006433,S005987,Maple Ridge Hall,273,2024-08-26,2024-11-10,Moved Out
H006434,S009324,Birchwood Hall,171,2024-03-01,2024-09-27,Moved Out
H006435,S008988,Riverbend Hall,527,2023-11-23,,Active
H006436,S005986,Northgate Hall,270,2026-03-19,,Active
H006437,S007296,Bellview Hall,486,2023-09-19,,Active
H006438,S004730,Lakeside Terrace,453,2023-11-09,2024-06-17,Moved Out
H006439,S001509,Harborview Hall,548,2025-01-22,,Active
H006440,S008784,Aspen Court,477,2023-08-14,,Active
H006441,S006951,Summit House,536,2025-02-02,,Active
H006442,S006554,Highland Hall,419,2023-12-04,,Active
H006443,S007015,Meadowbrook Hall,472,2026-04-13,,Active
H006444,S007366,Cedar Crest Hall,577,2026-03-27,2026-08-20,Moved Out
H006445,S000542,Harborview Hall,406,2024-09-20,2025-06-16,Moved Out
H006446,S001163,Riverbend Hall,255,2024-10-17,,Active
H006447,S006877,Birchwood Hall,173,2025-04-18,,Active
H006448,S002726,Birchwood Hall,251,2024-12-29,,Active
H006449,S001725,Riverbend Hall,252,2025-05-13,,Active
H006450,S006683,Lakeside Terrace,452,2024-12-25,,Active
H006451,S004481,Northgate Hall,142,2023-11-02,,Active
H006452,S002960,Founders Hall,137,2026-03-15,,Active
H006453,S002843,Willow Creek Hall,403,2024-10-30,,Active
H006454,S000151,Summit House,105,2025-03-30,2025-12-12,Moved Out
H006455,S005098,Cedar Crest Hall,367,2024-05-18,2025-01-25,Moved Out
H006456,S005170,Lakeside Terrace,556,2025-11-13,2026-08-20,Moved Out
H006457,S008729,Northgate Hall,575,2025-09-07,2026-01-22,Moved Out
H006458,S007258,Lakeside Terrace,234,2026-07-03,,Active
H006459,S005444,Highland Hall,405,2023-12-18,,Active
H006460,S000859,Riverbend Hall,320,2024-10-09,2025-07-18,Moved Out
H006461,S003420,Founders Hall,526,2026-03-13,,Active
H006462,S002508,Summit House,426,2025-07-01,2026-03-03,Moved Out
H006463,S004137,Meadowbrook Hall,193,2025-03-17,2025-06-26,Moved Out
H006464,S006630,Summit House,535,2026-03-29,2026-06-05,Moved Out
H006465,S003323,Cedar Crest Hall,182,2026-04-06,,Active
H006466,S002195,Cedar Crest Hall,393,2024-01-16,,Active
H006467,S000882,Willow Creek Hall,265,2024-05-06,,Active
H006468,S000491,Maple Ridge Hall,358,2025-10-15,,Active
H006469,S002318,Sunrise Commons,507,2024-10-13,2025-07-19,Moved Out
H006470,S001689,Bellview Hall,245,2025-03-02,,Active
H006471,S005941,Harborview Hall,185,2025-10-04,2026-05-24,Moved Out
H006472,S007598,Bellview Hall,528,2024-06-21,2024-10-11,Moved Out
H006473,S001578,Willow Creek Hall,275,2023-10-20,2024-08-15,Moved Out
H006474,S005307,Founders Hall,172,2024-02-16,,Active
H006475,S005222,Bellview Hall,256,2025-09-08,,Active
H006476,S001675,Highland Hall,223,2026-03-09,,Active
H006477,S008280,Willow Creek Hall,476,2023-11-10,,Pending Assignment
H006478,S001030,Riverbend Hall,395,2026-02-05,,Active
H006479,S007228,Highland Hall,184,2023-10-03,,Active
H006480,S005204,Founders Hall,459,2024-02-08,,Active
H006481,S003525,Founders Hall,242,2025-01-06,,Active
H006482,S001840,Lakeside Terrace,123,2024-08-25,,Active
H006483,S001512,Founders Hall,383,2024-03-22,,Active
H006484,S003172,Founders Hall,451,2025-05-13,,Active
H006485,S000561,Northgate Hall,311,2025-09-17,,Active
H006486,S004651,Harborview Hall,574,2023-11-28,,Active
H006487,S007607,Lakeside Terrace,273,2024-06-12,2024-08-16,Moved Out
H006488,S008297,Northgate Hall,127,2025-04-29,,Active
H006489,S002330,Willow Creek Hall,328,2024-09-30,2025-01-30,Moved Out
H006490,S009761,Lakeside Terrace,561,2023-10-10,,Active
H006491,S005033,Founders Hall,179,2023-10-30,,Active
H006492,S009033,Highland Hall,162,2024-12-30,2025-08-24,Moved Out
H006493,S005628,Maple Ridge Hall,245,2026-08-03,2026-08-20,Moved Out
H006494,S004887,Founders Hall,256,2026-03-18,2026-07-19,Moved Out
H006495,S005023,Summit House,357,2026-04-16,,Active
H006496,S007683,Sunrise Commons,358,2026-02-13,2026-05-29,Moved Out
H006497,S008359,Summit House,140,2024-10-25,,Active
H006498,S005586,Northgate Hall,332,2024-08-14,2025-05-15,Moved Out
H006499,S007293,Meadowbrook Hall,523,2025-02-21,,Active
H006500,S001284,Founders Hall,353,2023-12-23,,Active
H006501,S006095,Aspen Court,257,2025-04-11,,Active
H006502,S009899,Harborview Hall,176,2026-03-30,,Active
H006503,S007557,Riverbend Hall,587,2025-07-10,,Pending Assignment
H006504,S006056,Northgate Hall,222,2024-07-16,,Active
H006505,S001783,Founders Hall,234,2026-01-19,,Active
H006506,S000282,Cedar Crest Hall,151,2023-09-09,,Active
H006507,S008206,Meadowbrook Hall,263,2026-08-19,,Pending Assignment
H006508,S009270,Highland Hall,588,2026-08-09,,Active
H006509,S005939,Harborview Hall,443,2024-05-18,,Pending Assignment
H006510,S007546,Cedar Crest Hall,572,2024-09-21,,Active
H006511,S009799,Sunrise Commons,189,2025-02-24,,Active
H006512,S009768,Bellview Hall,557,2023-11-18,2024-02-10,Moved Out
H006513,S000224,Lakeside Terrace,120,2026-06-26,,Active
H006514,S001857,Birchwood Hall,574,2025-04-27,2025-12-12,Moved Out
H006515,S006962,Founders Hall,535,2024-11-29,,Active
H006516,S000194,Birchwood Hall,114,2025-04-13,2025-10-28,Moved Out
H006517,S000242,Harborview Hall,566,2025-03-21,2025-08-19,Moved Out
H006518,S007245,Bellview Hall,504,2024-06-12,2025-01-25,Moved Out
H006519,S008977,Willow Creek Hall,419,2026-08-16,,Active
H006520,S006608,Sunrise Commons,361,2024-12-24,,Active
H006521,S003014,Northgate Hall,516,2024-07-13,,Active
H006522,S000493,Birchwood Hall,450,2026-02-14,2026-08-20,Moved Out
H006523,S000556,Northgate Hall,138,2025-09-25,,Active
H006524,S005124,Northgate Hall,295,2024-09-24,,Active
H006525,S004845,Willow Creek Hall,132,2026-04-01,,Active
H006526,S007322,Cedar Crest Hall,527,2024-11-06,,Active
H006527,S002910,Bellview Hall,473,2023-10-30,2024-02-05,Moved Out
H006528,S000036,Riverbend Hall,411,2025-04-19,,Active
H006529,S005403,Riverbend Hall,553,2024-06-11,,Active
H006530,S009058,Maple Ridge Hall,198,2024-03-24,2024-09-05,Moved Out
H006531,S007295,Birchwood Hall,274,2026-04-02,,Active
H006532,S004039,Aspen Court,353,2025-04-15,2025-08-15,Moved Out
H006533,S003156,Highland Hall,342,2025-08-09,2026-05-03,Moved Out
H006534,S009528,Riverbend Hall,112,2025-04-14,2025-11-29,Moved Out
H006535,S001430,Maple Ridge Hall,440,2025-01-06,,Active
H006536,S006292,Meadowbrook Hall,230,2026-04-30,,Active
H006537,S004455,Aspen Court,446,2024-02-14,,Active
H006538,S000771,Maple Ridge Hall,238,2026-04-07,2026-08-20,Moved Out
H006539,S008717,Sunrise Commons,362,2024-11-14,,Active
H006540,S004434,Riverbend Hall,250,2024-05-20,,Active
H006541,S006956,Founders Hall,387,2024-11-22,,Active
H006542,S006817,Birchwood Hall,591,2023-10-10,,Active
H006543,S004255,Summit House,168,2025-10-21,2026-05-03,Moved Out
H006544,S007550,Harborview Hall,213,2024-05-24,2024-11-13,Moved Out
H006545,S000926,Birchwood Hall,368,2024-11-11,,Active
H006546,S009377,Bellview Hall,224,2024-07-07,,Active
H006547,S005532,Sunrise Commons,567,2025-08-21,2026-01-31,Moved Out
H006548,S005687,Northgate Hall,257,2024-11-18,,Active
H006549,S009222,Founders Hall,597,2023-12-28,,Pending Assignment
H006550,S006835,Cedar Crest Hall,300,2025-06-22,,Active
H006551,S008056,Willow Creek Hall,212,2025-03-24,2025-12-22,Moved Out
H006552,S003254,Maple Ridge Hall,510,2026-08-16,,Active
H006553,S005154,Maple Ridge Hall,136,2024-05-20,,Active
H006554,S008066,Lakeside Terrace,106,2025-10-04,,Active
H006555,S008443,Aspen Court,109,2025-03-30,2025-12-05,Moved Out
H006556,S007912,Founders Hall,165,2025-10-30,,Active
H006557,S000103,Summit House,272,2025-03-20,,Active
H006558,S003652,Meadowbrook Hall,279,2024-05-31,,Active
H006559,S004913,Aspen Court,188,2025-11-20,,Active
H006560,S002005,Bellview Hall,161,2025-12-26,,Active
